100000
914 467
605 581
876 879
604 452
239 613
644 874
795 722
367 545
194 95
663 946
892 12
532 402
311 798
374 278
670 640
438 809
512 422
696 204
474 241
995 535
494 689
90 944
345 949
280 651
234 202
120 895
145 202
747 964
890 870
773 233
88 241
742 23
977 314
958 446
498 506
470 49
375 889
230 783
374 329
71 681
267 135
973 573
242 298
931 141
366 324
715 455
235 35
25 224
610 824
517 111
183 638
912 787
817 442
1 585
153 293
967 137
40 581
131 47
187 508
9 803
938 943
989 714
805 462
865 874
947 134
665 228
264 953
882 744
616 621
448 183
350 930
559 964
392 828
276 87
883 376
117 591
467 340
910 721
485 485
736 676
753 579
481 113
992 399
889 935
988 749
54 387
731 793
435 129
471 940
283 97
203 179
422 312
183 878
453 811
856 741
484 63
270 933
88 893
410 537
539 279
864 464
581 330
382 343
210 622
446 229
990 506
743 565
303 162
552 330
981 829
8 890
677 881
745 448
216 780
955 250
465 954
603 815
654 835
702 556
73 604
256 470
613 823
74 743
399 873
766 46
110 80
275 23
955 78
551 809
5 202
52 480
894 880
146 417
637 438
526 210
952 383
673 471
260 194
505 874
990 781
531 594
316 593
441 540
488 143
210 451
795 961
758 504
702 855
362 421
797 820
201 363
927 407
834 758
149 371
319 208
204 982
875 639
79 648
530 924
495 686
474 624
111 453
158 454
1 741
152 593
450 571
317 989
866 703
845 824
207 384
599 986
544 692
355 649
297 360
281 588
873 667
354 787
726 704
719 773
623 823
55 248
788 578
470 943
371 502
226 310
54 685
96 680
138 385
161 33
65 365
969 154
658 875
533 195
327 8
268 603
522 229
752 893
78 334
339 161
806 372
316 58
880 679
991 626
55 433
910 197
743 138
29 281
392 805
605 629
89 987
958 196
277 574
609 313
340 859
730 264
387 235
318 135
365 459
112 699
970 504
365 16
12 598
33 321
404 116
72 192
442 572
35 919
39 46
459 274
689 328
234 999
549 282
37 396
780 797
664 388
236 397
936 282
280 214
645 718
850 804
230 219
903 3
665 492
922 579
462 398
35 640
172 600
999 172
284 328
460 461
389 251
191 594
934 65
337 411
618 904
100 714
157 641
637 616
347 118
917 468
471 578
728 523
418 727
787 348
485 214
341 874
486 724
369 326
634 392
291 943
787 774
457 371
728 125
465 263
615 418
565 858
168 130
129 111
103 776
4 684
567 555
301 92
903 250
430 164
511 473
703 353
855 759
161 269
773 693
517 478
672 887
276 924
620 149
730 397
566 785
620 93
104 219
468 376
772 0
785 237
330 677
340 647
225 856
427 627
177 963
149 703
230 975
469 376
91 593
712 561
619 281
572 347
923 975
96 97
495 683
143 518
760 215
260 677
7 733
980 862
534 320
91 483
625 236
834 681
850 531
851 58
309 584
48 617
968 831
73 366
371 986
399 646
692 885
647 314
931 437
837 347
861 828
84 433
466 102
776 175
270 74
76 978
643 226
355 765
358 414
448 18
395 415
474 285
545 727
155 764
982 889
56 517
10 752
598 346
699 639
641 601
875 843
635 627
418 502
903 954
61 234
246 472
144 996
208 609
625 244
104 131
807 870
255 459
851 284
969 546
436 374
668 23
125 639
48 624
471 651
438 772
725 298
185 764
513 560
835 274
123 266
431 970
762 323
616 476
179 483
77 466
657 550
583 542
468 555
789 158
184 475
50 464
265 429
753 589
811 766
502 546
202 27
929 99
777 221
953 129
65 797
347 288
106 353
689 525
842 768
77 408
996 528
82 537
433 372
997 993
796 681
713 722
380 576
744 149
389 565
278 923
21 848
641 928
490 1000
248 385
750 479
332 951
147 255
942 98
75 959
288 852
211 170
729 734
887 474
545 662
145 930
624 349
362 283
816 846
610 289
815 624
299 799
714 605
799 375
591 570
82 530
254 541
78 969
358 539
747 167
473 595
309 188
971 144
399 856
884 176
433 325
615 915
102 980
225 532
794 29
394 323
667 153
531 801
219 36
367 203
629 259
271 508
375 63
171 314
404 745
877 888
532 843
178 810
393 704
259 431
265 280
196 769
636 319
59 621
995 909
38 458
678 926
687 787
124 689
428 236
174 887
573 94
483 846
765 926
634 582
322 430
396 995
479 484
809 243
426 938
975 510
218 71
819 741
874 902
67 507
798 687
122 688
390 766
696 998
953 393
599 435
538 273
444 371
301 715
684 314
584 844
322 506
726 942
263 116
150 659
475 569
806 350
739 135
848 426
524 868
194 925
834 337
925 388
996 278
251 408
98 190
848 943
366 261
906 31
62 687
130 729
552 319
859 223
804 149
62 305
157 561
126 629
397 179
716 922
814 260
271 690
914 639
341 973
109 237
779 756
613 875
683 471
985 457
716 541
740 4
41 705
54 35
126 78
981 412
838 584
682 495
109 355
269 201
946 607
887 323
588 68
86 334
184 853
524 156
891 608
546 285
817 195
827 724
231 12
327 781
299 514
456 24
783 242
483 268
330 364
474 938
170 408
338 939
27 907
780 826
13 383
431 302
760 844
975 735
121 57
748 536
557 321
659 139
809 165
48 376
485 709
429 487
247 783
689 526
255 309
445 596
826 735
832 590
966 833
995 112
205 297
989 112
944 226
750 448
42 20
410 378
518 889
105 655
971 474
973 503
544 474
321 771
718 226
673 400
270 235
156 413
45 651
574 887
529 455
334 350
107 389
1 367
768 404
8 852
409 71
851 609
455 485
643 20
815 365
485 66
0 738
714 350
247 650
613 489
986 375
328 348
974 747
416 73
31 215
552 840
420 288
274 859
210 101
765 670
215 422
900 127
977 659
890 728
592 413
64 802
52 957
674 458
815 379
620 153
570 475
299 20
283 401
286 897
747 59
903 37
557 289
106 819
256 886
761 516
302 241
675 8
687 64
347 640
997 864
628 853
728 951
313 701
233 879
213 339
224 154
670 305
991 889
185 90
239 331
103 819
584 432
735 219
164 775
118 747
978 929
570 485
462 470
44 476
328 595
242 454
95 962
457 473
532 152
910 629
277 804
64 924
929 16
442 722
391 164
522 327
772 957
5 937
372 537
851 539
741 581
474 626
569 678
630 846
976 20
874 405
942 251
130 820
702 427
223 27
668 992
326 518
788 306
849 758
326 993
68 620
280 810
88 597
180 779
159 12
33 290
115 612
374 786
485 169
839 788
582 694
816 140
503 20
339 992
841 453
659 994
692 574
380 216
929 144
328 49
988 917
631 707
45 798
846 683
870 518
892 938
359 238
727 156
87 392
307 409
426 723
68 511
284 259
951 32
715 576
980 231
973 86
430 538
968 456
67 94
95 971
891 249
414 696
39 2
907 997
378 862
957 763
814 476
793 306
64 962
638 617
543 322
629 636
491 602
428 147
228 480
453 371
609 111
93 307
974 423
432 313
708 70
433 583
424 245
899 882
912 127
839 55
361 224
109 757
518 734
307 932
409 663
783 453
746 373
112 559
726 623
808 624
414 730
321 746
290 491
130 357
313 779
969 256
187 650
992 190
61 418
706 974
768 107
976 922
521 914
420 453
596 275
200 914
941 314
227 229
322 435
737 162
638 445
201 20
132 948
497 872
331 45
629 623
904 295
102 749
405 4
398 522
832 521
117 756
801 306
860 199
216 247
505 891
657 397
900 23
577 786
408 17
109 312
121 156
844 185
998 966
780 172
970 565
704 5
370 606
397 238
272 42
444 780
86 7
579 392
455 258
144 58
12 346
356 564
132 463
732 660
326 459
863 167
459 915
120 816
342 538
61 387
802 40
1 689
254 518
51 859
624 557
606 418
714 502
730 806
337 859
691 304
322 369
330 854
689 733
106 87
306 55
489 879
654 321
128 614
449 909
443 62
235 168
652 818
957 85
611 715
134 215
907 441
427 560
34 229
722 922
479 865
445 131
205 557
863 611
801 736
970 682
237 446
799 843
981 849
282 374
505 696
862 383
350 893
416 686
317 410
777 172
41 641
129 467
795 743
448 424
640 923
538 684
231 854
363 181
685 214
796 292
504 43
30 929
220 300
204 506
112 357
754 974
933 267
561 107
686 134
357 163
327 210
699 230
971 539
585 425
456 900
241 465
998 827
612 744
444 719
679 617
978 613
648 161
427 946
161 385
241 283
84 667
523 629
909 910
937 266
279 619
897 266
120 84
369 581
461 753
587 770
207 730
915 335
109 806
702 161
727 991
517 916
613 100
773 511
629 293
464 63
796 979
459 553
885 526
441 846
936 677
174 456
381 819
594 438
472 567
810 311
166 249
884 305
634 604
524 605
582 480
683 971
900 33
268 963
169 708
34 738
886 869
215 716
186 781
496 646
57 714
704 82
351 610
24 272
753 111
407 532
623 726
868 309
507 932
700 252
130 921
931 543
270 147
719 208
107 69
396 5
817 534
994 106
566 985
671 487
193 994
379 570
123 735
585 79
788 386
17 866
864 645
258 724
337 507
151 341
995 586
787 358
188 373
562 270
276 407
925 293
853 0
767 870
934 774
407 695
562 661
590 838
791 936
775 345
656 810
445 781
571 345
838 630
35 131
856 376
641 909
440 49
19 265
903 524
59 938
530 951
710 461
874 213
786 145
549 387
660 263
954 899
940 1
939 933
855 669
609 184
617 974
528 925
414 886
262 951
102 625
812 16
25 187
301 386
765 150
794 993
298 510
212 414
299 2
663 479
915 91
105 519
844 125
36 239
14 969
780 761
740 702
726 978
871 592
500 927
741 334
101 303
843 617
111 162
221 449
754 90
28 235
340 605
478 37
779 702
569 841
37 922
785 139
869 889
617 24
76 1
424 597
238 925
918 673
900 796
919 142
796 887
552 428
85 690
355 890
853 880
603 431
890 27
56 699
994 336
622 404
513 447
182 770
652 355
513 736
519 723
693 54
241 627
322 905
147 330
313 696
930 29
810 657
312 683
779 696
462 795
85 744
71 507
564 904
192 232
470 618
178 892
996 354
108 539
628 351
774 71
9 69
28 89
164 397
895 748
444 315
15 812
899 246
911 658
776 80
185 174
693 671
1 288
500 807
388 906
383 569
840 31
225 884
460 828
746 328
793 887
978 936
373 533
190 626
615 902
318 87
270 119
537 442
834 494
526 988
585 322
814 224
696 709
659 932
783 27
200 162
110 191
856 546
306 908
504 298
480 169
797 289
520 463
343 805
392 714
659 961
554 419
223 480
745 630
497 150
921 450
69 700
804 382
588 844
827 764
156 35
407 419
527 494
623 744
494 1
896 981
381 199
966 310
471 913
715 453
742 988
309 582
349 341
212 477
199 406
639 177
920 567
511 526
645 21
60 410
580 279
26 314
384 11
759 958
141 714
860 349
118 118
387 390
183 612
708 893
828 671
400 188
384 237
47 79
252 916
492 794
131 625
283 404
112 897
301 458
449 538
95 404
791 122
87 527
586 150
614 292
4 503
584 930
83 858
531 240
953 60
281 73
203 645
233 291
119 567
926 872
169 481
855 936
600 877
653 348
823 227
336 192
128 49
180 497
308 646
925 291
403 645
205 13
156 595
386 23
850 793
789 40
648 408
640 263
958 766
631 792
420 353
417 645
94 496
769 996
963 899
975 888
642 51
66 916
893 577
612 387
938 177
600 628
541 350
801 92
599 38
366 499
269 22
845 360
626 738
895 93
992 660
463 367
606 834
561 891
225 974
295 256
145 427
824 322
106 588
701 390
445 463
784 962
992 807
361 176
994 397
703 896
224 920
189 103
184 586
874 765
81 988
42 215
281 199
211 756
932 876
43 318
287 150
522 780
928 661
248 486
10 910
217 230
608 215
44 573
763 254
904 689
108 94
80 818
51 717
222 8
469 654
868 748
857 486
30 340
647 505
501 953
889 714
900 8
238 992
29 169
734 451
731 704
943 634
687 640
511 48
464 510
604 878
325 254
944 941
683 951
2 927
877 694
483 691
433 29
866 104
107 978
133 606
203 961
406 359
93 165
864 408
63 64
949 468
126 522
538 992
228 796
417 300
303 236
314 810
659 780
203 450
29 564
788 457
811 471
395 819
222 889
485 988
624 84
453 325
776 561
402 571
835 141
471 978
670 961
906 997
898 298
635 157
846 429
612 656
109 434
235 164
908 874
147 578
815 693
327 429
641 688
669 59
448 115
904 768
307 626
329 124
399 714
371 545
738 731
584 152
804 194
181 868
731 992
999 183
873 511
619 949
929 323
937 108
958 351
173 371
342 50
613 493
632 756
976 250
870 233
212 986
937 671
682 496
658 629
31 765
429 47
837 900
100 489
467 743
137 158
514 771
536 809
312 396
133 278
266 488
51 799
610 398
299 862
530 143
760 127
27 519
840 673
38 103
146 815
942 18
601 52
706 439
965 66
832 851
345 82
397 360
450 494
840 692
460 31
173 777
369 514
35 895
131 250
860 851
981 27
553 673
899 674
263 25
385 803
986 628
446 596
865 465
539 912
805 129
920 58
999 73
215 620
76 222
763 157
302 642
78 523
645 239
840 611
128 972
50 976
76 424
637 935
429 664
511 212
800 436
833 904
509 543
757 362
888 714
413 792
372 668
339 349
841 743
667 545
391 290
218 246
911 548
93 669
717 506
14 655
774 321
702 332
37 807
991 872
267 2
897 387
306 642
250 193
959 713
170 72
179 934
529 639
918 427
460 994
453 426
677 410
377 971
668 990
758 477
300 112
746 558
252 359
935 21
816 623
879 955
808 466
156 188
400 421
388 686
646 335
142 750
21 270
409 506
588 878
125 149
903 332
412 886
250 371
756 851
503 504
573 945
898 539
634 152
40 380
470 611
843 692
859 663
473 63
839 631
1000 935
743 278
823 501
985 363
815 526
464 25
163 963
980 814
884 920
302 580
986 651
108 472
409 100
533 710
613 518
29 976
885 712
517 191
903 27
312 487
471 666
878 521
686 430
543 976
675 201
782 751
767 519
712 478
475 818
721 574
472 140
899 501
430 296
461 938
243 422
60 676
145 375
371 429
144 883
996 795
608 190
62 466
569 633
229 162
35 440
486 339
34 964
438 328
522 186
929 792
697 255
793 513
692 350
274 650
924 420
213 881
641 893
310 999
399 946
203 545
884 61
578 87
766 497
683 476
596 640
475 792
962 927
329 56
760 500
674 82
903 284
39 804
780 35
391 45
80 396
3 41
710 692
208 802
71 150
620 714
720 627
310 933
413 615
490 217
153 543
175 5
950 927
916 195
878 62
337 251
678 182
584 1
853 360
688 956
37 49
974 942
778 1000
798 851
846 95
928 210
884 523
779 586
150 64
200 43
925 974
935 676
472 760
799 748
191 655
23 205
563 294
153 47
977 169
544 872
396 324
803 427
362 511
866 341
852 792
588 965
393 408
899 78
294 308
984 671
840 860
129 816
666 246
495 768
715 670
964 930
434 667
666 60
410 411
763 743
516 125
182 682
870 973
638 233
10 854
37 650
703 662
674 105
277 347
349 93
230 922
632 513
146 197
134 927
3 742
940 836
488 663
293 315
72 125
734 356
913 978
797 916
396 936
618 358
259 781
727 104
98 357
666 157
925 985
399 873
974 623
304 745
974 108
118 811
897 672
549 479
461 261
309 500
82 559
587 669
580 165
887 447
211 189
208 401
723 446
774 419
557 88
968 202
493 830
837 547
649 166
56 667
77 618
42 568
833 89
736 930
803 989
340 367
455 654
198 43
123 202
910 428
761 252
765 488
744 652
740 877
799 246
296 132
866 570
822 371
431 926
893 219
430 284
524 858
844 512
552 828
963 620
905 258
262 758
941 752
474 833
314 302
930 346
788 627
298 468
358 303
262 369
765 976
793 630
239 576
511 873
393 688
890 447
168 753
359 755
14 439
723 173
867 756
585 994
897 126
5 607
269 303
323 69
889 362
874 857
811 886
309 921
403 208
874 551
255 88
997 313
33 925
707 616
178 640
276 768
407 211
156 286
484 553
797 217
606 749
993 60
830 851
257 885
265 687
819 698
41 873
77 91
966 907
223 978
991 692
896 712
468 391
974 649
546 619
15 283
50 766
866 506
940 417
53 846
85 833
218 903
791 840
95 384
609 681
600 349
639 781
498 997
420 271
177 497
66 687
153 425
312 515
774 616
551 971
984 959
231 841
529 992
259 734
888 230
578 220
532 961
757 560
582 243
694 130
690 458
814 941
317 242
6 32
505 49
385 99
951 30
126 915
925 98
284 446
314 191
139 720
55 889
580 257
100 528
426 210
975 263
965 631
92 38
92 672
238 667
984 574
7 307
586 765
530 110
581 762
745 368
140 592
948 42
246 198
36 783
21 629
8 579
149 597
105 505
570 950
253 595
86 149
226 133
471 613
24 852
795 205
781 478
894 405
734 512
906 980
625 762
43 826
162 504
963 300
914 508
830 506
913 357
800 826
518 683
710 112
448 743
332 336
435 632
683 750
138 3
138 72
59 365
969 889
846 803
60 646
294 11
261 942
594 899
341 634
270 770
50 300
275 300
915 391
677 287
336 411
358 376
45 544
155 537
676 31
123 381
630 251
443 155
246 489
45 962
304 929
957 188
160 264
94 362
923 910
812 314
488 589
23 923
93 421
159 504
794 37
941 5
262 918
243 568
211 122
905 581
828 187
37 983
505 129
394 502
406 593
794 716
663 660
829 627
381 132
309 166
8 901
837 648
267 344
727 389
39 12
661 552
629 51
715 814
318 239
107 238
117 324
725 32
534 994
196 101
977 730
674 870
417 96
587 290
810 2
144 640
656 637
473 203
887 898
834 771
781 695
775 15
217 469
446 898
78 713
865 805
438 230
238 374
624 20
855 710
167 513
954 581
760 959
989 247
408 756
620 698
298 398
414 277
876 732
264 183
43 676
74 207
913 929
212 14
660 486
87 765
114 292
115 650
334 28
991 61
337 527
169 903
529 513
478 254
577 227
852 281
929 952
733 790
925 390
520 475
321 82
221 878
154 884
24 370
806 231
802 333
126 505
58 433
856 187
591 591
464 689
900 339
641 699
264 457
986 714
802 550
80 304
499 907
738 345
920 638
834 118
154 74
789 260
323 384
544 263
805 981
159 430
654 537
250 552
876 851
336 129
771 660
59 809
163 768
856 206
538 505
85 476
493 304
396 145
329 97
46 450
550 805
345 908
529 755
297 839
764 622
365 551
970 838
273 568
798 366
219 379
983 537
914 205
540 311
397 173
403 182
179 786
345 613
544 373
193 363
547 413
592 319
134 140
148 347
223 290
227 38
273 970
524 541
399 26
449 860
791 666
955 299
215 381
599 72
768 422
16 213
735 424
576 721
280 706
61 248
310 347
496 929
374 687
440 348
766 402
401 678
86 921
149 365
767 46
51 844
821 781
519 871
406 822
813 919
116 662
778 331
752 636
652 25
150 35
447 5
64 797
863 479
780 897
278 498
109 88
856 535
47 155
63 885
771 388
122 647
43 407
230 858
154 187
523 141
55 485
617 15
524 300
40 182
194 852
837 603
743 156
947 485
4 586
494 275
50 505
886 198
726 388
72 259
994 909
489 725
150 415
433 572
181 288
377 876
187 500
626 975
830 446
12 163
511 771
609 243
646 657
267 95
414 66
823 46
125 342
17 332
523 508
1 678
95 416
984 687
972 12
639 577
391 243
605 242
926 105
895 84
154 835
439 666
434 758
77 514
456 210
170 256
71 133
636 460
341 254
163 762
711 213
744 920
175 755
24 984
309 533
169 261
641 227
125 285
179 462
528 33
995 469
626 513
683 713
188 72
871 631
497 956
74 353
764 399
733 365
573 794
138 705
812 189
244 975
344 807
557 718
901 203
618 79
791 460
229 942
986 382
964 664
686 423
366 278
697 212
264 242
622 370
785 692
888 84
637 233
561 609
796 703
658 741
865 527
769 537
947 199
77 140
148 558
294 632
225 761
213 673
335 122
438 254
484 816
383 663
57 397
965 332
232 886
245 651
166 622
145 743
167 810
294 271
455 33
817 764
33 534
310 498
159 416
789 570
133 456
127 264
17 414
259 707
868 58
757 451
464 895
35 457
391 710
199 171
520 292
518 970
414 854
451 426
288 22
610 572
41 680
741 818
330 502
287 705
362 757
698 338
986 642
870 163
681 942
120 710
808 677
57 341
854 677
842 918
141 665
729 213
225 843
746 131
844 249
130 879
137 361
751 365
345 110
321 198
841 623
160 586
147 412
470 93
42 241
583 633
560 903
795 766
340 658
853 240
159 261
433 348
736 539
390 384
144 412
529 592
854 741
403 313
898 309
948 718
859 510
53 518
874 283
53 194
833 785
353 696
173 881
544 349
737 530
665 502
160 364
569 421
890 859
223 919
268 853
514 751
297 286
913 345
706 992
900 614
830 83
639 141
988 960
831 225
692 783
33 57
544 620
951 845
173 360
774 502
619 840
721 741
343 563
44 403
286 850
299 4
410 589
451 922
282 79
526 245
259 515
352 559
241 152
218 582
971 695
876 624
834 206
947 799
156 620
975 123
958 42
614 503
698 474
761 867
428 620
682 549
783 330
438 316
207 835
940 383
108 454
435 864
192 368
585 144
820 364
21 961
870 410
151 78
872 371
519 210
249 375
126 80
117 261
800 844
349 350
460 130
304 478
417 878
63 890
495 562
702 39
548 537
400 899
433 136
138 484
649 38
903 32
656 651
177 203
934 9
203 358
94 427
648 622
536 213
900 69
863 23
765 792
52 82
197 309
379 133
655 316
391 301
444 387
948 488
573 114
239 638
234 49
826 300
892 693
220 210
839 637
268 607
203 21
31 519
578 647
855 1
756 809
291 877
571 95
775 406
287 819
828 412
213 134
688 731
78 743
532 506
493 48
750 767
660 197
746 412
342 980
293 605
43 505
503 56
272 51
702 397
125 908
508 770
406 472
475 190
337 146
251 781
412 54
918 437
128 799
19 508
157 577
478 300
216 737
870 394
59 531
442 913
47 367
119 633
380 827
277 66
692 949
70 597
605 72
299 176
336 924
3 749
401 876
896 784
634 271
567 687
52 777
555 437
43 413
669 868
668 999
768 932
154 262
297 600
681 133
637 719
41 199
128 292
622 629
298 89
106 787
676 552
279 394
38 567
764 801
258 519
138 641
21 114
237 495
410 551
86 886
343 254
825 429
668 459
799 110
696 786
104 588
137 930
999 211
6 602
679 492
443 325
721 209
115 721
36 941
134 744
520 211
88 702
965 553
507 368
519 513
481 181
390 58
153 82
527 317
912 634
506 562
397 355
478 238
84 238
828 951
110 707
558 59
197 222
418 833
931 855
861 170
626 508
945 829
469 840
321 313
586 202
723 148
370 235
539 525
438 964
311 642
163 997
849 417
301 88
807 633
369 101
934 791
695 991
928 215
998 768
916 866
254 259
494 123
470 326
724 769
24 765
416 732
164 531
8 800
303 425
524 551
843 747
877 309
218 63
135 866
897 223
923 108
851 171
559 179
406 19
701 675
889 465
725 809
884 629
36 710
592 400
62 697
269 29
437 517
278 295
742 168
264 875
75 901
826 495
861 698
470 423
941 864
583 118
48 611
72 935
266 754
197 112
469 267
168 530
730 917
269 605
739 835
760 40
590 314
713 803
558 41
159 987
740 701
425 564
251 258
336 485
683 731
500 200
250 366
397 244
148 135
985 424
604 718
924 492
819 859
645 658
579 919
782 784
811 5
246 787
445 986
933 130
561 668
164 867
736 130
761 202
93 874
816 640
519 954
830 723
25 878
489 50
921 860
804 880
125 167
972 274
649 737
246 366
378 271
687 37
522 971
598 706
398 816
845 408
955 796
333 912
929 737
405 440
639 366
682 554
312 939
599 317
779 787
57 535
47 665
405 81
933 761
146 898
228 153
188 910
491 449
722 940
956 558
285 969
576 774
652 234
651 451
307 556
824 71
808 591
156 663
1000 542
848 250
697 775
588 670
477 315
694 351
789 119
384 436
739 116
993 126
23 760
381 605
730 718
792 547
174 729
789 568
89 44
541 640
123 977
257 502
788 73
481 323
766 824
982 345
710 568
261 216
757 709
68 143
646 883
792 452
760 409
855 907
503 473
279 634
349 431
30 271
232 285
443 95
295 41
318 755
986 289
276 597
391 847
301 599
188 608
164 470
256 594
262 938
199 715
112 554
158 836
525 269
4 702
556 513
799 225
520 951
164 4
550 581
718 50
627 692
523 175
147 999
202 678
207 106
287 216
403 218
925 312
463 796
172 108
493 379
740 958
214 226
420 308
12 368
683 48
867 546
954 258
10 859
301 861
292 11
557 918
318 637
706 383
792 900
709 928
457 493
531 145
9 45
500 452
117 723
523 129
665 723
544 298
271 705
969 66
336 483
484 927
967 49
511 534
600 878
180 755
350 672
823 337
246 477
147 970
225 552
408 877
329 908
862 214
209 765
557 864
297 471
147 12
105 347
501 143
85 8
342 761
822 221
935 336
942 316
534 936
326 881
896 615
847 807
119 314
14 579
967 12
54 757
334 902
791 580
373 808
980 601
363 929
217 534
404 235
22 558
329 183
37 516
131 600
394 322
111 313
247 275
579 660
311 841
818 574
866 384
259 552
342 632
136 326
276 309
566 911
470 137
515 619
580 68
672 912
146 923
764 287
765 699
394 796
691 992
413 312
861 806
170 306
318 494
582 575
850 985
564 369
914 46
200 949
610 44
186 706
67 213
809 246
43 753
161 840
966 103
686 272
852 94
50 134
520 635
586 409
958 798
265 677
657 832
989 968
698 14
939 905
107 677
294 370
23 939
831 35
983 563
811 942
448 780
269 642
88 36
235 894
37 954
550 224
875 930
151 659
254 188
557 954
133 567
18 756
570 751
566 499
528 796
415 272
295 307
963 848
514 863
591 820
348 331
490 149
700 749
423 15
415 811
873 416
600 771
244 535
673 714
29 718
829 601
647 445
869 334
449 842
689 551
593 973
137 20
768 608
497 17
977 79
411 346
554 864
438 886
162 864
814 80
333 731
811 375
217 240
893 740
915 654
283 942
950 162
706 108
246 500
823 627
207 282
213 356
914 228
127 876
796 574
299 159
431 406
245 409
884 938
685 827
974 396
319 737
733 633
66 415
708 914
159 94
36 302
816 63
629 777
38 273
31 770
897 384
362 537
616 821
565 476
706 678
119 777
628 30
384 597
205 719
593 691
603 90
682 363
754 846
195 156
73 565
607 749
875 155
107 62
807 456
670 6
899 352
201 160
298 863
455 827
130 630
429 166
356 97
64 700
184 57
429 437
852 470
983 868
82 203
723 923
6 615
331 660
836 43
717 152
136 969
29 497
831 977
162 810
303 262
452 174
493 440
694 693
859 589
868 503
585 385
19 524
280 170
665 27
229 498
85 707
657 881
531 555
519 208
840 160
464 329
586 537
607 809
704 745
486 650
481 20
529 315
905 931
853 799
938 635
961 799
484 157
831 200
996 643
179 523
370 363
592 390
882 965
703 745
326 801
400 587
136 718
771 45
29 112
989 901
929 167
43 71
849 242
834 185
129 352
947 197
922 110
228 488
965 945
675 160
434 651
637 857
559 450
572 372
301 742
247 368
652 477
619 810
508 319
630 279
613 502
917 10
223 126
176 358
554 892
20 830
376 645
92 555
395 276
243 801
117 777
589 96
294 107
202 530
970 717
609 615
328 320
503 857
663 777
442 628
645 184
171 873
105 630
138 69
24 819
70 318
207 90
53 972
958 677
343 171
664 943
371 869
1 358
426 205
604 651
99 658
980 112
833 377
552 95
780 226
476 404
493 683
276 287
786 439
939 55
745 98
838 512
402 349
366 692
710 738
918 887
147 266
133 112
630 530
837 131
844 170
783 124
198 631
47 285
249 873
833 406
142 62
394 82
671 330
490 338
526 815
625 385
129 340
877 256
756 435
331 459
957 873
297 70
338 458
672 109
326 624
125 12
316 921
389 116
520 209
515 727
327 123
646 74
207 855
904 415
634 730
375 779
97 511
666 742
960 74
668 378
395 696
401 516
982 485
140 535
224 433
376 853
309 841
366 140
359 77
450 248
213 350
743 63
167 237
487 659
952 308
336 75
71 326
733 676
10 518
695 703
408 939
414 932
877 413
170 319
469 933
340 533
479 141
952 18
990 42
39 417
921 537
551 168
639 756
807 385
758 555
41 590
633 329
414 831
551 950
485 946
792 248
747 350
358 435
209 371
504 734
283 804
310 607
945 397
652 806
152 647
899 308
930 394
352 929
367 949
720 406
982 975
90 739
436 345
341 91
695 313
882 978
428 284
666 835
220 406
647 625
423 19
687 812
189 375
772 529
79 742
365 79
976 82
182 598
164 719
297 396
810 494
41 180
723 158
968 456
982 274
64 76
574 694
87 498
355 419
83 290
972 11
570 535
767 622
948 100
986 443
561 607
534 203
94 884
911 590
608 982
220 603
363 363
423 795
884 668
260 781
470 663
82 395
471 443
931 221
695 794
78 285
248 841
172 515
102 806
993 395
857 375
564 703
71 966
540 98
3 116
361 775
145 778
328 402
273 243
849 377
57 801
88 923
277 52
116 985
306 5
278 106
439 853
648 547
871 648
710 378
476 659
582 803
884 876
766 345
354 374
509 389
692 558
136 95
975 122
594 164
516 30
639 479
716 278
251 118
195 253
547 53
115 745
532 39
999 73
507 574
700 320
635 605
761 799
358 925
988 153
909 423
314 73
558 946
320 75
310 922
445 37
80 149
99 406
749 82
259 77
837 127
286 766
896 133
106 545
201 966
999 544
738 263
585 865
27 885
851 39
795 652
648 931
66 577
274 46
490 418
264 711
118 90
138 768
598 795
675 220
777 861
545 551
792 43
202 53
920 250
322 578
897 607
289 587
41 956
319 93
489 840
821 203
848 269
117 129
289 337
160 775
977 968
939 355
40 69
279 890
625 849
776 454
432 180
633 874
586 594
637 915
513 393
868 751
449 328
836 284
575 64
324 241
813 137
119 206
497 791
943 133
201 771
3 294
131 942
399 211
588 668
724 937
253 857
967 767
240 625
708 448
357 489
941 988
2 193
937 284
108 542
482 809
832 792
771 874
856 479
120 398
128 966
277 412
997 525
693 324
339 680
183 957
477 973
108 417
3 676
538 170
494 22
307 823
30 707
421 125
497 164
475 768
610 275
275 836
334 825
372 675
0 725
694 9
942 703
790 271
482 925
552 565
187 61
739 300
971 353
422 726
394 898
622 615
915 580
763 466
31 345
478 161
62 559
487 231
585 760
10 644
740 805
237 96
865 600
704 182
976 673
725 94
618 654
702 380
990 944
80 376
839 401
647 180
628 98
597 977
719 7
410 15
737 690
263 227
285 906
285 22
275 66
522 791
237 67
910 108
511 369
646 266
170 897
251 365
472 934
6 308
185 468
881 324
161 432
405 184
541 183
151 612
599 883
433 237
598 84
341 673
460 946
538 841
25 651
362 710
25 966
336 307
218 745
49 643
18 868
864 144
889 475
876 507
231 746
890 649
840 655
852 91
569 342
815 820
424 813
191 263
917 542
710 589
136 61
591 74
484 748
502 255
114 490
628 833
715 41
964 875
688 193
251 846
181 986
22 1
584 552
262 339
600 826
113 915
708 726
307 192
870 894
867 34
478 689
208 660
989 562
9 601
506 518
292 441
1000 110
447 449
57 53
313 865
97 232
105 152
487 599
109 386
620 868
262 923
809 27
480 609
827 551
770 474
175 706
734 593
987 189
342 896
557 397
851 236
419 119
926 52
804 179
642 108
633 86
220 101
513 99
431 209
689 437
787 557
537 708
673 291
335 554
95 552
342 555
745 30
830 25
112 225
728 100
306 500
103 968
454 632
557 744
43 674
264 465
414 751
726 876
699 625
631 226
80 394
311 172
789 743
91 444
730 532
219 89
26 282
315 457
775 799
530 312
450 498
262 216
317 845
116 183
359 12
520 794
309 598
849 10
730 390
240 784
64 212
473 794
391 964
930 569
303 445
338 958
34 687
751 531
41 318
716 65
931 324
697 451
849 916
811 879
9 47
704 239
980 503
331 845
480 488
357 865
678 738
768 291
654 444
33 703
913 127
112 623
911 1000
821 558
768 977
415 108
722 212
847 392
697 732
676 284
307 321
666 478
441 447
771 386
947 141
124 633
722 939
779 762
175 649
135 636
981 473
167 311
829 791
186 302
833 746
600 534
285 173
336 708
318 609
14 572
388 92
498 196
635 887
86 112
479 437
912 148
713 890
374 832
455 800
944 829
247 540
320 803
245 783
914 990
623 314
595 169
47 533
284 836
350 527
566 639
739 336
53 520
713 756
623 246
4 696
681 651
838 949
924 371
173 502
640 84
713 326
116 905
399 977
260 753
926 262
584 26
247 470
848 422
861 54
548 654
837 429
454 262
944 712
930 321
789 144
352 564
159 874
808 442
915 458
630 561
337 173
317 729
889 221
241 796
901 213
233 597
779 565
218 142
978 124
97 979
586 613
925 557
991 971
605 713
382 388
882 940
844 672
162 782
224 411
976 97
401 529
464 703
836 293
899 334
875 113
245 843
117 89
946 111
511 191
384 465
848 786
878 601
358 23
11 792
498 750
860 972
94 632
378 660
543 397
203 44
646 741
638 431
641 18
754 316
524 813
476 849
929 254
746 8
6 348
296 923
419 419
429 506
993 925
105 868
913 728
966 140
25 48
96 447
619 769
213 593
127 226
581 790
789 724
14 179
172 522
377 943
230 214
10 375
97 214
968 266
431 384
426 763
710 794
124 433
258 556
626 778
914 362
992 511
670 593
831 371
700 701
297 960
367 975
721 289
683 443
300 485
159 926
73 588
710 671
129 625
984 147
272 436
495 884
33 914
741 509
562 153
195 38
589 885
12 730
923 110
198 670
908 855
6 72
815 615
395 548
42 956
991 912
646 582
475 756
384 819
902 334
184 58
637 594
432 804
676 678
518 15
966 923
591 988
931 849
810 276
371 242
740 797
200 560
670 770
888 730
608 437
318 198
555 617
39 159
650 349
259 731
138 338
833 277
656 832
32 831
445 976
302 714
922 437
702 430
324 307
697 475
211 272
579 569
809 955
643 609
659 247
128 651
660 672
946 571
25 506
801 792
404 841
344 806
662 195
647 387
149 963
716 802
71 213
65 634
519 331
95 693
533 256
28 323
738 922
829 609
208 540
768 676
32 369
292 447
621 965
419 365
378 100
647 499
908 887
983 260
215 660
786 748
908 992
539 991
897 62
344 386
994 807
229 929
768 3
89 110
197 515
367 952
70 226
653 335
49 841
199 600
879 575
834 876
949 683
903 322
501 6
205 644
505 864
367 63
285 993
999 279
690 909
191 848
948 746
198 213
773 146
92 425
716 482
72 108
414 95
536 917
40 823
466 358
185 89
1000 798
265 796
296 32
717 673
874 611
33 503
855 539
317 134
788 217
176 786
415 440
705 602
45 853
141 610
881 226
1 525
734 702
913 493
654 751
254 431
144 488
463 633
952 347
974 660
89 44
374 5
36 476
237 550
532 207
873 805
896 276
926 823
245 66
122 160
955 55
613 965
416 524
623 653
93 636
778 639
657 547
80 265
598 67
605 149
728 799
96 726
926 57
231 377
593 80
140 878
986 256
809 514
966 15
110 550
876 344
8 838
649 485
21 141
861 965
781 801
24 498
234 938
407 551
633 946
680 466
244 936
599 64
170 317
276 63
537 156
201 404
174 486
477 948
771 113
464 951
624 984
217 737
534 54
404 274
830 938
520 993
282 564
270 485
82 803
950 212
938 823
350 811
190 375
595 628
503 623
346 1000
177 189
791 197
414 432
363 336
546 930
876 291
914 408
233 692
467 508
150 733
39 930
494 157
248 304
159 195
987 141
117 517
384 293
882 58
203 243
724 117
953 20
873 394
545 848
752 606
182 408
614 995
738 201
631 23
609 505
370 664
817 406
46 677
873 213
951 817
785 566
380 632
808 381
447 446
177 59
906 921
372 493
113 437
628 113
850 149
899 825
22 630
172 981
343 901
80 654
839 314
533 231
151 253
317 693
29 864
929 798
556 394
16 102
104 255
314 970
293 188
684 177
294 770
156 809
622 329
40 711
276 912
672 874
279 686
790 483
275 834
217 764
991 414
110 899
732 228
243 739
138 981
290 548
482 333
308 948
865 938
727 805
470 632
662 476
261 171
839 431
905 470
200 942
856 513
600 615
402 939
696 571
506 496
682 163
888 471
536 922
574 576
483 310
249 274
829 761
882 565
235 814
702 215
364 767
108 11
954 940
527 384
62 489
880 288
343 627
653 343
87 24
585 69
839 321
999 539
900 716
349 381
12 489
634 175
924 204
219 206
336 223
714 676
13 34
561 666
791 315
719 669
890 96
826 256
747 485
653 208
669 193
572 636
124 810
287 686
69 844
473 54
352 402
244 20
626 826
396 530
779 810
512 67
545 150
621 463
932 101
279 358
986 807
384 747
566 652
905 630
905 414
274 191
533 69
802 74
110 597
709 530
658 654
314 562
857 56
748 999
983 642
868 320
670 540
22 704
544 168
692 941
32 550
522 584
762 442
906 49
617 500
874 111
292 880
340 201
386 768
555 184
474 495
694 306
964 148
874 148
904 333
261 71
332 29
44 941
257 956
996 353
965 653
259 203
438 907
777 142
756 773
767 793
135 77
431 63
768 957
126 947
133 177
439 251
365 138
478 410
511 573
488 41
790 186
645 93
282 103
536 679
173 320
633 761
58 163
36 495
0 753
31 757
297 501
571 22
380 292
576 720
479 914
707 137
640 969
874 89
450 398
214 511
288 744
524 121
670 201
444 663
443 558
524 75
835 715
428 912
472 101
715 866
266 408
925 143
537 795
859 119
341 925
898 658
296 385
301 227
951 123
667 124
315 520
152 380
915 940
501 639
257 596
120 526
790 94
945 618
452 186
357 446
419 762
933 246
497 736
803 60
641 10
541 7
650 538
772 647
699 700
234 463
426 556
961 554
430 307
787 963
239 117
373 734
701 468
938 264
501 130
903 906
909 494
624 467
558 423
407 817
156 812
746 746
32 687
930 224
80 300
388 275
969 72
751 767
183 525
107 437
828 795
50 625
406 958
480 262
594 476
902 404
217 112
417 914
900 389
90 359
94 803
312 590
653 637
874 158
900 211
858 37
813 855
851 816
782 446
769 426
211 457
879 214
695 847
640 968
516 995
216 99
186 647
266 33
693 608
989 317
755 21
191 283
276 369
35 379
994 677
54 380
959 935
212 748
897 696
608 171
287 102
13 987
293 806
986 860
551 590
423 694
890 320
598 491
549 670
740 972
349 711
392 20
335 925
103 903
117 949
532 587
255 67
364 185
281 589
303 720
704 426
192 144
137 196
696 741
613 869
288 106
904 710
861 663
122 709
761 748
509 937
271 297
482 951
408 858
198 631
734 900
89 613
188 596
133 470
785 6
941 356
997 132
596 341
257 198
942 627
214 849
936 451
510 560
356 269
385 389
519 438
835 137
724 971
114 302
397 469
417 920
190 867
427 96
542 61
25 364
479 524
932 626
693 508
44 386
359 20
557 713
219 222
670 886
122 984
936 466
53 136
572 581
786 889
561 115
829 85
784 652
551 99
530 496
123 351
576 619
720 305
244 275
462 991
894 737
98 668
749 180
972 963
281 824
124 201
719 62
562 445
732 70
738 943
881 268
21 222
400 248
652 125
313 320
486 958
419 433
319 606
691 319
594 514
494 472
997 357
288 646
939 257
148 852
902 249
388 208
924 541
75 636
379 942
786 956
326 564
600 465
123 396
679 612
625 210
555 255
119 732
953 268
906 233
218 57
493 689
593 893
120 362
688 58
200 913
867 26
565 373
416 277
642 845
599 41
390 933
774 493
182 789
758 354
750 83
63 328
525 320
784 81
546 18
109 5
169 636
602 908
957 367
41 549
503 596
504 205
495 848
235 814
167 624
362 660
856 193
835 529
835 80
195 795
790 775
833 190
46 13
241 644
863 264
49 867
181 671
432 367
453 536
414 33
161 593
196 68
616 202
372 412
889 502
326 806
509 65
452 345
585 917
221 845
173 664
549 721
577 110
293 417
582 365
844 503
581 86
69 822
994 34
371 949
951 393
972 189
361 274
258 760
699 786
513 860
188 700
0 908
19 579
13 320
190 912
552 681
977 849
694 58
929 7
37 214
504 354
479 993
105 517
941 719
860 110
811 124
406 865
280 921
680 824
486 547
521 443
831 489
565 231
345 871
612 65
484 767
493 523
778 264
23 594
10 372
882 82
970 617
510 59
846 15
162 710
895 636
395 710
25 624
282 615
702 620
72 386
228 432
557 352
235 82
467 730
890 419
389 175
303 548
117 597
90 608
818 835
810 782
437 686
920 858
390 310
301 370
304 207
135 39
285 977
438 327
303 998
183 665
657 737
323 907
434 295
366 792
846 396
822 721
315 910
120 371
444 314
643 830
715 801
898 415
122 850
44 953
772 477
981 608
947 744
566 336
54 739
689 380
113 285
558 374
355 820
568 970
105 249
269 938
375 691
200 582
834 609
672 992
387 82
353 26
178 385
384 14
583 337
244 747
957 506
144 745
981 757
660 275
186 862
342 114
346 46
31 120
676 520
309 132
740 486
89 74
50 51
116 290
998 353
804 704
571 18
489 274
750 992
489 935
544 872
707 718
913 736
655 927
933 567
413 935
529 545
925 909
356 926
71 448
846 946
847 909
990 42
660 537
314 194
103 47
378 515
294 856
557 73
452 768
153 185
610 964
15 105
741 835
770 651
875 926
315 109
669 6
286 812
474 526
337 304
455 205
508 408
987 450
814 316
851 467
704 954
455 595
703 515
585 396
477 376
78 528
12 120
42 299
43 775
664 67
925 122
538 815
833 775
261 788
952 697
789 834
283 840
494 62
417 175
987 304
807 872
835 335
293 303
447 37
216 791
316 167
810 302
395 925
554 411
756 928
574 583
585 21
491 331
535 308
776 961
342 496
655 543
532 619
417 328
692 268
468 446
941 838
192 54
666 204
241 45
554 839
100 57
202 974
12 269
809 226
894 100
551 318
232 680
858 610
477 483
915 100
505 563
881 962
160 187
481 746
247 946
900 360
513 755
742 585
613 984
204 539
735 638
38 457
109 830
179 242
742 45
264 393
503 91
183 404
332 92
745 811
904 278
650 382
926 793
362 881
897 432
272 54
751 508
185 614
188 686
145 975
854 538
259 99
168 502
782 125
713 945
667 655
450 672
910 985
148 640
379 275
457 738
555 735
172 25
33 670
501 773
195 610
315 159
978 381
142 579
435 999
881 931
330 896
187 828
850 382
931 625
165 989
790 439
901 551
946 439
640 930
60 252
741 582
402 995
759 89
231 338
595 459
17 885
255 240
842 166
503 670
446 45
333 952
17 892
721 477
222 223
786 705
401 813
112 907
390 320
352 841
324 931
912 455
797 475
964 830
56 298
831 322
860 149
824 885
572 418
546 800
82 39
474 618
702 868
733 659
836 131
413 275
426 499
537 679
611 995
213 490
435 511
425 275
622 964
474 214
776 695
845 552
833 111
899 123
126 10
743 492
350 998
943 85
255 865
569 219
210 944
867 369
326 610
425 264
968 576
119 977
59 418
839 628
841 312
754 745
463 586
908 398
288 709
699 890
462 375
683 731
692 58
7 415
66 730
310 20
0 768
828 530
895 38
980 566
931 437
379 687
145 403
44 614
56 417
403 325
923 685
267 364
438 86
680 487
512 340
68 357
501 110
2 929
805 223
490 575
564 908
459 763
861 369
585 484
420 614
893 41
98 497
33 376
428 116
736 5
789 253
927 492
222 692
584 780
284 732
777 934
87 658
633 563
334 922
80 792
825 838
404 789
553 879
723 703
716 912
144 549
11 545
561 761
545 116
511 957
138 583
679 535
212 805
136 191
335 406
930 796
781 922
294 966
689 608
491 31
831 404
431 158
728 315
342 459
590 616
818 464
344 995
319 163
239 421
266 232
358 67
193 350
232 46
227 517
396 884
216 921
407 207
259 230
94 833
567 892
606 782
804 151
63 647
14 481
265 496
433 792
961 511
787 413
905 648
495 598
641 214
116 293
672 756
144 314
507 637
619 628
207 753
950 900
92 278
374 562
944 435
811 477
704 867
43 72
951 760
91 611
2 391
921 308
872 614
793 38
675 806
476 749
623 535
411 33
457 688
364 757
735 939
490 76
639 50
752 12
456 265
488 822
164 901
432 354
838 623
477 935
430 606
425 578
185 522
332 202
661 697
161 897
459 755
630 340
847 392
98 928
592 729
97 866
340 852
450 848
595 698
668 890
29 631
105 917
889 308
785 321
356 804
291 931
664 105
314 607
854 707
155 600
143 307
721 789
899 650
227 397
37 13
54 128
71 294
492 347
705 420
139 318
701 706
100 305
342 145
860 249
878 81
0 741
283 879
233 445
14 336
865 633
925 896
271 424
254 785
900 979
287 644
771 152
298 974
842 885
700 982
980 123
623 282
578 854
574 593
682 689
264 700
545 832
662 293
850 2
437 122
952 92
684 101
802 9
750 499
362 145
982 398
424 879
3 781
275 488
229 342
611 727
31 828
827 87
861 790
383 10
220 337
807 812
792 318
669 308
221 755
281 200
499 898
499 785
649 701
207 654
155 945
692 171
914 360
299 580
884 323
954 140
575 879
706 696
414 614
546 333
73 337
214 889
231 131
620 250
203 586
453 748
621 886
336 826
204 863
321 3
590 428
792 908
370 173
903 804
895 878
223 142
191 747
288 565
517 708
571 505
368 879
90 392
326 241
320 576
868 21
907 89
767 646
461 265
538 156
197 895
559 132
560 30
949 501
343 757
925 924
426 412
763 39
809 179
757 619
484 175
580 901
881 771
814 631
522 343
460 737
848 991
522 682
56 474
614 515
172 394
192 21
993 574
959 433
18 442
676 210
443 712
822 575
193 355
45 33
612 669
472 500
730 905
995 897
503 822
308 850
20 118
511 973
357 196
406 869
247 426
814 776
57 681
463 621
649 38
430 127
17 231
87 214
323 177
681 364
851 152
58 390
652 380
878 433
336 345
154 543
210 427
237 673
836 397
193 287
269 449
293 973
692 226
123 873
164 866
356 179
78 746
745 472
912 891
822 157
405 937
119 127
642 590
304 816
89 296
160 484
684 159
135 189
670 440
106 892
184 448
1000 70
366 643
472 170
480 507
882 996
609 77
448 229
476 887
129 324
745 729
468 507
94 899
297 840
66 182
95 275
190 652
935 545
954 279
223 159
886 466
366 162
93 890
519 461
905 538
792 236
360 607
543 779
907 17
177 585
23 850
628 198
499 737
906 177
682 697
674 716
809 209
832 718
772 750
769 667
843 880
284 219
38 977
93 301
300 564
867 888
377 737
218 787
246 133
20 277
831 460
223 953
114 926
954 285
81 550
597 375
975 684
867 984
814 867
378 921
895 219
637 409
52 660
343 754
890 262
779 602
145 232
735 126
315 306
897 87
366 224
295 178
324 612
942 682
163 159
928 702
856 194
810 105
15 242
852 926
661 761
397 916
884 763
989 882
814 360
857 125
98 592
793 669
148 688
593 424
173 589
790 360
201 323
645 683
911 448
222 834
906 378
943 328
855 246
786 982
146 843
642 343
163 383
178 469
687 47
601 122
424 690
243 898
570 284
321 892
701 749
282 351
537 735
375 933
420 629
991 161
198 134
246 402
568 842
418 81
774 242
607 337
153 73
338 913
858 262
681 198
112 904
544 219
282 386
98 76
727 211
986 477
282 511
835 174
943 757
377 72
786 326
212 941
751 965
60 912
736 270
587 378
452 394
126 59
675 732
232 493
328 413
914 137
327 586
259 250
719 745
928 213
891 319
464 8
456 60
419 950
242 866
72 921
204 324
257 979
759 383
341 336
406 405
14 526
16 673
905 436
438 401
673 154
431 54
819 954
745 956
665 509
865 791
663 639
487 420
464 219
95 45
132 83
410 540
953 617
787 533
315 399
452 523
229 203
694 202
775 268
218 816
52 323
67 417
141 897
707 919
77 219
598 950
957 927
436 716
325 300
246 79
88 596
123 210
806 622
75 363
130 463
769 777
759 793
533 351
511 50
903 981
600 40
715 365
731 202
351 442
375 787
986 493
100 119
692 571
187 686
362 835
762 355
743 991
637 774
839 23
689 839
605 940
573 56
756 718
556 796
887 24
992 555
587 62
738 775
808 550
341 203
105 473
337 124
571 622
951 345
344 895
325 448
733 273
72 864
543 454
675 508
311 974
511 166
378 826
337 407
533 597
177 803
558 74
436 943
392 364
162 255
892 152
35 990
564 731
532 214
714 592
199 215
666 69
597 476
577 138
690 970
487 473
635 591
792 616
345 553
917 544
982 242
357 363
106 563
862 830
735 130
819 226
449 921
606 546
81 827
163 379
721 255
573 195
537 699
333 514
949 659
561 368
562 692
839 794
259 757
510 808
487 493
343 450
803 817
872 194
254 586
778 197
320 670
529 519
970 227
836 386
714 294
54 560
577 667
268 624
588 609
200 376
657 998
500 620
472 42
440 246
563 57
457 671
492 788
165 45
374 230
325 203
285 294
108 79
724 647
682 290
323 815
735 20
932 934
382 617
702 754
951 877
217 752
49 692
42 702
384 349
424 603
670 131
43 501
921 388
482 366
275 327
34 441
315 649
99 680
982 355
575 806
303 35
814 495
560 227
504 661
423 613
415 916
184 746
775 210
427 250
147 857
48 53
544 986
524 750
937 534
792 753
115 714
426 823
423 186
883 497
78 720
781 687
365 30
845 8
617 666
605 631
729 161
632 667
843 341
389 540
22 983
230 101
253 392
59 985
292 542
812 811
758 891
734 331
707 955
855 48
663 647
222 852
215 591
483 161
5 499
973 349
724 688
75 38
302 105
838 827
166 23
483 167
980 894
620 611
252 189
655 48
910 360
752 299
542 203
506 908
608 482
196 910
940 213
725 93
465 539
750 549
627 985
650 410
845 163
191 14
116 904
849 658
502 307
613 187
890 337
361 202
930 876
935 656
271 95
996 27
684 810
500 637
544 827
556 211
570 495
722 829
495 657
19 104
712 289
334 894
395 490
134 977
67 409
733 280
173 830
804 507
526 89
184 929
485 502
428 359
577 398
713 349
157 993
484 915
287 158
960 952
892 823
48 916
43 752
769 351
806 596
786 654
937 218
51 799
219 386
745 240
137 689
508 819
89 420
743 331
623 71
110 486
20 99
843 837
59 10
135 446
552 747
472 856
146 288
441 538
935 692
89 877
486 264
662 986
774 547
256 276
718 162
83 195
683 813
294 83
355 568
684 748
181 547
829 227
490 751
122 378
51 245
822 706
712 718
874 763
943 436
171 28
832 489
724 951
447 152
969 945
61 888
159 137
321 579
379 285
181 596
217 840
122 492
954 933
545 956
582 538
123 352
406 859
365 704
59 287
682 436
697 41
874 923
435 702
341 528
141 763
63 344
687 69
365 542
244 715
370 562
597 722
963 611
111 71
126 216
972 380
518 929
713 317
366 994
673 60
146 577
745 307
518 318
630 40
462 545
551 704
641 14
388 576
496 762
458 13
514 579
890 833
627 983
812 388
398 815
753 483
781 522
148 938
766 459
857 158
967 285
149 580
247 640
487 109
27 106
226 410
316 160
731 26
853 991
843 885
212 627
529 878
579 490
521 233
828 901
13 368
397 433
172 225
613 179
401 712
747 395
440 468
437 114
190 944
334 761
476 505
338 640
403 453
833 147
460 154
430 776
488 625
466 9
334 548
169 486
336 191
327 765
4 325
636 927
444 382
144 992
860 811
534 596
644 358
618 704
389 69
934 932
310 530
966 58
748 326
520 280
621 787
631 511
882 873
829 773
394 365
946 230
918 25
3 646
530 154
334 694
863 497
733 452
1000 349
705 480
399 403
222 486
238 975
234 262
684 3
183 476
8 426
255 517
874 822
860 717
99 661
434 564
551 458
430 905
267 500
935 906
501 102
313 567
192 845
377 566
768 893
49 824
364 4
35 415
3 466
156 736
141 670
188 689
44 613
682 559
110 937
71 469
464 331
640 502
978 40
668 756
288 66
812 28
722 544
108 520
913 246
862 358
913 896
418 192
424 791
560 734
614 924
184 859
89 251
126 455
443 3
700 717
192 922
317 826
330 58
400 219
687 721
692 943
883 142
550 491
202 527
579 393
772 682
96 402
902 597
498 382
136 412
477 830
641 828
138 908
151 661
691 412
302 413
136 871
261 13
667 958
138 108
596 572
903 690
938 164
212 705
375 708
416 833
237 303
298 528
343 501
504 864
790 955
519 482
171 370
33 942
258 50
192 354
297 134
332 591
113 541
194 898
68 565
427 887
543 329
793 784
91 195
104 566
538 431
616 384
356 805
256 948
357 243
944 716
750 177
594 569
481 190
288 547
438 750
305 517
124 822
592 369
824 307
117 274
410 172
50 82
224 12
982 890
577 730
163 388
597 746
270 404
860 749
451 947
573 549
122 243
842 336
385 30
584 140
700 283
379 365
912 231
90 541
794 414
789 537
106 997
215 364
814 521
692 865
264 345
360 324
236 242
809 807
784 223
978 835
419 96
554 583
992 430
32 98
665 838
775 196
761 233
857 784
255 214
112 698
302 207
537 248
223 418
730 604
145 841
610 528
761 328
988 440
536 368
613 755
165 888
833 647
747 448
71 739
789 289
566 724
352 8
320 318
740 312
33 340
627 547
314 613
690 866
768 591
445 807
823 515
946 993
653 457
668 832
391 902
568 936
896 316
13 829
348 412
955 852
398 550
130 743
727 120
842 736
765 741
480 858
173 89
382 674
595 923
502 984
320 493
476 442
970 775
920 100
421 827
36 740
530 825
933 917
153 801
154 949
413 614
121 542
316 918
717 935
413 471
458 566
464 946
919 368
86 366
869 936
72 825
899 706
751 957
154 717
533 43
13 473
77 148
880 992
727 90
34 530
573 987
11 58
527 49
226 583
250 371
284 816
2 42
996 651
891 559
623 824
953 90
427 406
324 939
750 564
96 858
9 148
645 465
324 216
238 188
963 782
373 924
928 66
1000 821
399 689
841 733
699 704
102 199
296 564
911 967
621 342
446 841
546 51
835 570
34 601
140 893
51 614
290 906
872 219
5 200
104 304
968 343
10 68
303 77
837 285
883 580
821 484
724 838
62 484
98 570
656 520
902 63
630 105
363 249
13 624
825 110
564 373
543 979
36 54
63 52
719 124
790 627
276 125
99 555
220 662
733 484
41 491
743 951
282 119
208 202
252 279
466 149
58 134
620 417
209 966
436 238
848 67
592 654
57 985
442 912
213 818
180 837
524 857
284 772
958 781
708 102
168 334
667 688
854 545
719 393
230 555
938 381
100 139
403 53
518 422
578 73
603 267
157 92
418 452
330 714
55 792
606 612
793 515
870 517
276 571
744 89
62 264
114 969
880 630
754 912
59 758
926 364
898 574
616 855
377 927
15 522
193 607
926 787
469 880
424 738
267 300
647 170
430 74
843 356
422 966
552 233
354 397
20 288
542 622
199 540
27 427
320 80
249 324
840 856
322 34
963 714
801 671
62 545
504 328
375 616
511 640
357 791
502 106
934 60
162 905
123 492
177 270
997 780
332 375
433 691
145 595
359 332
483 677
825 987
687 520
353 912
807 880
181 897
705 981
645 628
966 797
628 248
211 674
488 978
698 206
690 347
127 854
963 529
174 181
738 995
131 361
655 441
487 66
502 385
533 835
830 594
111 28
12 980
578 85
67 466
108 365
808 800
611 250
262 339
620 346
609 90
115 163
718 475
338 786
35 413
445 209
703 713
142 652
117 284
913 309
167 283
9 671
380 442
439 734
589 705
714 927
968 647
484 654
56 888
989 283
368 835
318 839
649 635
452 406
520 450
809 832
450 767
926 367
292 783
756 438
49 654
578 90
631 673
648 29
670 479
513 206
144 45
753 460
805 531
169 565
848 589
599 846
541 52
753 497
938 427
234 219
898 614
581 432
494 793
274 80
451 35
889 635
873 710
853 475
145 157
634 451
568 742
328 294
334 261
397 625
373 45
29 288
273 152
257 680
185 73
277 908
853 878
534 277
40 190
654 866
244 982
646 53
88 478
23 572
711 137
974 921
174 224
978 349
661 263
401 301
565 325
860 258
456 430
59 31
56 157
611 537
389 933
88 54
114 144
931 243
822 475
334 166
413 313
165 913
705 164
66 613
381 504
972 308
293 927
781 483
984 160
812 969
29 292
481 656
591 939
318 823
536 456
706 58
232 563
653 542
919 849
77 955
658 271
455 406
475 289
180 884
680 200
832 201
568 357
894 457
799 923
58 828
646 644
31 430
554 502
165 301
777 376
189 198
38 266
536 330
874 260
702 421
583 384
94 47
728 405
408 964
686 295
741 129
45 261
784 204
910 771
257 745
630 710
826 321
411 861
104 911
80 684
936 7
728 721
25 198
446 328
177 99
311 63
438 881
155 527
560 326
94 145
290 397
916 70
82 288
12 489
445 706
284 954
0 797
103 465
269 647
585 964
894 747
12 15
93 876
709 282
816 822
920 344
55 381
544 735
78 943
441 939
27 610
24 501
42 372
442 718
744 579
750 145
157 832
223 663
355 328
439 180
763 87
826 103
998 157
997 619
155 40
760 620
376 813
477 471
122 438
468 720
348 908
460 843
522 742
969 609
884 780
903 380
19 224
310 643
518 943
825 416
166 818
491 673
372 357
374 427
783 988
540 750
721 245
493 25
576 16
994 966
172 9
605 29
576 6
239 123
772 778
960 662
690 934
315 61
697 664
988 488
368 196
323 142
690 288
262 383
882 67
253 229
310 221
148 621
959 46
17 992
578 674
312 744
586 591
411 807
831 497
306 330
998 103
49 347
648 804
167 16
831 124
23 635
486 43
895 26
246 464
154 457
97 988
428 513
77 867
351 590
414 525
102 32
479 301
957 510
142 895
239 888
361 718
935 905
918 820
347 299
194 119
42 919
696 843
804 20
25 388
379 132
969 743
122 180
927 884
654 163
123 934
579 434
811 89
244 834
542 148
152 513
941 96
885 48
945 9
364 738
445 529
848 495
674 745
184 554
594 467
399 884
791 353
259 288
303 393
120 56
250 446
140 155
509 135
482 60
639 654
511 392
671 674
479 19
24 982
245 791
154 539
4 120
15 821
521 234
12 798
292 295
55 601
522 87
902 136
829 863
3 662
988 159
371 957
934 227
185 968
287 512
435 787
508 639
413 77
247 547
324 216
161 879
957 367
163 839
699 47
23 273
612 40
12 331
656 561
422 846
655 68
56 598
290 177
185 348
484 846
422 161
258 215
668 477
47 12
440 676
881 53
76 402
421 960
738 446
623 991
703 921
213 903
327 292
143 620
489 833
350 688
448 865
927 25
237 109
889 92
173 431
421 143
504 818
440 906
988 734
517 847
730 896
89 552
278 386
967 841
909 916
710 808
270 76
773 716
259 857
498 308
742 533
659 440
151 918
562 550
590 310
449 345
732 222
126 57
867 46
586 508
576 955
899 961
631 864
61 787
582 808
806 48
727 942
399 580
423 810
640 659
895 293
234 471
946 851
778 595
900 471
350 9
870 16
497 356
268 98
28 618
133 666
353 246
259 749
282 772
722 339
607 775
439 273
525 485
484 237
370 383
436 620
353 22
266 90
888 969
12 730
800 660
42 452
496 28
151 307
308 293
267 923
167 890
524 514
94 873
149 744
933 529
221 276
22 528
164 765
362 755
786 834
218 844
719 206
902 878
707 575
280 674
471 319
718 740
319 905
761 304
455 652
971 356
820 884
676 562
273 886
853 131
690 560
468 599
460 716
794 879
464 140
421 396
698 848
213 407
490 348
555 545
512 772
605 374
267 250
532 921
354 721
531 98
93 744
121 621
763 69
243 861
624 404
993 291
846 846
813 934
646 331
504 921
84 223
659 168
868 725
686 649
634 44
977 358
491 272
723 411
855 48
771 820
503 688
466 154
33 616
899 521
58 418
938 398
399 97
166 214
179 735
9 893
122 546
211 371
209 718
636 960
539 401
838 664
211 361
509 897
471 324
172 145
548 544
994 935
968 9
406 343
976 337
916 545
993 966
730 238
777 765
725 130
494 319
863 330
713 855
508 300
608 365
128 587
957 705
61 408
844 739
417 475
379 222
666 513
978 686
418 818
564 961
487 4
548 400
457 617
387 101
246 567
470 695
609 411
864 767
996 692
302 332
222 668
767 90
971 541
234 44
829 599
866 970
568 949
621 999
546 967
451 530
539 515
89 161
751 883
511 659
803 643
292 305
548 772
851 717
736 928
583 865
624 701
918 905
690 533
341 219
251 258
105 17
543 977
260 581
220 689
181 305
926 66
977 426
710 9
626 26
21 991
819 570
872 576
273 445
667 60
815 777
549 463
756 755
750 558
242 845
42 413
996 660
680 300
834 898
153 531
554 176
515 568
448 209
708 847
195 577
240 769
794 176
434 308
142 903
155 222
739 578
755 519
410 993
268 373
653 470
789 564
380 432
872 931
983 175
100 622
267 538
795 778
957 584
83 832
449 932
311 285
245 465
843 555
676 522
408 833
35 428
576 700
962 956
211 182
756 209
144 965
269 500
256 155
950 424
370 860
24 574
842 619
770 518
756 760
210 708
328 841
781 38
671 979
944 492
307 285
208 610
297 616
626 648
38 944
812 350
402 202
255 667
860 616
751 987
8 794
530 32
698 736
724 638
769 370
351 680
507 821
44 996
193 235
656 116
267 946
771 388
222 148
856 912
860 390
217 841
29 506
459 514
99 358
568 621
714 206
977 896
490 292
139 645
412 580
904 970
801 604
578 891
884 662
498 77
173 629
515 582
248 305
359 147
225 134
572 354
427 263
93 526
724 961
918 996
279 129
754 129
573 766
656 444
276 934
998 222
539 531
148 500
312 527
170 396
925 293
485 696
652 54
916 68
305 990
192 942
391 28
481 860
918 130
344 622
178 348
537 120
285 561
473 462
818 233
214 331
406 619
186 785
544 278
160 247
784 430
567 473
943 216
247 431
954 926
700 424
108 435
846 888
589 783
116 726
215 599
222 835
780 729
125 123
786 517
247 714
703 47
346 705
481 801
72 779
527 241
420 677
837 673
620 313
390 471
797 595
874 430
249 572
469 537
969 220
734 53
235 751
317 118
871 926
439 281
294 270
393 434
411 877
53 848
374 635
17 33
883 497
324 679
786 514
335 60
598 794
566 998
767 397
406 918
661 859
614 325
302 371
769 596
900 503
921 546
101 894
663 340
504 652
783 173
629 678
336 471
9 959
266 276
641 826
52 838
255 468
626 1
797 680
14 246
348 757
330 545
221 898
457 301
549 258
198 236
291 577
806 464
945 284
683 166
775 834
670 729
306 536
852 162
262 720
105 600
943 787
117 275
986 213
246 151
561 824
241 528
638 71
521 947
493 117
135 72
751 525
87 315
140 995
145 756
509 649
252 213
809 855
655 314
380 568
10 369
920 767
340 454
994 452
464 893
972 252
230 314
732 862
393 66
782 277
711 839
385 81
996 115
7 467
746 309
929 181
541 957
352 811
791 89
661 913
105 499
326 959
594 489
618 656
555 22
599 332
89 448
360 704
365 541
965 525
249 843
314 736
507 736
404 910
474 661
99 753
741 51
164 286
71 928
909 621
725 637
939 901
732 425
238 713
385 438
329 698
973 800
227 122
193 581
942 208
187 294
36 737
288 219
532 54
973 343
260 973
113 618
922 132
138 489
581 553
251 812
982 771
913 607
462 40
677 350
464 490
593 706
219 777
424 426
82 262
516 82
202 57
189 599
799 150
105 113
470 668
999 224
450 278
36 989
777 564
653 262
52 292
268 19
945 205
632 608
502 929
231 2
400 622
750 712
233 813
326 233
453 719
478 729
659 349
824 168
230 852
246 475
225 430
98 939
758 359
742 119
699 77
633 219
266 803
113 584
921 89
778 355
597 684
252 825
10 412
882 265
784 342
664 947
182 550
663 985
572 790
658 36
190 999
506 460
117 207
301 726
359 219
29 59
244 227
149 411
622 588
571 992
371 424
200 456
357 878
429 482
654 566
932 808
587 309
217 759
30 683
416 467
94 113
908 544
879 334
231 178
461 44
217 30
624 354
555 119
710 188
612 2
991 426
794 795
592 961
91 899
759 527
573 508
743 701
798 981
184 91
534 14
852 280
441 209
716 348
318 852
181 92
103 197
810 385
237 960
687 950
958 382
14 482
37 393
692 106
206 140
251 772
117 616
359 395
757 313
322 545
831 897
163 924
323 970
70 940
981 506
340 305
429 788
599 575
248 368
292 823
737 862
757 288
27 62
665 144
214 227
124 452
844 996
974 191
754 828
561 113
627 102
3 328
559 685
518 125
248 338
931 27
600 881
300 742
346 274
422 455
628 239
672 52
765 360
611 590
736 321
590 694
565 958
300 75
782 121
183 396
477 923
412 145
435 20
419 508
346 555
876 345
916 633
791 885
982 602
636 614
695 691
99 861
107 135
957 432
241 370
92 187
169 231
571 55
732 978
263 241
168 587
941 743
224 366
213 218
243 496
61 754
843 142
628 449
198 596
89 744
675 982
87 737
653 207
647 19
277 464
147 879
130 929
76 730
205 196
276 678
285 400
925 161
482 485
77 687
610 926
572 833
132 547
620 35
439 701
435 271
780 869
348 334
63 145
140 138
442 474
437 506
690 354
958 108
823 835
125 696
128 243
767 919
576 14
641 165
908 272
196 526
944 680
397 88
391 823
694 226
805 238
89 333
539 357
585 570
714 532
17 939
726 280
117 114
151 373
292 992
475 343
656 721
978 73
883 165
574 5
313 938
83 353
493 897
322 177
792 225
287 412
978 120
111 373
459 523
371 880
325 74
225 574
917 45
822 815
832 526
438 505
695 891
852 498
335 404
141 21
358 140
80 754
758 402
86 362
982 693
854 768
807 906
75 486
384 425
698 591
949 229
165 684
29 933
248 238
488 178
37 996
434 33
734 599
125 857
716 676
167 230
732 938
900 220
514 738
606 424
925 255
15 349
639 956
426 647
232 543
635 28
874 986
204 798
16 666
344 888
277 380
671 936
821 454
613 997
937 471
210 945
633 915
898 165
153 882
794 171
822 676
167 90
491 733
720 542
482 601
215 134
139 495
79 504
757 35
469 526
29 570
394 603
491 48
826 986
464 104
74 883
952 248
954 204
389 620
207 389
789 360
177 331
223 545
735 359
805 402
15 304
25 556
854 90
932 237
613 827
209 93
113 390
288 287
764 284
291 930
637 250
950 851
616 645
446 279
468 873
792 898
742 959
686 963
473 786
30 137
727 303
663 450
916 763
519 789
410 104
343 580
618 554
569 0
333 421
591 197
294 377
210 950
496 586
163 629
893 282
387 480
888 862
468 939
397 219
1000 465
925 260
326 179
360 707
532 842
897 669
813 793
305 763
234 619
688 574
422 231
190 685
165 627
982 474
703 380
655 785
383 45
463 484
62 827
951 552
413 534
481 735
710 61
803 552
818 675
104 647
482 985
730 487
177 989
884 493
944 459
444 664
13 545
732 967
742 934
305 276
468 357
934 4
624 911
169 761
431 196
406 506
555 595
394 217
40 149
242 262
956 987
457 661
131 309
714 431
313 168
768 83
603 269
394 257
154 875
278 791
281 500
822 999
212 997
706 918
654 892
212 936
193 826
927 962
746 185
225 448
305 784
506 672
643 286
771 509
743 299
796 694
165 400
691 566
76 724
862 236
799 253
252 64
555 184
73 172
396 472
684 62
787 181
528 108
481 643
188 949
494 484
425 158
438 285
246 881
319 759
135 50
380 317
65 558
0 135
734 5
244 909
368 326
192 516
150 481
513 439
385 656
224 109
583 745
609 666
82 244
404 635
823 142
791 32
19 901
381 878
967 66
316 752
739 226
365 360
414 793
376 340
646 227
638 192
589 738
9 649
491 217
687 852
931 431
634 444
705 76
671 425
706 743
305 600
207 541
209 512
446 132
86 275
819 586
543 445
378 45
769 868
873 624
874 371
737 846
834 964
600 414
739 774
463 962
795 529
938 415
114 927
435 985
710 383
60 124
592 30
927 688
335 36
766 159
82 462
338 619
350 623
938 429
205 404
71 18
384 76
502 107
873 791
737 477
36 115
185 786
502 352
849 746
699 553
208 534
543 624
529 377
830 688
86 865
409 701
953 784
713 831
274 747
899 948
258 434
304 310
22 258
845 474
642 608
987 614
778 892
131 396
568 406
489 872
458 971
880 635
329 420
566 331
962 114
430 447
149 541
376 154
973 953
291 731
910 712
278 412
816 720
896 449
422 371
567 176
472 539
276 816
460 387
878 238
773 178
299 48
182 454
717 798
839 424
915 829
702 157
238 395
715 548
671 294
681 807
563 910
237 203
275 242
62 781
129 391
910 422
544 306
546 697
994 534
123 45
303 964
552 795
590 401
808 375
379 880
506 708
878 145
61 307
655 733
987 615
819 363
157 413
882 442
494 536
893 263
901 0
423 125
496 876
186 285
157 385
271 628
990 977
31 971
118 237
553 461
312 798
520 854
399 847
736 455
157 732
741 894
905 338
462 488
350 189
884 35
165 523
612 47
135 177
350 762
433 244
848 257
336 183
507 772
573 794
975 568
123 950
442 636
958 270
865 807
177 136
747 445
711 316
315 726
863 761
571 668
227 239
340 488
294 814
290 24
454 325
95 847
299 902
424 760
695 972
63 862
361 317
406 742
858 889
970 232
143 923
869 694
538 368
295 612
817 232
311 897
577 491
538 901
496 582
479 384
387 969
823 608
829 313
380 368
506 231
138 176
696 436
131 838
373 400
368 2
127 653
911 475
194 422
900 708
25 982
607 813
168 353
720 483
865 984
815 963
536 493
547 618
617 908
186 396
67 171
136 239
627 970
900 604
13 356
584 865
397 635
212 411
749 358
674 101
885 101
113 385
220 336
239 656
958 893
602 439
24 275
53 542
846 806
916 165
482 830
28 311
0 790
574 910
192 857
738 540
655 811
681 53
116 147
651 29
950 597
780 301
30 14
213 652
800 446
139 613
821 627
479 109
602 682
641 558
57 139
815 732
244 127
175 43
859 149
825 435
902 580
787 738
45 890
745 801
941 341
743 386
874 199
95 448
453 997
149 944
875 282
621 681
78 473
480 908
291 567
801 936
690 98
328 213
511 42
370 616
945 519
989 343
414 405
98 904
458 25
776 303
704 865
122 399
268 831
675 935
215 452
549 890
311 464
262 457
201 542
832 928
837 231
44 305
974 215
95 735
434 952
101 161
419 606
539 565
674 44
157 786
904 20
139 257
884 425
749 577
418 660
354 695
478 802
173 622
915 919
694 670
848 291
34 831
817 587
459 164
872 278
726 626
626 305
410 786
867 702
656 93
563 349
707 96
249 629
671 248
469 518
942 541
57 813
459 525
994 380
704 949
727 520
233 104
280 664
29 774
663 449
678 849
56 971
651 171
124 847
994 351
178 36
792 425
992 180
821 652
845 191
312 225
498 985
992 549
721 803
482 448
942 702
334 466
210 118
391 151
894 255
742 565
617 580
232 865
490 444
816 724
444 225
781 100
628 579
318 394
38 774
337 674
392 288
921 559
192 782
353 722
22 45
322 942
802 809
656 118
242 146
598 648
633 918
860 936
123 0
984 667
382 981
551 845
167 547
817 791
231 895
791 850
77 803
924 811
247 292
650 10
540 860
120 904
325 22
102 177
897 647
2 88
131 540
697 35
177 567
882 352
623 354
461 779
310 166
146 873
104 513
316 284
376 916
98 191
619 589
269 748
394 861
474 952
46 683
552 917
642 653
120 935
34 736
105 183
23 646
39 829
657 41
873 970
133 192
697 718
934 151
392 906
92 124
100 709
446 918
147 886
638 913
463 414
576 532
452 75
783 730
384 520
494 777
206 41
430 369
496 232
807 477
66 135
377 422
975 534
992 213
467 620
381 690
911 667
1000 503
262 474
521 30
295 186
876 63
503 967
194 71
701 509
838 562
700 439
760 215
401 419
158 624
822 364
551 8
851 277
918 950
485 863
12 281
226 341
594 246
165 630
253 512
253 750
868 617
597 271
154 84
235 581
951 727
297 26
171 452
203 501
940 284
337 886
517 825
109 751
3 835
534 261
367 359
135 738
546 920
151 208
914 242
358 838
304 327
165 862
610 684
656 405
155 850
680 440
204 771
114 909
947 554
555 50
224 651
159 184
46 1
144 375
812 776
589 525
106 216
953 888
578 249
285 8
155 605
851 613
831 556
293 47
100 323
107 766
917 649
548 158
9 193
508 751
631 994
599 706
505 151
458 100
902 773
312 610
709 736
867 155
489 153
622 756
642 173
131 890
803 803
645 819
860 825
60 816
129 887
263 972
997 661
338 561
740 572
748 216
720 689
969 213
538 495
345 249
716 138
718 66
580 384
226 325
245 960
180 464
563 518
669 467
296 601
803 474
527 86
804 307
674 287
797 874
797 904
108 822
153 789
253 376
42 686
524 117
676 991
290 813
586 407
946 129
857 795
336 243
22 10
442 82
442 135
666 937
397 157
97 784
368 256
684 345
887 187
971 832
295 445
802 19
108 654
126 611
433 702
6 41
868 952
413 224
506 9
168 733
18 742
97 0
903 859
369 529
364 163
28 813
368 569
218 540
898 629
580 428
148 651
294 133
405 908
877 661
652 589
709 438
335 551
130 554
543 47
950 729
636 748
855 143
331 121
462 853
216 12
951 426
290 333
126 748
803 281
61 767
7 119
318 64
761 127
831 829
899 680
218 789
346 863
682 295
795 922
800 323
487 27
7 414
464 927
320 702
287 485
785 846
307 630
759 472
663 491
560 989
833 696
481 218
57 690
555 938
994 145
881 427
671 809
187 87
650 314
836 6
508 923
670 385
128 962
907 630
125 986
286 67
528 932
946 950
629 786
339 189
381 327
678 526
171 893
519 717
748 422
922 876
318 404
201 531
432 150
80 724
139 714
908 240
393 577
245 957
844 259
685 841
266 625
8 97
395 605
928 152
348 890
577 553
362 411
926 0
254 655
330 709
305 727
787 230
372 970
849 479
307 994
866 516
875 930
899 362
762 557
528 978
30 214
317 251
582 464
206 974
955 938
543 548
432 850
696 148
985 319
861 209
638 871
291 149
265 337
68 34
430 370
719 510
59 633
403 730
465 592
1 937
867 510
976 913
333 566
969 974
840 666
734 88
966 186
846 659
440 31
451 230
240 903
576 186
438 672
692 566
141 55
395 414
636 923
131 640
721 678
460 344
679 755
352 496
537 512
941 543
126 272
123 680
229 494
656 350
964 989
146 921
739 873
212 369
421 903
403 44
758 87
148 635
702 462
442 93
334 562
668 412
694 446
258 641
829 216
981 207
220 604
27 409
715 63
240 765
415 625
432 822
532 249
452 548
795 322
566 489
1000 396
545 348
528 358
633 599
718 452
197 686
500 588
870 172
71 988
834 975
67 299
429 353
646 211
660 571
427 428
376 999
130 445
714 903
762 452
165 664
471 356
791 576
416 902
963 95
894 600
463 543
700 347
349 130
17 417
923 192
352 660
321 695
266 970
502 818
259 300
79 864
928 737
947 94
321 501
492 785
308 554
696 403
152 507
759 436
36 697
589 638
393 38
279 671
798 909
856 996
135 319
953 872
316 556
883 129
923 767
56 421
630 409
36 711
765 809
127 137
473 412
776 950
394 830
974 617
377 131
397 283
603 717
786 212
883 240
252 243
247 650
329 290
72 590
438 151
813 914
245 240
32 77
415 227
693 662
825 889
550 412
785 667
391 300
119 43
589 81
85 819
822 726
491 655
519 658
97 973
671 820
505 819
33 400
861 942
775 506
21 227
806 857
716 979
251 270
38 329
475 138
222 479
279 612
551 1000
220 423
169 428
540 762
617 280
54 167
41 628
22 113
837 753
937 980
401 552
956 301
253 230
912 321
649 354
400 199
345 295
206 305
124 793
624 319
914 338
153 999
527 995
740 240
852 705
166 738
805 736
211 755
908 205
98 593
977 234
455 684
496 94
991 75
463 838
105 449
913 412
510 193
986 671
68 562
545 175
799 298
705 782
967 763
670 246
244 387
193 121
519 236
684 3
111 389
436 200
745 104
710 11
85 686
165 52
729 5
219 849
599 969
100 117
914 897
401 887
853 35
859 456
51 557
658 786
690 579
989 478
1 417
696 693
620 710
12 551
970 249
238 648
921 427
810 158
26 529
162 94
748 279
108 765
406 113
745 712
659 274
902 287
970 330
981 291
190 114
359 68
470 145
960 426
400 589
810 923
8 373
764 834
62 613
600 887
294 587
928 948
462 358
981 738
345 442
532 22
865 399
662 203
510 888
501 810
543 608
629 830
811 989
330 657
217 935
238 536
104 45
493 213
696 329
98 163
17 232
482 767
887 593
151 30
823 317
547 841
867 907
927 508
694 941
75 633
259 445
608 379
638 309
222 920
876 13
714 213
269 455
30 352
652 499
149 57
806 818
560 61
239 856
937 327
219 517
89 547
515 768
991 455
335 129
223 661
879 336
505 643
184 555
946 256
580 159
218 188
26 370
391 566
500 808
647 391
667 423
93 842
435 986
66 911
58 728
627 688
676 342
788 44
743 682
985 371
779 761
651 355
226 531
274 841
344 193
479 89
612 341
393 482
967 312
158 339
124 175
556 550
799 604
963 588
699 178
728 415
557 315
148 897
295 272
847 147
324 931
395 76
211 629
558 538
123 24
52 121
83 644
622 598
905 112
25 846
252 370
367 358
47 119
711 575
387 371
352 531
770 333
912 290
43 189
491 999
796 985
547 620
161 608
907 671
392 682
3 122
644 579
120 674
549 761
291 9
2 872
631 516
491 803
283 671
801 823
711 156
530 842
301 532
721 560
906 588
399 73
927 961
586 556
777 59
545 517
323 752
655 990
700 146
769 105
142 267
714 728
324 46
915 697
824 811
137 80
94 96
926 917
659 378
752 942
601 392
578 585
343 690
323 676
580 558
559 127
768 626
163 492
692 704
407 425
653 573
618 6
426 396
851 268
281 41
566 549
762 285
660 89
306 443
760 675
669 405
544 602
981 284
207 567
574 801
516 22
217 987
121 481
395 617
734 49
173 116
455 75
328 697
563 567
530 238
291 405
66 179
337 955
123 586
621 56
559 992
912 87
624 946
561 387
41 609
181 389
415 816
328 367
975 433
784 516
630 903
371 468
556 849
141 290
632 410
554 994
597 812
988 332
282 332
740 601
41 65
850 498
404 234
630 917
675 891
672 870
788 132
473 628
520 390
609 449
659 320
967 643
661 488
640 824
745 888
707 583
906 79
705 371
158 98
294 448
268 581
308 715
818 368
482 61
308 502
474 908
777 555
232 678
994 805
698 106
246 289
756 831
737 469
371 351
32 432
679 823
124 127
738 14
73 453
225 665
277 885
176 37
11 412
422 988
961 940
409 99
740 305
321 49
311 539
676 406
774 747
157 958
587 145
343 802
519 525
906 280
683 37
780 779
821 152
349 342
958 590
618 272
106 331
243 672
203 759
618 954
909 135
679 29
556 383
448 241
928 28
121 922
550 232
119 311
617 590
829 326
661 196
832 892
823 656
1000 20
913 422
412 418
733 153
371 234
534 425
196 923
516 937
6 760
410 945
370 610
148 856
519 187
723 797
508 495
707 184
126 365
723 875
661 582
18 185
482 657
424 427
93 528
997 967
210 987
541 308
968 447
429 516
475 793
493 316
671 274
769 762
184 688
905 466
37 512
549 192
302 523
13 829
625 492
568 995
163 667
632 127
852 323
50 501
43 368
301 608
432 618
649 765
298 962
610 333
26 244
495 994
935 688
735 739
80 936
402 262
382 117
351 181
954 629
541 332
631 499
621 268
732 128
546 496
182 576
770 894
218 0
321 822
781 413
633 125
53 39
389 166
892 456
905 108
853 37
630 411
151 137
703 398
515 256
113 152
859 743
890 287
528 915
270 409
19 220
156 915
189 40
604 494
447 66
978 571
324 944
137 448
69 229
793 369
728 504
564 272
177 722
399 499
660 231
976 965
930 715
820 426
485 857
37 445
864 553
109 641
238 390
373 590
823 773
514 112
24 434
672 84
73 480
911 375
666 419
292 780
248 327
720 410
819 8
484 769
924 842
24 826
737 628
385 938
139 665
134 319
117 136
168 999
383 783
986 754
672 659
914 48
24 718
17 546
356 989
763 601
558 189
868 302
591 519
916 599
646 588
152 274
415 526
212 315
534 611
456 358
993 867
768 81
587 14
542 823
327 119
946 91
540 655
994 140
193 145
538 511
569 103
84 750
733 185
993 718
554 311
191 746
894 445
176 696
443 969
622 965
619 120
50 859
940 872
495 475
322 415
942 129
488 567
859 119
139 851
116 666
46 557
626 232
555 397
490 391
305 909
245 403
241 961
572 539
462 752
102 589
592 155
405 747
645 927
27 80
808 628
810 52
587 212
834 17
403 32
345 739
312 398
783 375
401 807
709 414
420 840
873 334
519 977
51 91
94 724
127 833
844 263
370 542
427 789
869 977
535 60
584 0
758 797
418 297
568 295
669 151
205 157
845 926
107 39
137 133
974 603
832 857
799 164
700 654
228 274
210 869
283 88
403 646
267 811
991 887
61 245
374 703
532 354
545 309
125 523
42 725
479 56
931 90
787 678
66 635
507 141
783 201
201 46
332 3
552 318
840 129
840 591
843 535
454 678
689 33
795 180
743 694
88 788
258 930
972 782
118 31
813 327
727 667
295 929
444 460
898 450
950 400
15 166
574 498
618 314
42 201
865 822
88 455
200 154
221 226
133 921
102 272
448 723
324 368
794 867
398 70
625 391
583 212
845 403
73 739
169 975
6 627
90 44
208 454
982 698
236 823
473 890
874 632
755 990
93 638
367 407
927 752
638 596
730 159
923 339
193 645
704 440
189 624
57 611
755 235
739 546
503 445
87 803
73 154
634 33
47 737
541 730
362 768
47 202
27 588
0 311
951 773
479 493
75 765
514 94
724 529
747 705
51 897
96 681
356 281
713 364
361 145
433 560
517 883
950 685
82 480
249 26
423 221
810 823
260 676
88 887
104 8
943 555
736 90
180 687
421 172
190 821
638 271
141 840
183 134
918 470
105 229
296 201
430 540
262 121
124 483
980 258
708 477
368 181
986 75
90 380
104 808
472 654
639 691
775 329
381 128
152 702
789 25
675 937
441 266
569 309
694 376
552 69
914 401
712 909
105 380
691 855
572 814
933 970
95 117
942 823
12 962
936 190
670 181
918 696
176 357
111 54
499 931
718 555
838 775
845 180
877 462
423 452
730 74
616 293
85 67
409 710
387 694
371 160
738 631
972 527
896 861
246 761
779 926
11 962
303 140
794 712
333 388
493 127
291 495
501 212
744 742
52 978
304 276
658 912
141 92
238 219
456 158
831 574
409 90
231 445
597 736
114 223
315 236
440 694
744 197
355 455
74 623
301 110
972 366
724 542
940 998
422 340
938 681
118 993
416 979
610 52
718 981
182 609
233 610
582 297
654 581
451 386
351 281
663 819
176 182
960 945
234 822
122 126
615 604
480 834
113 722
83 304
612 217
574 242
736 530
4 689
93 145
747 23
266 256
324 767
909 525
307 808
325 488
231 74
253 124
46 700
367 238
424 717
325 100
824 862
394 634
272 340
747 628
438 793
135 103
635 596
402 999
985 757
850 582
899 770
371 666
6 287
623 612
672 380
976 89
276 237
727 781
377 269
381 482
622 512
619 391
783 778
185 807
44 474
38 63
753 570
541 533
790 866
609 385
497 697
200 678
609 526
640 962
79 614
164 124
630 373
779 644
977 385
282 251
835 254
236 939
218 493
561 637
325 678
612 238
90 239
581 187
537 355
319 620
869 543
227 886
982 462
937 864
255 724
861 362
235 926
95 921
570 779
708 495
967 809
629 748
946 737
187 635
773 966
52 821
240 970
613 292
612 575
253 262
671 858
331 948
111 2
757 616
202 748
721 421
933 472
257 507
149 254
457 385
691 810
264 565
15 99
787 986
744 948
637 194
783 41
702 682
88 192
152 8
627 932
331 210
155 689
179 186
220 322
434 530
521 635
419 880
851 951
756 969
92 500
188 535
655 769
350 590
40 283
426 854
794 871
50 423
22 326
849 150
853 219
615 235
756 289
811 198
840 427
541 685
61 384
467 122
13 118
760 377
894 368
844 582
905 955
536 969
499 388
502 802
82 799
893 596
731 988
618 328
277 541
433 937
976 570
35 527
533 1000
333 208
803 679
318 408
216 689
973 661
247 634
174 266
366 51
229 484
412 272
798 721
499 295
575 832
7 308
30 231
782 231
904 57
374 997
457 69
311 695
648 640
926 824
228 894
355 870
575 484
54 64
472 610
585 958
172 135
216 385
747 574
127 293
657 388
401 433
785 949
218 445
950 926
21 622
641 796
764 409
607 248
140 439
771 622
147 324
85 964
739 572
297 974
568 43
617 865
987 422
782 880
990 451
151 525
248 457
709 357
638 514
274 749
220 787
344 369
669 704
285 650
283 907
676 246
626 152
886 957
461 725
152 320
799 732
490 318
387 446
172 346
950 679
515 308
792 462
372 946
548 936
293 751
363 659
731 568
994 212
2 24
34 241
306 2
81 738
984 440
285 465
498 398
531 857
378 930
112 930
139 119
98 117
171 476
484 696
799 847
13 940
236 970
515 407
534 739
252 390
173 551
947 606
301 681
86 73
268 174
832 369
812 80
693 236
792 718
590 177
359 260
56 683
26 251
268 705
70 859
677 663
263 928
738 181
612 546
768 665
22 118
961 396
93 410
361 52
726 438
224 138
305 82
695 406
152 618
234 171
654 245
626 279
913 3
224 270
812 746
556 955
415 608
458 565
182 43
288 430
162 603
306 755
232 262
612 116
341 724
792 686
835 812
710 252
473 221
389 222
202 149
854 550
68 800
764 127
37 138
74 217
800 227
155 888
808 282
542 314
779 74
302 559
652 946
340 444
668 312
757 834
165 590
311 167
387 95
393 203
644 704
754 894
776 726
85 876
16 121
74 3
835 982
80 607
170 41
300 263
317 435
358 688
706 217
88 57
653 654
738 478
634 488
230 629
126 495
390 166
126 638
338 26
264 777
880 802
696 537
904 223
249 239
452 912
966 531
984 581
422 282
318 353
553 498
694 271
737 550
569 810
940 303
923 801
890 300
114 920
788 581
795 132
913 2
146 875
240 122
384 360
649 949
686 367
521 896
475 912
548 525
904 666
717 519
681 291
477 501
681 610
56 831
153 416
809 690
487 961
60 47
872 101
205 738
914 621
620 818
672 189
395 257
788 636
103 663
226 579
652 385
26 34
521 177
447 683
133 158
688 474
720 895
216 955
46 579
517 700
692 701
395 50
183 501
970 799
231 606
281 963
744 718
508 518
571 495
91 245
956 423
85 577
481 864
437 774
659 902
169 275
513 612
743 912
146 858
416 603
827 983
490 570
385 694
817 202
409 272
53 976
243 527
473 241
419 791
955 511
910 906
353 122
450 90
119 290
289 101
146 550
123 502
290 269
395 675
634 465
134 514
917 484
141 847
275 800
88 519
308 675
996 442
881 672
865 543
766 485
648 319
420 812
852 694
865 874
799 723
344 201
142 894
864 797
279 973
415 963
479 160
509 819
551 748
224 492
582 543
475 496
219 639
780 500
682 291
726 350
428 742
453 897
686 765
819 300
260 579
911 399
291 821
751 112
733 988
597 788
135 530
760 900
224 498
6 822
717 617
573 451
906 882
328 927
349 75
397 727
12 548
567 563
339 929
339 59
250 95
142 517
348 793
660 273
181 760
74 889
813 182
539 598
542 950
123 79
368 602
86 616
494 691
312 108
203 453
605 540
214 530
968 943
973 272
725 802
904 731
399 681
174 557
460 523
592 762
505 289
624 558
839 169
358 376
950 488
321 144
33 312
808 140
485 828
340 835
487 300
510 898
265 129
486 994
578 716
164 615
424 339
498 554
993 659
306 922
66 739
59 398
912 369
925 339
375 706
158 311
84 973
933 916
267 143
458 687
796 825
355 68
569 276
692 442
429 821
68 668
580 56
751 44
946 687
715 861
777 282
341 893
998 359
8 4
413 784
767 563
628 991
770 426
683 221
754 519
426 632
661 932
516 739
404 135
211 748
202 761
411 482
873 340
205 118
300 244
77 383
985 553
894 775
474 634
571 95
66 779
492 35
54 426
499 236
598 717
333 466
315 51
944 224
445 367
742 467
892 441
372 820
859 211
592 659
39 532
953 412
569 734
627 507
992 506
29 43
660 646
292 35
687 847
578 806
206 391
155 142
856 324
62 775
936 671
615 842
66 8
982 101
158 499
558 1000
417 695
108 965
386 650
901 436
112 13
705 157
358 433
299 323
264 359
975 958
974 643
416 466
308 764
592 407
870 321
652 83
782 587
881 704
278 702
396 340
195 437
240 332
540 86
686 887
114 495
707 89
410 774
858 702
765 364
509 360
718 940
294 92
752 671
26 66
176 291
4 635
242 35
269 99
368 491
463 61
203 489
815 339
807 929
685 417
716 137
868 17
726 430
615 81
445 364
3 246
624 448
425 328
650 816
442 629
449 227
651 675
12 888
370 997
926 907
175 612
380 160
180 857
222 569
373 217
955 59
115 607
313 912
361 399
655 19
460 853
954 51
190 822
727 739
63 991
575 231
863 150
851 112
67 42
474 780
307 829
649 14
939 14
493 553
456 608
728 918
462 2
704 888
958 624
691 474
609 902
242 346
765 885
275 828
785 659
0 96
705 824
438 304
343 16
74 350
433 982
383 402
194 32
925 726
781 876
501 680
916 507
871 96
51 439
581 28
28 528
30 519
337 364
91 52
553 486
55 83
823 151
920 697
805 518
83 337
416 995
427 636
734 798
395 353
103 891
198 384
207 609
152 682
823 817
440 288
377 12
596 890
490 874
395 431
921 398
687 959
693 493
953 993
552 961
346 568
667 464
314 771
428 480
717 5
79 216
276 122
702 287
609 696
530 371
188 365
598 965
857 318
62 915
786 304
158 886
560 976
42 9
994 978
107 473
978 810
911 619
190 24
516 394
512 713
796 429
705 593
397 696
639 488
153 112
564 846
876 346
802 687
281 536
111 706
988 286
40 558
420 781
473 63
679 565
869 947
755 5
968 875
826 824
887 745
24 228
594 356
594 789
583 887
545 695
970 393
994 992
217 319
843 666
253 977
121 466
127 615
541 346
770 773
927 427
978 151
168 432
882 163
644 48
479 134
894 496
952 695
413 303
245 216
989 374
423 529
725 270
516 893
11 475
512 699
389 297
856 532
434 483
665 690
953 446
479 404
74 578
716 561
521 498
219 333
715 399
688 924
600 986
643 594
485 656
577 284
868 595
614 373
792 878
97 678
535 287
501 931
876 434
535 201
723 240
212 358
17 724
789 101
810 322
428 278
712 25
557 986
512 432
621 564
581 362
376 524
990 484
930 958
443 595
209 595
162 682
427 286
717 255
887 2
949 995
335 443
403 260
472 672
775 556
471 178
393 561
463 794
501 800
328 933
924 827
810 803
774 574
829 837
850 406
20 470
539 364
192 246
770 365
241 997
481 606
85 704
838 33
802 418
425 957
63 133
844 481
409 620
364 355
597 364
189 934
841 76
585 94
409 492
392 346
111 643
941 981
25 603
700 172
235 490
289 806
294 926
519 629
520 215
342 502
6 376
118 483
466 700
549 88
649 680
751 999
194 360
792 689
43 837
745 104
254 515
2 509
560 918
94 350
236 421
684 849
573 666
928 296
61 277
670 920
758 851
184 237
537 123
863 690
523 712
588 705
871 247
887 434
453 463
362 792
680 898
440 859
189 312
956 27
786 931
913 93
400 221
842 603
453 622
44 198
782 700
34 735
523 496
775 411
345 38
931 51
641 272
268 948
113 941
841 189
363 747
147 569
154 514
413 729
311 808
701 211
333 375
933 607
48 811
833 439
276 450
598 517
487 492
995 431
254 731
907 774
940 957
507 547
486 715
87 661
260 729
117 536
183 506
868 13
129 247
803 95
20 55
846 558
563 507
923 37
182 668
720 939
882 573
266 232
24 849
464 970
141 164
828 873
530 119
656 390
553 893
400 941
239 306
925 104
965 610
48 670
17 424
810 295
259 733
803 378
474 531
755 144
745 320
62 250
91 755
1 122
525 248
606 414
244 717
963 243
149 34
405 109
51 784
35 547
54 235
87 62
143 358
369 261
401 70
279 502
638 551
940 995
431 345
734 473
850 137
586 420
25 624
773 176
509 979
208 911
315 621
69 579
517 621
606 113
270 207
86 774
545 832
478 251
188 270
375 160
349 490
42 68
645 756
158 267
962 187
664 506
549 218
92 94
352 653
613 446
640 280
664 997
176 127
465 77
516 396
601 540
834 565
700 894
764 152
433 301
574 77
554 551
674 363
497 687
628 661
878 870
134 154
997 125
88 662
120 215
393 814
614 520
420 690
867 64
54 466
562 505
9 51
432 781
264 442
99 493
924 995
451 688
300 433
18 258
22 805
206 683
222 177
906 264
357 176
408 401
72 509
14 366
373 652
156 141
593 899
898 449
612 672
758 476
66 291
949 54
866 346
386 280
749 158
462 242
630 612
878 275
27 719
918 66
791 698
848 37
237 993
881 245
284 623
430 42
997 805
85 557
381 169
417 787
277 13
1 368
377 76
757 298
46 718
808 193
434 519
532 371
656 531
33 421
898 937
120 165
268 632
114 167
718 458
506 452
219 135
590 967
466 549
537 158
5 269
470 451
734 977
388 565
563 848
950 674
626 793
672 644
555 515
834 750
582 520
460 953
86 399
68 866
819 943
582 267
767 0
466 614
141 773
875 70
698 796
139 870
554 792
244 543
450 334
904 160
950 855
445 796
651 474
555 787
13 103
499 19
785 34
374 564
0 325
416 196
143 746
906 164
223 292
529 387
342 875
403 187
1000 183
501 264
994 325
675 514
625 590
39 848
887 541
911 977
295 499
852 272
645 389
59 476
835 480
997 856
818 935
30 955
483 457
918 797
187 911
883 508
675 797
795 137
378 878
751 315
19 903
132 50
597 778
778 296
971 113
355 904
15 468
605 801
100 355
398 504
634 15
111 555
284 352
940 293
638 203
855 518
37 542
120 610
529 677
582 583
764 2
932 521
555 357
366 769
939 453
271 380
819 475
88 968
476 832
776 234
169 531
710 678
432 663
487 17
894 255
291 970
382 204
324 111
242 522
543 703
178 396
504 600
378 470
377 575
879 619
537 200
995 779
674 913
729 917
293 221
85 542
517 912
225 800
427 370
144 886
75 252
769 97
862 738
109 61
214 137
520 499
870 992
295 244
577 632
57 168
42 721
644 737
473 858
181 930
640 79
52 111
541 998
737 135
663 649
385 295
8 611
310 66
267 98
434 915
991 934
323 844
784 320
528 688
402 257
435 711
972 992
524 703
583 366
920 990
678 744
644 487
912 373
255 550
748 842
729 546
584 664
242 204
566 732
514 988
937 365
596 612
928 480
584 554
889 896
495 815
100 738
200 348
31 708
202 159
244 112
46 744
53 828
248 518
155 155
915 891
366 88
279 543
425 462
360 581
895 545
272 744
281 325
266 309
989 612
732 800
978 372
451 721
819 869
239 619
683 806
502 884
111 918
368 491
653 929
922 81
592 556
746 625
590 557
919 695
483 750
559 257
600 460
580 59
877 984
114 406
581 313
534 425
27 174
770 44
81 545
321 492
438 752
350 203
83 534
528 361
684 626
962 384
302 441
702 752
632 297
688 714
469 745
347 825
670 72
475 367
502 479
469 912
236 991
590 330
852 670
871 365
547 471
704 902
713 654
650 532
405 921
545 275
349 585
80 500
769 197
893 908
390 250
468 526
429 654
437 729
717 159
724 175
11 851
686 615
214 532
485 182
622 823
242 230
1 520
485 948
501 168
362 318
141 913
126 950
886 447
29 843
666 553
961 399
355 253
316 429
407 761
570 146
907 664
405 694
800 751
586 611
455 453
915 360
692 380
336 349
283 78
53 584
878 461
520 400
984 246
692 427
122 84
847 149
389 779
669 858
403 777
835 865
273 483
638 259
760 2
517 331
949 395
199 225
912 442
657 783
77 238
589 6
961 890
671 928
862 473
309 631
422 782
201 521
861 910
319 362
199 628
496 294
509 571
635 168
929 186
731 908
891 119
538 25
810 216
740 338
661 964
259 885
658 543
892 930
666 378
436 781
154 2
946 873
541 227
44 164
868 319
581 885
351 576
689 881
826 382
772 470
903 719
27 831
430 73
749 223
409 236
173 953
235 770
724 620
7 953
441 806
873 92
341 604
112 437
788 180
959 853
454 110
298 784
1 572
140 123
582 815
418 479
68 649
734 253
518 578
88 141
233 861
826 128
951 573
954 255
146 990
351 549
544 141
297 912
569 249
779 63
899 777
298 54
493 95
817 66
654 779
196 204
497 225
316 329
255 774
56 481
56 460
268 723
312 985
947 589
978 507
674 901
257 869
227 844
871 816
156 351
886 617
973 846
129 6
893 554
957 963
230 801
273 491
632 541
765 79
600 704
501 157
660 21
945 211
665 666
154 520
705 721
900 566
447 368
796 712
904 749
95 970
182 491
827 244
568 578
117 65
77 656
90 93
784 441
379 237
52 809
282 292
704 811
491 719
885 119
449 79
470 330
949 60
947 289
459 582
198 82
627 235
333 424
496 498
556 20
157 208
533 911
250 279
742 598
146 827
298 951
151 372
208 312
425 977
428 275
174 521
317 214
516 98
703 412
399 179
183 403
424 472
305 95
175 155
131 338
760 79
123 161
793 371
498 857
558 655
424 223
745 739
841 423
869 75
87 298
273 171
540 657
339 861
457 505
819 974
512 763
34 607
894 200
312 262
715 815
219 621
795 974
426 553
7 417
1000 175
188 220
979 754
19 738
359 51
168 782
922 736
42 589
168 202
321 790
941 192
502 659
768 36
907 335
245 18
386 324
363 677
37 132
740 224
463 385
366 969
236 701
286 542
494 935
720 173
623 304
29 84
291 635
816 577
979 343
439 325
164 542
269 905
746 227
890 772
856 778
742 820
354 328
690 213
492 168
59 287
880 537
461 531
878 510
611 382
160 629
598 452
478 334
539 417
662 8
599 982
929 253
270 678
324 123
128 891
253 906
587 888
597 721
496 673
157 550
91 96
693 435
379 269
74 792
479 786
796 876
711 485
557 931
398 489
937 139
998 174
490 614
46 139
12 582
252 197
168 692
6 984
163 667
932 319
362 347
938 526
549 473
635 421
178 187
118 468
801 255
599 212
16 371
390 649
683 449
462 790
285 673
98 137
399 597
343 582
333 429
87 631
389 3
780 544
647 433
691 396
615 821
903 803
718 939
63 487
64 736
624 247
829 544
62 491
713 544
682 627
893 587
89 714
902 66
927 155
885 10
53 429
225 324
31 882
2 291
254 326
162 654
508 864
498 721
360 253
418 849
653 202
857 74
659 479
438 599
632 60
49 478
258 336
50 301
183 326
494 503
382 128
969 677
161 990
949 196
833 425
204 193
319 600
807 159
825 459
721 548
569 736
99 42
163 105
562 494
710 745
256 724
863 992
469 758
660 461
205 503
218 534
95 681
145 25
617 488
659 252
83 25
821 304
469 702
716 278
829 50
658 740
300 549
139 431
791 855
183 269
552 530
433 707
609 832
969 977
683 306
643 240
426 296
456 478
671 639
10 549
463 523
45 263
354 214
291 123
540 524
715 317
449 890
357 119
204 566
263 7
362 284
555 3
333 2
213 721
697 510
354 239
565 983
913 272
952 847
44 476
261 957
563 35
567 582
241 792
944 588
598 463
773 479
22 275
630 69
636 706
852 826
867 134
478 686
452 769
881 472
367 647
691 393
492 321
796 648
218 404
409 415
860 105
654 904
453 603
793 704
354 823
805 561
158 600
94 806
569 817
874 654
621 744
26 298
37 65
363 473
275 23
460 316
336 540
124 628
715 658
340 801
507 846
504 205
45 714
780 757
528 309
489 243
832 291
622 6
514 232
927 88
517 549
142 637
76 649
759 893
936 789
539 351
270 52
164 936
688 226
700 527
767 476
69 338
821 805
156 597
392 230
386 635
942 314
319 206
837 21
681 957
304 708
515 462
189 951
21 793
481 404
948 809
7 756
754 976
472 380
66 623
261 82
29 700
304 226
304 57
640 623
868 184
385 695
22 967
963 467
623 271
231 57
375 755
219 455
477 475
391 522
28 219
618 240
641 314
806 630
51 913
1000 938
387 856
805 449
19 940
976 248
34 578
518 111
145 244
259 624
285 254
181 835
875 407
347 107
469 639
774 9
683 59
156 881
688 12
287 990
785 447
2 556
438 308
550 537
344 805
529 905
890 898
152 319
868 852
886 401
155 894
339 715
742 700
994 109
504 56
378 269
374 641
607 357
358 698
875 444
518 155
71 221
751 652
482 921
679 738
351 86
651 778
494 862
828 802
663 573
901 379
846 99
247 687
560 593
561 777
691 73
143 436
789 603
425 335
342 768
457 206
287 11
577 760
810 328
187 12
990 266
302 445
383 134
640 143
815 79
48 454
929 447
209 820
76 305
278 68
186 478
923 325
807 77
501 319
27 580
44 185
739 225
37 152
631 435
490 356
232 227
860 128
892 171
986 764
58 596
336 810
383 214
716 529
539 215
386 920
192 93
243 181
105 620
740 895
518 272
579 214
8 299
417 159
743 461
867 50
943 513
371 932
316 805
850 908
180 505
479 507
773 282
219 163
678 110
356 389
650 756
599 530
618 998
930 691
280 617
941 156
436 782
885 406
645 274
31 665
257 547
136 888
443 957
746 735
433 771
609 116
808 146
795 567
152 407
240 134
985 96
566 325
466 876
278 378
805 36
989 218
580 458
473 179
651 599
966 126
961 745
309 665
686 287
14 762
602 169
901 472
905 874
370 533
342 568
909 328
109 337
697 806
894 813
849 181
85 586
406 747
684 286
820 961
494 627
271 997
387 135
743 783
133 922
475 906
658 733
96 499
93 609
858 675
143 274
709 0
458 406
887 520
530 830
807 531
412 415
926 780
798 665
8 591
618 553
491 284
750 254
797 475
322 828
66 882
303 818
452 436
683 51
593 580
844 152
890 766
49 395
67 550
255 973
276 103
483 348
736 734
177 44
649 330
307 365
434 84
799 155
845 141
776 5
577 778
30 797
113 107
543 739
582 458
470 587
765 806
941 824
938 135
60 975
500 933
904 133
377 820
563 837
159 738
232 162
2 75
286 978
133 92
100 219
646 564
861 463
749 539
795 481
167 473
904 212
544 174
40 404
870 165
926 315
936 664
265 366
321 857
430 598
249 141
687 329
153 200
384 163
378 636
898 12
982 280
138 410
600 664
973 456
699 716
673 604
123 362
889 504
494 166
854 366
994 522
667 581
540 301
993 894
510 753
263 772
485 71
569 212
998 434
702 471
528 685
154 53
639 821
768 805
485 504
136 141
960 810
466 73
936 274
410 679
104 242
95 909
487 479
460 592
373 813
120 747
581 129
654 142
478 120
617 549
608 412
103 652
999 805
401 326
363 254
665 456
770 397
807 34
936 911
562 107
289 717
501 820
906 395
876 893
948 614
557 923
84 670
301 319
924 586
298 332
306 153
853 251
132 530
317 605
350 171
208 993
428 181
131 45
859 100
506 85
956 486
936 140
473 597
125 386
627 660
895 591
606 42
303 497
331 739
645 388
177 547
456 250
403 982
606 496
169 484
767 436
405 30
229 832
992 53
124 963
648 178
321 873
626 361
820 161
435 616
564 248
926 92
961 512
521 330
942 75
805 224
428 329
846 941
94 539
782 260
118 935
853 965
982 580
15 512
351 104
328 882
404 318
193 170
468 91
111 904
992 503
844 238
101 551
487 721
566 25
998 708
930 409
222 798
256 996
845 386
197 661
873 26
218 563
329 570
731 631
921 288
574 826
894 931
157 976
503 79
766 660
564 890
101 382
265 276
829 352
360 904
514 46
978 840
774 451
54 305
678 713
204 712
93 114
621 757
1000 298
311 942
101 302
555 324
642 370
916 512
218 277
496 788
587 477
314 218
524 725
287 58
472 522
542 293
491 265
613 345
577 512
110 937
864 340
404 403
785 138
178 157
588 341
941 428
296 133
905 215
742 729
981 440
335 221
48 803
938 364
473 734
525 720
426 788
935 991
508 104
732 139
128 472
845 642
510 97
153 484
894 362
33 218
116 809
638 840
438 228
211 985
215 508
712 104
294 469
478 797
757 485
881 61
171 861
370 116
356 135
969 491
642 887
799 988
244 761
14 815
393 936
541 651
956 151
933 390
983 110
683 350
460 888
345 875
595 74
845 249
70 896
821 785
36 580
156 627
959 423
212 244
180 423
923 557
930 577
885 124
233 147
253 920
803 857
522 11
706 311
593 82
452 399
562 582
762 472
997 122
340 583
808 636
933 833
932 621
798 491
177 866
410 238
846 601
911 714
396 664
971 911
339 732
504 28
363 602
534 513
876 191
941 812
649 290
948 71
958 18
243 155
974 532
856 308
942 432
442 21
7 466
556 676
841 907
683 594
621 693
84 258
67 164
662 953
342 507
191 341
998 574
402 134
331 113
332 787
504 991
908 611
972 642
47 528
858 98
746 731
629 666
949 559
553 880
260 846
107 382
300 658
611 861
379 432
841 432
285 350
489 329
684 201
683 416
118 180
99 310
972 180
666 817
40 618
968 153
138 393
438 616
390 865
181 122
410 239
560 665
353 548
29 283
36 835
257 708
702 264
80 87
719 541
16 861
245 231
971 403
926 559
114 409
112 973
969 878
60 857
887 406
205 438
508 553
622 253
983 182
954 97
179 514
294 65
294 542
535 954
404 46
787 452
875 863
994 371
784 647
284 20
660 333
376 763
95 312
814 745
281 545
886 780
701 696
650 657
290 395
238 828
418 360
374 979
696 593
819 251
804 326
5 232
106 388
179 948
646 546
948 641
562 256
44 124
325 173
39 202
258 402
983 791
299 648
735 760
61 125
637 119
752 185
77 49
96 261
531 833
81 435
624 852
601 676
792 35
712 262
628 27
459 44
917 124
335 310
586 392
222 897
12 9
596 404
726 226
169 686
779 840
902 918
135 114
503 1
541 625
634 774
311 310
625 570
218 89
192 923
891 633
882 605
537 179
21 553
475 972
176 903
799 62
528 757
333 790
240 740
586 15
839 110
997 593
530 44
626 444
340 268
389 982
827 269
267 360
225 589
252 438
362 412
408 301
589 477
325 276
99 872
976 666
917 266
965 248
609 476
173 240
334 121
210 871
727 784
927 639
172 309
821 354
673 741
495 934
496 414
689 923
821 558
310 365
45 878
977 266
315 586
963 230
503 843
421 543
464 784
228 684
520 960
667 546
976 374
620 566
912 449
511 431
580 948
701 548
63 105
304 828
336 631
499 319
417 354
315 581
91 397
390 466
258 467
164 19
799 92
52 189
633 269
557 82
175 689
504 345
85 294
913 830
25 356
668 352
39 427
626 103
665 561
530 67
975 959
375 920
844 393
883 103
396 111
63 711
670 190
674 724
668 670
901 971
837 262
699 794
226 493
406 227
647 64
80 317
264 260
495 61
495 29
1000 261
557 775
436 941
576 838
283 213
978 758
153 883
881 426
420 966
56 585
233 975
200 987
241 675
271 88
960 794
550 8
996 618
312 427
197 409
562 337
25 817
189 987
621 582
386 925
83 980
808 836
234 650
921 640
727 22
576 1000
279 103
290 845
975 214
873 545
49 604
11 291
302 638
737 889
50 537
531 521
19 196
35 858
445 79
33 309
612 650
1 100
469 986
720 92
264 433
353 943
90 628
451 52
488 88
744 800
607 151
182 545
182 285
301 477
108 402
980 2
551 673
551 543
596 457
393 748
173 649
933 272
673 741
750 592
882 375
786 533
710 269
48 907
533 498
290 262
948 630
940 423
857 761
305 46
452 561
756 132
675 248
689 843
329 123
326 800
346 828
998 640
774 388
505 984
758 293
429 521
738 655
544 795
165 408
89 474
434 854
894 746
479 445
929 668
331 285
975 567
315 895
760 869
39 158
575 968
821 225
324 492
282 351
386 123
436 258
898 22
772 108
904 845
887 11
716 755
290 704
29 658
757 276
853 420
921 427
595 906
160 535
447 361
841 914
559 107
612 404
215 987
272 994
541 65
691 672
634 80
821 393
444 543
625 39
112 539
330 945
53 97
255 157
606 713
130 12
793 141
137 175
360 363
733 638
342 311
768 270
161 750
458 867
884 94
147 857
433 41
99 295
79 473
621 284
904 94
527 629
360 221
728 771
57 763
262 815
613 186
708 235
627 245
402 332
311 991
876 367
104 507
741 309
244 602
237 581
386 551
871 36
51 286
416 896
362 67
619 549
323 151
895 911
165 858
168 69
114 514
939 782
1000 827
932 290
800 873
501 948
876 20
305 470
279 241
628 260
568 562
57 806
326 434
932 898
299 234
320 336
108 239
324 414
789 962
962 321
733 329
161 256
563 206
177 260
240 549
685 605
10 448
977 475
780 365
912 61
754 364
796 568
211 573
569 73
919 902
749 519
327 564
523 620
285 887
431 37
229 889
616 246
413 787
620 217
792 243
735 110
368 594
194 823
397 190
968 290
459 937
119 253
455 443
657 389
679 939
589 932
634 953
171 821
35 150
82 422
485 159
257 963
743 118
560 322
14 505
813 589
305 543
813 33
19 294
848 137
424 614
441 898
175 857
635 930
229 286
467 897
215 942
18 100
285 864
463 649
118 445
404 967
206 541
565 986
689 478
704 966
571 580
483 411
911 224
338 162
911 194
755 640
564 734
454 158
202 321
974 200
834 109
819 64
10 991
721 973
487 782
850 389
91 708
119 992
368 103
360 663
683 615
205 128
200 821
972 710
297 332
100 439
321 958
657 273
445 656
86 384
256 239
763 531
635 465
528 766
519 71
784 591
568 788
670 39
499 233
661 476
299 1000
540 827
380 696
741 136
743 879
157 769
373 506
458 97
498 206
528 677
260 421
509 831
324 561
980 267
351 625
263 213
787 202
557 922
909 257
604 292
15 132
573 117
738 720
644 488
147 913
764 776
149 39
521 905
192 623
769 818
636 945
944 32
584 966
509 799
966 746
597 212
789 391
99 83
588 566
871 458
117 706
569 243
692 224
505 858
52 651
563 659
120 706
767 51
491 411
314 546
323 880
259 337
545 101
762 933
862 547
381 449
513 264
234 519
903 973
704 736
213 842
227 833
920 927
131 487
134 502
265 71
333 489
412 383
970 353
90 872
746 767
116 1000
347 888
165 714
83 672
705 758
287 416
283 893
119 463
424 139
171 846
192 295
373 211
845 449
264 597
665 875
677 504
407 888
928 261
364 399
793 195
138 284
813 621
929 508
913 357
944 530
2 54
349 730
874 430
130 903
202 575
892 311
295 576
490 298
317 243
430 143
662 565
461 362
631 61
503 161
649 220
261 287
438 901
175 318
997 972
993 235
24 48
910 552
110 316
66 729
513 95
936 444
668 101
262 706
554 159
890 270
133 557
638 672
765 808
72 580
298 573
263 445
257 308
444 534
41 871
959 217
283 315
605 266
951 394
470 131
53 584
61 744
850 815
351 26
992 162
721 483
699 334
383 976
746 973
534 14
604 857
876 320
386 115
432 108
88 260
947 856
34 928
618 587
396 64
258 629
59 883
458 214
852 783
778 128
49 724
461 62
568 1000
921 293
635 380
779 81
399 170
167 170
490 727
404 610
323 617
814 30
519 100
589 788
460 261
639 933
459 975
841 697
722 2
81 924
875 5
995 272
665 726
195 945
238 317
244 475
648 833
697 249
171 249
941 438
583 887
840 566
228 463
477 876
36 558
958 583
955 898
86 927
968 412
800 489
222 562
504 700
675 592
697 710
124 434
575 19
473 807
258 596
551 835
600 335
614 869
167 854
904 274
149 908
835 707
355 990
14 444
178 702
195 310
232 707
800 118
650 592
217 862
108 395
390 687
28 134
437 589
118 976
899 639
104 183
224 130
90 814
758 333
646 467
395 733
341 230
479 54
455 734
908 88
411 10
920 25
825 198
144 834
734 168
120 668
552 562
849 924
199 536
464 371
735 31
732 65
277 520
648 919
16 737
841 521
430 874
5 523
811 509
879 627
181 245
330 691
713 140
345 721
481 516
744 288
967 760
997 486
627 876
598 229
378 718
796 494
97 18
161 950
857 680
833 928
465 510
758 693
816 973
385 487
907 244
577 557
434 473
554 230
916 686
554 196
531 680
799 10
133 823
846 986
554 95
754 862
561 958
514 470
385 809
135 341
212 650
423 365
14 24
334 497
17 433
390 951
956 788
450 741
349 796
924 329
702 199
515 975
606 300
96 888
274 618
775 675
492 383
587 899
402 452
309 41
205 2
812 112
616 912
421 688
402 162
709 534
516 160
392 225
992 649
847 83
192 87
459 473
501 316
814 533
129 412
385 760
26 531
146 661
929 512
829 606
443 841
586 258
723 475
998 977
449 213
124 634
643 378
832 889
750 632
28 979
320 764
276 769
677 876
593 788
531 655
427 406
865 51
860 844
1 726
784 453
306 745
619 252
281 17
416 111
529 752
528 862
550 486
599 843
98 950
639 173
669 11
838 177
960 44
299 622
634 829
180 711
845 852
17 852
806 799
8 151
137 543
947 18
320 223
486 78
120 252
884 560
615 500
945 134
359 532
473 941
260 994
717 225
323 116
876 589
910 963
980 258
315 551
763 631
352 670
558 617
322 730
72 68
758 560
789 174
714 25
6 468
783 768
327 329
356 764
512 971
695 49
865 925
924 2
379 255
774 715
261 873
893 519
454 441
935 620
568 861
369 511
619 643
904 552
106 996
332 383
825 626
58 544
664 881
515 179
821 238
344 632
882 117
470 216
509 817
422 27
62 822
437 908
458 256
242 626
544 788
149 995
825 858
448 692
768 363
9 54
857 290
810 975
406 708
51 227
567 933
358 462
619 245
264 386
609 194
785 479
680 136
166 194
932 600
396 855
854 634
102 73
108 960
520 954
957 71
825 511
452 256
702 936
178 904
376 227
392 375
77 376
490 90
394 749
566 910
667 594
181 858
41 215
402 405
64 318
714 203
532 476
373 909
301 480
931 537
392 350
177 11
964 552
535 124
452 844
753 285
353 391
928 675
708 11
379 523
578 36
591 610
903 315
316 770
351 994
22 650
137 149
434 827
982 99
101 820
427 657
434 699
940 300
188 655
296 194
396 292
708 296
243 264
830 807
141 563
116 174
959 508
149 691
406 432
613 549
744 718
358 248
206 447
475 635
413 657
864 858
98 753
1000 693
889 686
689 979
506 926
22 432
793 424
709 887
205 364
828 330
109 633
884 498
564 468
542 650
783 173
75 218
942 379
616 763
769 468
355 576
638 344
741 276
442 408
799 158
940 725
957 85
513 321
107 748
12 890
105 165
6 923
95 614
865 936
372 64
18 672
730 237
405 271
381 837
565 140
598 863
307 801
100 31
211 232
206 565
3 414
897 637
754 405
656 402
272 638
418 949
974 369
494 673
627 759
746 511
744 479
205 191
197 623
748 91
752 48
314 460
240 14
729 881
753 545
531 209
625 398
182 946
881 902
820 955
201 96
840 794
302 102
929 736
943 14
983 633
484 127
242 925
808 235
787 333
886 752
915 37
188 249
438 51
176 659
585 319
740 943
82 592
920 716
505 561
593 667
349 685
502 707
376 333
907 310
471 241
627 51
282 789
103 175
995 534
737 766
6 201
152 704
311 782
841 431
605 986
890 904
272 955
697 134
899 528
624 729
47 985
973 941
883 717
16 679
963 166
1 560
573 547
88 838
312 110
589 242
746 715
935 429
784 706
348 538
46 988
615 257
264 433
137 388
214 715
378 177
130 904
723 237
708 377
312 891
611 561
640 853
432 313
609 590
700 150
29 617
297 390
657 41
747 573
62 128
549 477
213 802
84 16
378 33
688 481
870 956
539 448
632 916
337 907
101 879
915 444
409 375
314 506
394 721
569 381
284 314
173 956
263 364
662 877
798 9
364 46
740 457
655 395
557 263
397 989
304 56
467 36
62 764
239 785
701 206
372 467
778 373
661 304
92 845
632 600
361 205
618 726
995 74
892 609
225 468
603 297
67 447
935 643
70 962
746 351
634 221
407 878
634 427
540 368
487 660
907 710
663 939
525 754
49 412
157 456
990 77
311 146
534 8
782 236
231 887
290 993
404 919
889 681
766 201
623 609
108 239
781 889
453 482
421 444
139 334
606 369
515 235
146 146
230 110
647 335
846 738
868 804
382 907
463 387
152 899
902 631
358 882
860 158
653 97
565 743
15 670
341 893
93 691
384 919
648 473
445 330
325 569
996 128
892 274
796 410
821 51
933 572
740 495
672 836
779 672
195 9
253 438
672 39
485 27
60 81
333 411
487 711
487 970
708 437
508 328
13 865
237 979
680 890
715 471
22 698
841 141
956 472
18 426
694 160
53 766
754 212
611 402
713 711
823 79
347 269
599 66
310 144
591 424
493 586
786 724
563 908
528 754
628 708
658 59
230 255
28 833
45 230
3 745
426 356
479 404
400 860
860 452
11 562
1 32
138 349
602 256
600 851
136 724
159 325
515 575
651 230
400 464
174 627
539 653
821 734
115 505
344 982
645 433
258 506
859 700
20 730
587 447
218 80
900 188
687 26
880 267
636 683
522 790
374 200
473 111
435 260
367 168
980 404
562 85
427 819
694 714
943 330
666 890
727 766
938 915
47 875
941 320
685 868
733 160
28 274
834 738
793 614
790 124
661 337
596 370
369 927
83 549
640 771
176 398
808 963
2 875
66 539
101 210
871 185
409 265
834 935
536 313
252 148
306 681
460 821
90 567
68 728
214 292
53 864
314 998
724 612
481 133
625 412
372 322
557 393
149 97
168 986
253 735
692 2
880 825
789 364
928 631
35 910
596 713
223 804
597 306
279 990
470 824
768 901
158 932
357 615
547 34
102 915
677 969
878 832
709 359
535 63
266 87
316 8
193 555
266 756
516 933
999 367
908 681
515 765
73 212
294 977
518 19
418 221
610 460
474 120
184 556
478 399
913 137
978 593
501 404
866 125
987 801
194 351
455 931
560 441
948 45
790 411
876 507
591 486
186 602
238 773
658 666
483 707
598 280
596 230
231 128
419 715
741 650
589 487
88 137
563 357
49 193
387 763
474 256
936 649
662 43
169 646
719 732
240 519
870 887
986 452
68 136
178 529
715 453
366 584
749 469
437 289
864 168
733 792
683 500
589 741
209 836
955 26
803 648
140 833
97 109
631 470
758 837
791 202
102 857
154 248
139 361
536 642
938 341
711 805
542 980
249 468
720 907
123 425
67 458
307 542
911 225
997 865
885 541
183 24
88 389
507 585
910 161
34 972
626 330
983 49
848 540
824 890
653 11
974 586
23 344
482 416
178 394
492 154
275 478
91 441
328 59
373 305
736 295
499 190
447 906
475 984
27 701
47 178
698 288
837 461
273 949
524 896
577 103
679 722
602 669
292 702
150 331
966 317
16 743
130 372
900 9
760 942
449 616
4 130
885 313
381 888
171 110
813 227
612 409
879 347
299 148
503 163
662 233
365 424
280 345
879 878
263 429
782 657
497 392
546 776
373 335
971 768
326 729
985 680
186 255
637 77
693 741
817 961
822 856
704 904
131 250
612 340
462 905
403 58
848 325
476 930
232 941
230 432
438 33
227 156
609 467
905 345
728 751
190 246
406 710
159 105
332 71
910 82
132 809
630 553
866 774
843 10
971 591
516 449
164 375
1000 33
18 280
137 485
769 364
980 130
338 889
71 136
322 80
835 523
721 648
898 694
37 556
991 985
468 66
126 405
525 93
376 257
324 221
376 10
318 931
269 211
43 220
844 960
792 219
911 671
124 848
75 705
426 608
441 480
428 197
748 282
35 894
27 233
448 367
875 623
568 706
670 742
542 491
263 404
625 126
689 30
749 305
876 821
389 785
167 758
484 692
270 304
63 977
80 393
513 547
456 564
919 536
870 717
424 654
863 443
777 712
863 753
236 835
815 658
105 858
801 735
826 274
83 552
280 667
772 725
880 754
994 66
751 1000
348 685
513 958
784 413
82 606
449 70
154 525
224 186
749 176
574 735
388 854
744 786
785 821
747 969
292 477
899 439
510 961
832 565
445 787
324 774
656 946
737 942
118 630
178 745
630 773
328 281
250 652
356 137
89 12
870 688
681 490
455 86
776 101
431 86
423 723
847 136
413 301
822 843
453 884
86 702
50 510
999 268
252 858
880 994
332 91
843 661
404 570
398 207
757 466
281 306
320 478
435 667
27 464
818 467
942 240
774 177
416 955
137 892
82 899
132 172
293 372
71 805
381 607
102 256
120 744
497 614
372 636
819 418
602 642
736 236
814 792
396 195
434 821
493 238
200 449
528 516
255 787
480 798
554 461
18 47
824 230
257 133
286 467
404 719
612 848
292 44
826 595
369 618
414 904
862 702
974 404
712 509
869 281
391 676
307 419
180 861
852 246
315 200
27 69
52 770
268 625
130 148
658 105
130 598
650 366
330 208
429 719
888 158
307 29
277 520
939 638
527 106
443 739
381 685
686 786
437 829
525 766
166 991
378 620
590 975
236 477
230 544
115 853
116 637
666 51
263 494
555 236
728 607
233 785
471 850
555 718
95 501
367 458
168 149
276 881
418 422
402 62
738 380
553 114
761 399
406 8
781 190
940 29
645 428
787 673
171 840
96 349
566 789
381 804
961 753
144 948
806 47
209 86
848 604
217 434
94 833
991 78
938 752
317 702
587 131
293 980
750 196
31 259
849 624
504 436
755 106
411 415
769 757
463 282
782 106
988 125
298 714
397 795
12 590
472 392
363 190
964 200
216 821
556 247
106 647
22 953
741 644
975 667
109 742
149 842
321 697
179 538
417 758
772 898
397 524
403 418
329 976
116 598
548 742
535 465
200 429
822 7
749 631
389 393
23 562
476 14
938 170
169 759
724 38
183 460
819 143
649 845
558 341
730 0
528 641
291 819
142 233
803 981
216 309
502 578
579 281
105 333
112 102
437 576
540 138
384 712
995 913
292 793
98 165
186 531
308 61
742 935
893 497
422 835
922 608
587 305
599 946
406 134
409 14
490 446
875 863
104 934
642 932
588 636
397 389
771 75
120 556
979 554
875 646
125 859
425 147
845 616
429 562
930 312
524 618
650 118
267 397
20 8
805 105
436 368
540 704
638 433
475 504
125 572
673 621
741 383
994 264
892 210
455 237
621 225
891 179
128 909
705 994
933 537
79 73
544 105
365 856
285 330
987 486
615 575
863 230
403 17
354 17
528 56
785 805
265 157
880 800
798 765
130 90
585 237
842 298
768 893
950 743
952 650
967 76
584 351
749 17
60 579
82 883
913 181
94 863
965 675
880 162
178 20
703 354
718 970
182 633
28 458
762 726
722 791
285 122
226 738
213 539
92 587
99 299
222 962
904 610
132 221
168 220
578 555
897 297
180 197
420 515
853 289
186 429
593 214
716 387
382 667
82 789
913 743
101 353
590 110
262 943
969 150
136 423
111 811
654 766
618 389
761 897
517 288
430 901
107 445
93 66
781 868
476 694
370 296
186 152
701 654
483 712
4 776
511 136
752 862
57 248
982 704
790 282
800 315
566 609
471 523
393 156
895 878
872 425
64 332
511 285
56 12
503 420
941 665
882 259
611 5
63 942
891 328
939 933
301 993
133 623
274 491
458 358
158 50
316 511
163 470
919 329
762 493
423 985
977 310
411 962
773 97
192 942
323 212
208 981
970 898
283 197
348 806
814 779
716 203
810 518
55 6
927 179
332 315
942 844
397 984
493 528
855 771
681 462
294 886
790 142
799 87
984 588
135 668
381 889
876 582
982 952
296 564
763 769
230 420
215 654
405 479
368 590
646 75
217 923
583 529
19 717
686 990
437 719
311 792
217 22
463 545
75 648
499 910
31 769
841 888
686 326
1000 716
152 485
204 366
809 337
960 617
589 200
825 823
727 406
272 506
514 34
952 733
662 952
981 367
144 903
345 905
947 263
917 846
239 711
497 938
81 504
551 44
675 90
643 550
413 901
202 695
626 919
571 410
409 584
305 858
988 896
734 250
234 28
387 985
571 716
138 496
435 272
511 187
903 363
837 628
243 483
913 920
596 579
5 206
112 356
997 208
223 418
568 205
309 551
438 871
388 363
678 624
127 788
876 298
691 390
901 997
425 908
43 598
313 11
176 376
897 172
130 730
384 466
419 543
256 434
475 711
925 676
976 18
395 432
747 168
612 472
719 203
999 815
791 431
115 779
582 289
238 56
361 466
225 214
665 831
480 866
345 761
656 635
766 405
857 966
135 38
854 784
630 99
313 243
265 628
988 374
583 229
406 779
63 70
76 316
504 606
643 284
491 76
141 208
798 491
758 538
830 390
968 923
682 835
269 551
621 467
912 496
854 44
713 476
751 748
704 248
907 330
123 182
825 841
291 951
203 420
362 865
554 681
520 590
12 563
627 781
262 737
524 108
708 885
167 272
877 632
345 821
800 224
47 329
573 80
228 237
523 638
856 747
302 831
172 337
488 364
115 10
900 681
595 525
341 149
273 516
726 717
777 20
798 945
212 687
832 194
817 447
939 780
29 835
972 58
340 977
69 852
184 745
847 744
791 789
614 613
378 861
401 103
201 668
188 187
700 298
247 817
107 768
491 84
248 735
260 607
366 375
956 273
418 421
323 451
387 784
857 742
583 813
614 699
845 553
663 377
663 547
160 160
852 116
857 794
466 267
189 639
162 969
153 744
25 570
994 725
322 630
290 250
316 9
517 515
818 702
248 794
632 537
587 399
860 876
614 907
540 691
514 447
592 96
316 354
527 520
451 902
945 424
948 713
918 757
20 648
826 281
491 916
219 996
636 104
191 599
395 749
710 205
435 142
390 944
879 790
768 722
464 699
575 167
720 402
711 400
651 269
343 469
850 238
385 4
728 333
988 46
119 516
850 988
731 616
42 520
441 659
620 247
888 998
454 910
762 647
223 531
161 920
484 549
554 120
261 11
163 301
711 983
306 970
434 242
410 23
229 426
610 217
26 835
728 584
540 899
822 697
340 788
970 688
542 779
280 72
131 72
465 485
404 114
184 143
135 37
514 723
418 243
656 237
468 137
428 393
445 170
809 613
59 537
973 564
366 381
842 117
265 990
148 273
780 411
741 778
388 621
371 20
864 782
448 640
21 966
187 797
406 139
864 128
116 154
481 354
971 219
862 46
759 867
883 48
118 552
813 419
673 943
418 609
867 885
952 545
360 800
875 549
160 36
486 449
756 570
422 42
781 953
892 3
924 919
467 227
361 599
838 454
430 466
456 177
339 423
438 509
613 537
71 207
427 862
173 948
5 422
773 43
626 166
997 722
839 516
253 783
424 863
511 443
877 192
607 634
657 34
126 203
496 347
822 30
671 112
726 118
689 299
542 363
848 707
728 156
189 179
855 373
233 38
808 45
968 513
941 932
866 706
114 920
244 706
400 63
716 412
859 124
427 932
923 693
24 637
664 635
650 850
477 943
744 262
764 739
585 24
697 161
615 288
168 276
576 115
120 333
115 264
400 466
243 658
884 769
875 554
24 129
117 927
298 292
309 650
51 154
216 975
502 746
868 474
403 302
116 997
861 887
945 259
429 359
824 821
476 947
69 917
725 985
231 62
186 746
265 816
487 734
567 97
119 604
910 209
617 986
970 246
230 935
187 259
671 577
364 658
512 659
589 56
134 628
831 927
774 320
770 469
388 844
286 140
779 569
978 443
541 87
850 242
619 943
582 230
975 218
254 835
385 660
350 397
1 237
47 583
32 651
365 661
946 325
469 70
134 810
334 238
336 776
44 292
443 282
560 598
546 829
784 672
24 663
652 501
658 663
456 915
10 734
253 829
670 2
133 253
125 158
258 75
769 56
686 635
781 586
945 639
518 138
424 173
865 88
639 440
658 318
29 765
24 718
604 852
682 472
360 609
171 767
907 871
173 85
704 685
250 796
765 276
388 704
154 723
76 693
122 651
858 149
563 426
938 593
389 86
387 623
124 825
162 545
869 616
484 326
502 871
846 595
638 58
642 905
948 913
471 335
228 52
569 741
793 259
264 740
86 346
709 966
992 351
238 43
888 172
198 358
357 871
487 522
131 320
873 497
878 174
982 607
826 564
126 892
230 375
993 708
808 384
560 676
756 385
105 664
381 566
46 879
14 764
28 426
973 282
58 617
576 105
540 83
622 70
446 30
957 216
769 333
901 462
994 630
219 19
258 558
177 491
630 762
391 674
726 329
573 116
35 179
437 402
218 811
596 489
249 815
318 985
665 164
165 332
919 994
114 980
856 351
400 862
631 190
836 20
222 157
395 977
820 287
498 194
122 441
263 450
724 782
452 736
393 317
496 860
83 516
718 477
378 446
452 343
299 597
930 269
561 331
798 530
793 11
498 762
837 780
758 836
841 895
203 344
946 105
859 841
681 589
562 745
954 195
584 835
865 715
335 848
336 771
273 543
550 545
533 94
513 231
370 970
618 585
854 557
448 570
113 440
133 839
949 773
202 39
707 800
494 596
630 128
941 597
197 415
408 4
833 540
129 964
936 675
382 544
480 88
526 129
444 178
644 172
926 422
525 235
734 794
430 480
16 30
972 893
357 593
948 925
496 466
879 433
726 694
294 832
359 46
385 220
546 220
49 130
490 450
844 48
30 911
208 841
406 199
376 631
993 85
935 80
819 948
338 683
7 615
469 914
754 380
68 512
22 772
296 476
321 496
138 789
8 430
71 719
446 83
584 572
70 281
108 380
860 30
694 199
975 882
170 305
650 922
97 145
617 466
932 602
400 289
215 537
232 669
106 108
734 8
832 751
494 291
497 474
265 64
197 262
942 391
488 424
796 741
144 438
201 626
620 646
254 340
311 786
821 982
0 431
158 284
496 353
160 629
647 634
861 706
521 884
356 226
389 831
669 356
868 5
856 819
646 71
623 59
935 755
452 662
517 213
137 452
217 680
102 927
26 906
695 109
331 934
582 185
844 878
995 29
764 682
502 283
897 723
83 139
193 404
171 774
555 156
352 697
542 124
329 530
470 998
226 803
210 405
397 33
315 271
511 932
546 444
38 346
934 783
959 495
195 216
98 391
144 209
10 649
561 157
891 637
708 523
696 33
10 120
198 679
992 231
299 913
934 244
458 969
882 75
573 952
611 578
182 424
817 178
881 821
829 201
724 228
546 620
784 642
741 302
398 163
937 728
25 952
997 727
378 840
328 470
436 114
75 236
386 458
678 938
653 843
862 570
327 80
3 701
69 796
536 910
589 617
313 906
40 329
212 100
684 375
552 190
528 870
837 959
638 919
540 729
379 276
159 794
635 135
491 770
565 64
628 142
656 677
783 919
307 367
748 852
212 504
899 498
763 725
771 910
443 200
697 251
176 639
484 72
371 132
254 549
559 929
254 1
402 292
552 970
627 929
570 486
184 675
660 960
234 8
665 477
182 511
17 50
342 491
591 183
885 135
215 861
245 703
892 800
810 403
665 364
919 423
105 77
685 59
679 54
177 474
152 812
231 931
492 511
16 650
511 591
577 189
685 711
13 553
214 816
883 606
352 422
236 362
773 800
897 781
320 756
974 710
244 314
98 968
587 998
23 417
481 548
360 867
773 938
97 964
710 801
157 542
284 847
821 9
477 655
174 593
308 267
913 309
442 442
843 645
617 3
269 936
901 633
706 213
550 759
856 264
351 388
832 177
166 214
191 608
302 250
927 565
564 772
95 312
208 919
58 461
785 328
395 827
929 108
623 686
98 939
499 796
712 844
656 690
277 810
5 385
519 415
948 411
109 775
457 263
221 461
226 513
196 212
115 585
444 0
85 757
167 776
710 915
855 773
698 207
213 496
918 508
535 421
666 143
380 641
287 484
818 203
212 677
680 744
432 226
544 185
894 583
18 817
893 995
886 842
762 209
372 502
743 800
276 149
320 63
413 627
207 778
499 251
703 671
952 91
227 650
33 850
353 78
627 961
222 184
423 301
284 419
792 482
647 194
889 372
957 368
319 530
619 364
750 561
244 753
177 239
563 202
328 199
95 483
455 838
617 567
176 65
211 956
236 856
483 7
690 373
387 953
40 787
821 127
957 802
680 235
911 245
989 111
850 641
911 758
449 353
600 411
901 604
372 957
653 272
295 400
634 429
900 415
986 944
746 898
568 538
445 754
497 909
18 937
683 73
91 738
856 975
734 708
493 291
440 799
851 691
154 847
579 807
370 12
916 417
278 541
99 798
876 600
186 124
156 286
978 706
444 960
650 313
583 500
930 194
61 577
20 246
787 887
847 105
809 169
827 222
500 789
567 533
106 518
133 549
785 92
552 62
442 24
585 403
618 271
72 259
457 575
764 291
739 646
85 28
848 47
82 428
610 509
848 405
937 499
947 999
670 867
907 499
818 418
566 315
974 803
676 42
175 335
201 140
821 858
542 1
126 751
857 294
279 880
34 637
291 524
187 971
925 677
334 245
147 888
311 725
986 174
69 260
312 515
659 849
543 156
266 922
443 525
747 418
786 128
125 955
157 483
499 43
650 314
662 822
327 445
669 218
421 937
257 897
822 821
572 30
102 186
55 148
897 368
356 776
899 629
996 324
497 106
106 812
912 821
81 1000
762 435
499 123
240 92
672 322
833 600
192 471
879 957
414 577
84 336
977 953
852 326
567 37
171 955
565 470
988 995
504 695
60 690
439 327
981 435
314 673
262 230
485 580
176 975
528 368
408 839
1000 116
716 215
720 187
541 175
938 805
130 833
574 870
569 722
610 508
13 534
85 168
427 335
519 336
935 289
386 302
83 936
877 462
920 775
394 932
530 949
568 97
644 621
157 640
840 500
717 916
253 434
75 526
184 882
815 473
89 939
657 321
85 360
402 300
483 63
736 708
116 567
94 577
187 889
108 662
426 310
105 250
992 420
398 837
237 417
39 357
842 338
917 832
219 760
280 197
588 111
584 319
806 113
189 477
550 300
207 147
75 757
366 602
250 624
882 150
319 624
232 688
283 678
908 707
705 984
120 830
90 708
416 497
693 327
351 996
977 54
114 407
995 143
780 557
895 227
999 468
719 263
369 245
839 976
596 655
116 609
21 402
767 786
785 810
63 804
310 405
12 99
799 101
43 925
727 10
65 434
894 359
666 241
720 767
549 988
987 86
250 535
641 65
794 907
926 170
691 418
587 191
899 688
574 678
924 913
421 585
253 300
346 260
856 176
838 914
653 716
233 260
83 947
416 896
729 485
895 260
920 258
81 56
284 111
154 249
829 744
202 896
112 326
782 452
759 78
965 923
419 189
606 732
377 399
362 561
298 653
171 232
163 627
792 29
989 252
815 961
958 712
818 430
807 684
280 797
301 620
590 585
923 417
872 574
924 624
28 48
884 663
266 177
972 675
973 428
541 334
134 584
110 836
657 455
342 673
873 532
545 225
924 44
709 957
658 687
657 405
704 668
213 70
940 77
839 800
57 73
709 137
183 589
411 291
29 547
800 539
284 94
395 509
258 696
815 771
70 297
225 821
375 530
898 72
949 343
192 238
993 120
215 862
681 672
816 89
663 818
85 264
765 327
770 112
380 529
113 543
702 203
364 199
468 570
639 700
496 696
143 92
601 217
472 237
271 186
971 964
548 510
255 467
71 804
821 1
476 273
40 516
146 117
584 633
284 210
161 653
622 571
811 440
159 83
482 196
914 956
394 131
454 621
852 864
527 912
960 281
831 322
732 420
507 869
980 577
262 922
225 169
669 480
998 872
941 253
91 770
297 186
534 491
455 280
685 973
750 565
421 174
223 79
923 708
864 935
414 804
185 838
417 684
599 952
619 686
447 713
346 125
98 218
7 188
862 775
449 756
792 526
852 909
834 612
696 910
155 815
644 851
849 1
398 91
411 575
42 741
936 558
361 689
691 949
727 804
721 290
719 842
252 785
498 294
873 139
278 740
830 956
196 529
698 469
834 858
32 476
309 834
929 143
468 646
394 865
999 628
81 734
119 749
369 128
300 619
529 669
316 142
944 23
877 876
382 214
786 275
985 747
415 621
830 99
304 58
241 37
860 798
32 734
121 447
516 234
949 187
101 351
248 737
197 40
614 250
259 303
181 155
682 96
467 481
598 564
339 117
241 742
772 999
241 783
283 649
49 881
551 63
464 480
54 251
493 568
806 120
198 276
797 468
762 292
541 323
100 913
779 385
799 481
45 571
808 539
531 94
920 178
912 649
196 338
657 114
915 884
385 974
107 95
694 961
963 559
388 174
166 828
227 696
814 466
1 654
812 388
52 588
977 698
284 137
714 926
670 839
717 638
341 162
918 864
711 640
660 991
137 475
518 693
960 62
207 993
980 641
529 876
810 869
442 353
181 845
519 843
502 818
226 635
466 159
348 177
100 277
739 520
439 322
947 583
572 915
531 173
259 884
330 127
166 59
652 18
656 296
107 330
508 663
681 815
339 717
897 478
399 184
933 267
659 248
21 554
876 722
92 359
237 211
750 976
699 530
39 372
45 235
918 288
46 296
709 193
110 627
544 28
501 898
82 206
75 431
564 423
520 648
701 996
667 286
696 259
108 339
279 920
127 337
20 854
525 144
713 175
762 290
359 42
1000 191
163 287
380 844
372 84
302 359
165 99
664 107
517 665
165 645
334 983
679 711
671 115
201 730
739 294
965 379
870 84
146 989
15 651
918 859
108 672
921 291
412 27
352 627
194 184
294 90
522 269
175 773
158 956
411 214
261 616
252 726
369 449
945 215
490 957
296 552
240 983
132 675
624 708
485 984
565 517
842 675
62 273
422 627
274 855
635 780
974 738
715 771
964 466
571 751
366 151
422 166
58 988
769 828
400 874
917 943
308 297
107 289
666 990
576 116
904 28
801 427
341 335
129 651
259 554
489 755
530 980
260 202
760 714
846 861
667 911
528 127
960 138
123 498
187 368
337 289
105 892
650 898
943 595
701 727
757 623
600 462
959 279
297 813
772 516
324 908
118 632
370 452
116 482
212 28
588 138
255 299
780 355
380 144
974 329
490 720
949 925
858 257
555 517
851 115
939 24
772 609
828 1
485 868
384 406
30 780
504 189
929 213
801 973
77 734
154 873
607 738
337 935
62 371
715 580
691 101
627 166
577 1000
205 410
49 701
873 94
616 148
786 190
419 291
761 848
87 509
669 476
100 98
112 685
609 129
954 154
768 494
680 453
310 105
990 825
157 639
359 919
958 532
569 793
958 690
195 38
118 206
287 346
475 79
486 846
605 740
401 300
777 47
53 625
940 140
287 880
58 7
712 100
193 451
562 777
279 944
247 30
457 918
762 814
487 98
864 676
725 964
412 680
552 231
830 353
896 28
999 543
229 920
655 118
793 501
416 419
84 768
291 542
976 189
681 138
312 552
882 721
455 481
246 102
769 937
936 430
979 640
272 891
599 172
229 382
375 590
987 766
599 311
187 924
196 535
72 579
293 888
872 631
183 739
268 78
118 647
878 685
31 912
955 798
367 724
103 262
396 422
718 658
737 483
264 889
455 581
645 660
199 402
292 117
161 28
91 383
290 900
360 396
265 104
946 89
978 218
781 190
864 747
698 667
53 232
653 563
160 316
334 524
124 335
762 443
591 524
379 966
994 363
558 333
331 686
263 874
427 715
134 213
739 569
501 384
253 702
230 794
4 263
814 436
656 711
18 828
311 316
99 985
445 850
320 301
652 975
401 187
340 344
961 840
202 920
576 656
763 353
453 7
203 532
118 994
232 975
739 206
932 822
348 852
395 690
146 917
550 517
139 997
785 417
435 723
457 246
779 767
196 128
298 841
763 367
917 481
87 557
436 282
362 258
13 582
1000 367
363 1000
33 499
379 933
138 976
373 788
926 631
57 866
223 375
159 167
513 96
548 354
257 586
597 932
549 698
59 275
391 140
920 951
542 955
982 22
323 344
344 291
348 653
507 204
342 661
775 603
101 337
86 288
649 142
83 910
179 610
119 815
134 996
989 955
705 935
816 617
658 49
240 547
245 349
9 532
783 421
331 32
599 276
535 741
410 269
380 207
401 930
315 510
251 838
659 74
897 373
397 547
612 521
454 922
587 805
13 738
208 899
915 892
779 320
313 306
11 367
437 851
874 534
324 982
971 943
790 243
317 927
289 643
799 651
487 88
319 733
492 719
193 217
316 572
90 181
492 590
43 596
544 765
700 389
762 41
959 405
175 585
634 935
657 338
12 841
357 51
367 144
838 192
785 976
48 828
31 63
188 338
792 212
935 195
86 663
69 556
981 603
256 226
893 648
843 901
17 254
973 223
967 305
987 52
497 672
241 174
688 317
109 559
638 904
548 792
263 994
980 417
203 939
858 403
916 775
79 260
637 224
758 699
12 544
318 207
646 873
56 495
152 393
158 337
544 807
380 443
781 498
840 694
361 908
804 536
661 854
751 755
771 998
441 541
778 754
137 371
708 3
79 636
748 489
269 457
599 978
774 495
557 184
189 341
696 331
991 632
648 851
628 113
220 50
894 889
46 188
182 988
467 816
521 438
402 522
12 689
546 435
256 129
297 692
13 984
75 906
418 357
829 395
460 570
713 914
8 981
279 813
570 279
329 853
778 152
413 267
195 935
51 228
396 569
816 319
254 901
89 872
822 515
550 535
458 892
945 164
332 123
95 431
607 81
157 801
579 615
162 561
505 154
755 905
311 98
58 120
72 410
318 263
713 100
295 52
952 61
103 20
344 429
553 319
57 881
893 884
925 989
204 447
626 919
575 866
635 271
693 828
833 548
652 803
139 264
746 370
657 434
746 313
611 843
454 922
559 646
498 846
884 596
151 107
552 810
643 537
480 753
809 461
878 339
365 623
660 680
419 830
911 613
594 785
414 591
699 740
395 246
966 291
143 252
149 41
5 562
281 378
914 441
500 798
856 617
71 585
439 838
644 796
287 128
192 720
758 872
533 701
265 230
937 476
17 2
964 492
765 235
579 611
134 282
586 953
113 218
858 220
414 569
280 331
209 417
868 902
562 351
382 153
79 815
201 948
854 449
827 544
634 873
520 931
916 296
53 90
610 929
842 731
987 329
423 687
808 22
277 704
725 254
710 339
797 651
676 120
168 12
859 975
230 447
616 531
754 688
900 563
481 482
274 327
29 451
886 811
844 632
793 801
37 356
810 483
75 899
203 502
964 182
771 313
309 64
52 452
388 120
733 955
946 596
155 867
125 353
6 100
197 673
311 596
841 450
43 60
80 486
518 674
697 956
977 3
607 766
884 384
64 833
651 909
116 409
850 373
675 180
545 485
234 247
65 925
787 271
290 793
670 183
289 977
75 650
62 123
271 127
26 542
708 267
506 306
702 203
788 566
401 927
735 70
420 253
530 672
103 986
255 616
452 203
302 462
613 145
485 465
441 510
741 254
203 801
304 461
606 326
236 291
648 230
640 457
682 74
349 115
847 485
738 496
392 127
151 818
324 561
701 346
85 812
765 264
344 510
399 81
308 420
140 321
762 503
961 122
176 278
545 132
62 430
957 741
527 481
733 571
535 170
350 725
777 35
646 508
205 810
291 57
333 707
432 106
852 4
543 356
37 457
907 764
480 510
558 554
824 603
713 423
111 304
586 39
307 846
227 784
720 920
332 237
178 307
870 536
873 396
822 732
590 514
60 877
628 170
733 280
567 41
840 550
992 379
557 445
957 287
997 384
17 332
457 692
497 792
208 539
106 288
787 679
426 185
165 20
92 999
518 698
709 104
761 578
754 621
205 302
39 3
128 968
549 178
687 882
248 702
95 689
908 994
675 724
170 133
930 502
900 671
301 97
887 571
908 972
56 670
47 946
409 163
464 689
979 446
590 779
389 231
895 654
456 157
821 174
829 601
913 879
80 180
444 548
368 942
574 485
83 188
3 640
629 483
219 141
116 854
267 481
136 951
884 267
663 330
37 789
65 201
880 237
451 769
157 198
650 920
80 160
920 682
733 223
367 224
538 181
99 310
470 870
195 820
882 306
586 289
158 801
259 232
442 913
729 14
439 907
904 176
283 77
601 222
320 218
975 538
208 588
23 730
405 439
888 151
944 647
147 557
866 960
477 587
643 14
506 557
447 904
874 661
536 645
183 871
209 166
567 589
636 936
731 748
15 957
808 648
437 733
999 532
721 462
23 213
254 553
507 613
341 896
283 170
899 905
21 599
938 464
495 726
986 458
284 292
895 51
132 726
708 642
366 307
874 402
166 13
869 361
829 349
212 162
789 789
832 139
284 55
392 321
267 897
476 286
552 402
888 944
968 921
687 568
217 292
421 129
520 245
587 819
47 81
502 142
717 274
953 717
552 702
771 570
49 562
466 494
761 686
161 180
69 540
33 892
932 74
266 333
292 132
601 595
330 711
74 369
632 989
737 343
15 741
374 447
181 971
635 437
470 311
702 119
956 387
555 101
492 996
771 39
235 347
901 536
903 285
168 691
853 257
10 440
925 641
565 478
789 321
296 740
214 614
552 186
781 588
890 794
66 179
845 797
535 700
346 127
473 934
40 315
786 195
190 255
345 738
487 965
408 651
428 410
989 487
724 223
69 719
727 575
996 539
66 322
320 440
580 480
357 478
588 485
121 227
53 820
278 918
669 669
196 100
862 251
984 829
284 711
530 536
366 836
632 146
745 614
842 763
853 207
258 562
612 256
972 474
151 108
23 242
752 225
903 374
468 393
305 224
852 657
95 133
371 704
75 300
245 276
215 879
886 282
384 547
104 405
162 134
284 902
66 226
955 829
406 107
870 384
754 364
627 743
880 401
634 216
99 761
967 941
578 933
169 714
658 606
902 108
992 832
428 206
536 9
483 843
164 976
889 463
113 354
732 687
538 535
795 619
872 850
323 917
875 932
84 414
288 375
320 196
87 169
879 643
988 10
640 828
908 517
812 638
832 84
513 441
323 775
59 644
939 894
28 858
59 570
682 553
6 18
618 459
418 405
473 162
3 535
76 6
897 229
33 373
963 285
872 767
28 643
141 886
1000 54
197 899
281 770
167 915
853 703
221 628
357 654
428 616
643 488
428 491
270 704
9 39
569 624
48 786
643 715
646 501
219 541
908 715
569 623
111 562
444 215
952 5
481 31
550 410
299 731
557 836
678 725
433 930
713 138
15 49
561 568
634 568
403 905
918 665
606 206
595 582
130 793
403 185
64 27
42 192
554 963
83 886
343 48
930 891
746 235
7 279
518 231
646 785
105 851
749 969
321 270
379 536
682 786
584 584
993 844
123 807
936 780
298 836
312 201
765 494
91 681
858 556
190 279
353 951
955 300
448 219
587 364
135 793
263 59
784 609
676 953
609 406
110 696
546 997
832 366
186 869
49 489
192 55
899 64
22 825
317 521
21 327
215 956
351 345
748 280
953 621
301 116
355 509
645 438
662 464
531 114
119 226
94 386
153 985
489 751
314 588
458 816
13 975
411 776
238 390
771 59
147 792
178 938
947 261
829 909
388 666
408 514
707 343
61 366
218 317
312 691
607 409
635 5
574 660
627 568
971 815
771 742
181 504
934 29
784 413
269 608
653 574
903 250
75 481
198 731
141 450
270 788
540 696
23 495
634 38
461 918
86 736
168 741
969 489
286 47
426 790
628 574
107 706
802 573
384 363
764 639
570 769
242 311
807 82
321 631
92 32
752 916
921 997
969 813
414 253
52 563
620 50
6 446
22 67
10 170
927 461
491 131
369 789
19 181
507 874
677 805
177 247
522 217
75 953
149 294
270 586
681 329
894 827
218 949
456 335
387 650
905 86
356 488
894 336
510 836
817 169
67 149
76 298
858 230
886 99
132 6
947 189
262 444
983 691
704 279
882 289
948 321
515 712
246 249
89 46
848 815
404 662
687 81
42 213
322 701
567 499
487 1000
191 857
555 973
838 579
779 508
30 958
686 451
228 387
731 766
133 449
961 330
985 373
387 14
275 536
536 430
876 123
581 647
891 751
45 987
709 814
666 310
57 210
520 64
758 848
582 680
594 902
226 752
101 643
199 927
949 438
280 8
902 122
715 954
28 196
813 850
222 161
43 73
213 994
201 906
481 855
123 397
106 725
584 627
77 710
575 705
164 149
814 535
736 187
96 266
304 947
49 830
531 19
868 225
863 44
258 551
839 917
567 404
218 966
892 319
782 263
730 27
926 701
124 702
730 264
230 564
359 182
201 735
681 905
203 238
274 602
825 924
824 756
225 140
825 213
163 416
185 592
497 739
580 672
604 461
512 296
424 319
847 261
576 732
221 355
560 746
538 392
765 599
151 972
669 108
39 840
324 471
36 882
105 128
286 383
115 675
811 536
198 663
856 321
441 783
507 781
999 579
282 354
424 820
753 18
103 230
359 989
125 822
918 534
395 87
26 722
893 569
792 890
76 131
121 109
502 936
118 129
436 447
327 113
406 780
358 240
118 900
191 279
551 86
254 822
502 278
277 192
639 707
600 672
238 129
427 780
265 610
540 825
809 403
462 558
17 708
342 487
769 742
873 124
88 574
735 612
392 998
858 977
431 470
596 728
232 933
931 360
705 650
898 518
271 81
994 705
999 305
106 294
147 271
377 271
428 897
429 117
822 80
912 189
742 325
606 776
8 350
69 756
931 112
647 672
599 831
987 826
526 930
283 668
634 191
42 306
685 314
522 842
589 447
724 888
120 354
573 62
138 687
953 647
661 810
810 920
831 135
824 111
107 829
871 916
502 886
319 122
63 259
614 384
766 895
320 610
586 141
750 398
418 167
985 866
491 355
974 269
50 585
543 435
772 941
566 235
226 133
549 91
564 17
455 740
440 31
61 707
51 477
505 587
666 718
291 250
919 848
345 424
755 254
785 209
700 943
28 206
434 642
974 216
759 660
654 22
194 380
579 217
750 914
226 926
591 526
211 627
327 757
890 642
978 457
392 966
478 752
65 963
880 937
1000 288
579 393
257 789
787 143
834 62
756 190
696 261
587 767
206 516
586 887
165 866
530 809
973 635
15 928
310 581
279 488
769 517
848 516
986 909
481 290
741 137
396 539
293 715
811 515
780 682
600 830
669 789
683 622
476 52
797 978
342 301
531 266
467 360
906 696
46 788
723 313
373 696
480 646
443 647
558 174
855 275
912 905
124 183
542 52
78 500
828 931
964 103
487 305
932 669
384 449
85 973
725 88
646 327
799 743
108 15
398 534
997 899
605 530
183 882
176 558
783 526
313 845
310 591
179 871
581 808
346 323
503 95
9 502
316 35
675 269
515 226
3 7
935 717
798 246
114 105
238 396
641 943
207 864
433 662
542 16
386 4
14 391
333 29
190 795
284 656
641 334
357 603
161 628
741 373
326 471
479 99
487 745
594 292
780 576
356 648
326 990
499 849
71 963
984 497
278 896
876 97
377 591
42 485
448 249
8 129
499 606
211 32
568 970
617 464
641 601
263 289
915 978
816 449
955 676
520 662
953 158
686 785
252 439
59 601
14 656
928 463
860 515
793 461
488 287
139 521
684 446
332 847
381 119
957 415
317 186
423 172
377 990
839 820
126 806
53 75
839 378
323 764
727 452
270 929
91 896
712 434
503 498
215 443
878 561
270 19
24 403
392 723
88 591
570 832
874 686
932 198
495 945
842 856
408 210
104 519
983 295
264 196
561 716
565 879
362 476
283 8
113 93
573 858
991 12
860 697
600 174
937 804
632 587
518 8
685 271
962 480
5 134
685 839
983 674
928 82
641 864
386 997
299 735
93 714
89 151
776 488
34 927
606 779
318 986
370 199
31 92
186 340
46 452
353 528
504 905
486 721
79 926
549 559
9 810
625 253
223 810
187 92
139 492
409 720
420 732
686 438
168 916
640 382
565 325
270 164
49 28
85 322
144 489
216 562
947 108
316 443
295 887
782 20
703 461
591 488
300 395
384 949
190 293
479 339
670 519
485 387
105 379
427 660
273 842
716 793
582 365
549 896
860 521
284 752
15 684
762 143
914 954
553 79
756 718
774 574
781 604
230 187
69 164
595 221
533 913
538 352
254 603
197 726
20 50
82 24
516 547
878 870
224 954
94 816
512 782
163 569
151 445
946 333
810 198
374 977
773 303
687 891
806 996
873 741
754 493
447 687
874 153
763 616
328 673
56 618
211 599
935 929
899 916
264 38
114 341
454 718
914 674
915 778
588 617
844 926
499 632
268 447
349 549
217 742
396 353
409 132
884 892
848 776
675 112
941 875
719 890
460 119
585 633
942 460
314 992
600 62
789 979
828 538
100 317
191 539
578 226
432 753
350 475
261 15
720 974
613 776
670 663
891 983
934 833
331 63
219 476
82 544
409 283
299 839
185 628
595 720
68 701
972 521
692 980
457 802
65 33
616 227
931 818
114 722
859 276
269 628
562 283
568 861
125 579
626 954
19 427
483 622
947 320
861 225
921 200
883 550
275 999
243 891
319 132
741 54
979 37
143 265
513 589
686 908
770 96
806 335
762 838
564 466
511 653
172 163
245 160
794 536
750 571
696 852
791 826
1 364
664 369
37 579
95 422
401 1000
999 378
229 492
580 850
464 698
397 656
325 140
626 733
54 878
605 699
661 105
119 476
46 7
365 802
347 848
302 776
277 682
300 789
546 126
526 994
642 558
299 398
750 498
250 319
547 423
342 768
882 349
523 799
857 792
18 137
19 579
320 440
897 552
835 21
700 106
141 285
958 9
240 581
669 101
287 940
17 0
363 624
131 612
330 526
667 330
281 763
756 986
911 725
40 983
657 448
775 465
332 977
312 369
874 653
549 59
138 469
930 486
268 115
930 306
13 941
151 237
934 706
452 324
230 4
919 593
802 144
159 795
144 19
420 717
723 773
706 915
939 596
977 364
857 695
789 675
660 162
545 161
769 87
248 34
349 226
843 489
580 528
125 147
569 648
893 758
709 17
877 668
121 545
456 865
861 3
68 947
723 468
419 520
299 131
406 662
711 375
14 964
728 665
835 837
30 265
631 571
960 980
378 84
235 46
749 538
744 647
226 740
228 137
129 958
475 871
956 182
482 760
432 362
122 81
262 270
742 436
603 854
731 149
826 572
507 210
790 736
129 356
307 52
469 880
836 568
660 349
948 251
994 403
759 345
69 109
574 60
817 322
295 373
448 334
358 160
495 298
846 512
128 877
961 969
453 653
860 631
879 259
131 315
411 143
831 455
749 421
167 7
74 700
484 229
370 832
277 818
433 111
621 452
490 544
128 446
485 455
244 946
984 382
103 987
437 525
203 886
60 722
258 260
232 765
84 240
498 335
951 630
405 868
206 480
993 512
146 158
347 286
49 879
92 578
104 537
39 712
623 660
955 282
506 321
406 103
273 514
561 471
701 449
606 393
439 818
712 458
762 990
117 226
174 673
567 954
935 103
844 45
338 726
77 395
572 836
794 367
148 189
867 978
82 508
146 653
29 918
753 496
342 291
72 124
8 332
680 43
560 520
403 725
248 385
298 260
609 517
314 350
621 307
681 374
243 505
13 852
145 888
12 524
399 560
235 677
421 845
93 514
466 289
95 94
407 151
432 913
253 932
889 744
378 731
40 572
180 344
884 390
292 149
565 131
5 524
173 191
979 949
439 91
133 152
937 493
451 807
584 135
125 257
529 157
454 214
460 149
875 365
205 207
650 1000
697 675
815 210
934 487
297 327
457 657
303 369
207 92
155 361
792 386
221 320
596 699
147 988
687 723
19 277
732 195
930 408
427 442
70 431
719 425
893 734
620 672
551 590
277 452
810 501
322 138
279 44
774 693
43 820
83 213
873 171
816 957
839 694
193 280
92 638
164 876
491 542
339 290
634 744
43 886
281 762
395 388
573 388
178 736
357 157
221 77
901 220
802 698
818 565
617 308
43 830
7 584
559 843
610 455
390 55
531 173
732 145
343 724
70 915
292 534
127 929
995 392
352 753
792 996
67 624
157 469
556 278
420 973
979 295
362 632
103 727
959 147
523 489
297 671
729 921
189 482
558 91
229 473
946 719
861 275
17 666
71 549
537 383
489 824
181 884
745 505
22 904
239 417
750 557
888 288
602 110
636 360
288 33
891 933
669 892
381 745
37 385
950 15
107 137
243 294
193 674
389 215
295 735
228 828
346 768
288 869
291 655
132 826
535 139
434 679
980 641
885 447
963 795
886 877
456 412
343 97
398 37
134 772
475 259
241 905
665 960
258 375
116 178
160 703
112 948
178 85
983 269
410 134
697 995
974 252
57 232
850 579
878 547
723 470
174 271
123 375
386 787
731 40
339 474
515 624
353 995
939 912
917 111
488 545
31 577
572 475
471 574
286 512
701 660
637 689
513 694
947 82
370 876
729 596
862 135
553 549
557 842
756 615
437 45
424 386
0 290
314 854
320 737
734 881
154 48
75 172
929 87
167 687
248 426
359 587
164 970
392 67
723 406
781 271
927 368
901 93
42 713
601 297
138 235
100 920
980 207
949 342
69 330
25 97
459 141
561 976
465 320
807 0
467 941
605 301
156 173
710 395
663 863
563 102
512 475
471 5
47 739
850 520
32 120
460 632
124 952
512 562
942 350
873 971
172 834
744 304
81 729
369 338
195 96
58 978
529 314
39 620
153 608
435 483
592 991
610 571
541 672
228 638
851 953
269 641
898 418
163 298
954 455
566 825
226 724
36 995
879 475
888 342
920 879
16 936
766 278
239 442
96 284
193 37
354 898
137 997
778 413
345 279
770 765
455 847
6 304
90 466
339 990
906 813
495 601
659 321
211 3
719 866
19 706
206 375
896 447
248 595
971 986
933 114
618 900
141 729
472 964
192 946
469 85
878 35
195 824
888 426
380 995
259 819
515 8
514 419
752 194
349 516
739 211
609 507
64 152
192 199
944 319
972 438
136 820
130 923
270 205
752 981
238 866
786 578
274 207
938 959
411 690
298 191
701 942
894 401
61 227
670 655
464 538
94 435
75 550
488 728
615 186
562 873
362 218
959 622
414 373
408 928
75 453
275 564
23 775
421 968
649 719
79 688
834 763
618 296
799 25
650 250
72 93
120 734
77 994
987 736
447 107
55 158
110 836
422 61
971 494
233 966
815 582
404 901
311 764
319 599
531 531
176 634
413 853
674 262
597 598
616 632
147 946
917 463
123 694
312 230
536 273
22 575
900 436
531 372
789 401
493 808
402 505
477 914
238 132
48 727
990 187
830 790
821 440
206 727
491 515
116 901
188 726
552 342
616 288
861 779
332 89
289 345
107 599
971 208
626 520
624 621
175 945
533 662
314 623
251 575
167 704
98 951
595 608
449 672
684 709
438 914
914 642
212 85
894 282
941 687
198 203
785 722
255 384
971 333
984 363
754 378
343 754
759 666
784 61
955 279
625 177
974 21
469 769
357 885
324 437
690 804
284 863
484 309
466 953
211 427
907 948
93 739
833 481
651 845
209 691
801 743
546 978
463 698
140 340
686 217
937 385
768 310
0 239
528 424
168 458
449 920
310 542
727 745
511 155
644 976
638 651
760 892
350 861
378 188
580 219
626 151
899 990
692 598
154 548
123 948
760 592
472 697
424 893
298 511
472 627
358 214
754 427
387 473
527 901
284 333
617 448
639 446
56 921
535 560
329 889
735 408
3 738
158 938
569 13
400 57
776 191
739 799
492 617
488 242
676 719
597 256
284 307
829 988
280 581
780 845
512 994
539 16
47 333
266 431
267 876
126 257
129 387
350 838
696 163
342 502
609 489
233 225
844 351
479 875
712 384
641 173
320 845
978 121
939 407
441 766
369 354
430 468
118 774
549 980
144 14
933 191
298 557
623 628
394 860
233 890
281 85
164 616
76 6
452 625
370 272
478 753
773 509
701 197
276 837
862 836
890 844
323 474
315 194
154 515
61 901
612 522
653 477
275 762
882 807
970 509
731 53
574 198
286 453
505 988
599 685
712 590
585 498
340 28
648 935
744 874
458 720
657 697
946 249
465 64
125 527
431 560
92 616
329 920
395 122
752 383
280 660
52 288
591 1
149 345
297 972
509 212
539 918
406 344
523 768
748 604
332 835
648 587
57 526
839 547
980 248
275 533
787 109
448 631
619 198
800 330
289 159
666 103
293 215
358 788
758 815
74 324
245 904
563 967
720 989
430 328
255 849
380 145
679 57
968 478
465 279
316 463
333 898
11 553
234 847
430 617
677 289
789 66
975 808
350 776
996 359
451 398
59 599
626 639
736 943
696 258
757 951
89 15
260 989
852 319
624 115
549 972
677 37
265 984
133 957
607 186
309 285
482 517
308 613
997 846
509 418
1 991
202 860
857 272
506 38
143 629
585 445
936 917
105 545
138 524
555 850
336 527
697 367
735 350
230 51
835 470
722 223
794 720
358 325
905 847
446 696
509 466
159 274
436 476
332 603
724 174
197 662
704 510
557 140
519 119
811 83
59 427
316 212
877 485
213 714
361 671
308 402
955 560
548 818
517 845
339 838
527 336
284 436
471 541
897 623
884 798
735 176
769 124
263 590
593 914
581 491
89 456
337 900
679 223
318 607
64 284
867 791
472 813
601 146
171 15
78 557
517 796
466 881
78 914
995 687
405 153
791 836
196 502
818 893
650 104
606 56
190 96
680 451
460 293
672 429
278 421
556 121
841 891
150 838
580 917
161 176
670 129
285 448
889 596
18 113
888 967
196 53
18 432
31 966
699 226
188 180
905 79
943 425
675 4
215 33
396 741
259 819
701 282
578 338
634 333
491 442
939 372
538 818
793 376
349 922
244 473
618 3
554 90
982 229
407 990
745 693
223 565
583 4
706 516
965 460
29 925
834 702
619 622
721 639
162 356
730 743
812 402
618 208
869 115
826 934
66 670
463 254
758 731
460 626
120 219
580 332
263 693
105 261
863 946
803 65
716 631
369 906
231 596
507 205
933 21
61 553
539 270
359 913
696 501
293 374
233 726
129 485
922 515
274 450
249 230
952 611
123 191
442 990
594 837
349 519
563 801
697 269
597 769
814 916
992 342
852 239
241 139
441 310
277 966
58 958
692 134
782 992
882 752
31 908
670 464
385 183
55 935
709 102
750 307
905 640
912 179
407 348
818 954
132 99
637 17
288 849
131 642
167 329
898 327
176 12
788 124
147 83
186 390
320 199
316 482
883 562
4 344
769 731
23 14
651 996
703 191
949 583
222 302
915 357
134 270
375 130
911 251
394 199
573 647
348 312
349 71
318 405
300 120
253 43
708 112
438 131
984 78
529 252
237 585
260 747
626 780
954 307
595 202
317 488
658 393
334 130
424 108
653 615
320 763
855 497
265 335
652 275
296 212
426 907
665 446
646 709
910 480
909 726
580 389
723 387
803 889
45 871
761 300
14 89
898 283
533 968
403 181
286 630
782 31
774 337
365 356
191 494
654 951
722 53
493 100
914 680
261 422
417 94
764 262
778 606
835 272
794 289
665 209
114 444
243 526
630 891
40 570
812 567
344 628
894 701
921 228
155 93
511 216
331 950
816 29
850 62
180 197
108 282
773 530
521 816
817 216
591 6
552 660
672 925
722 792
373 928
795 537
21 747
888 607
444 2
260 625
616 928
669 66
522 428
51 779
814 709
60 373
484 285
980 251
475 994
568 811
335 93
583 115
539 682
872 584
84 829
710 96
329 907
778 882
844 10
794 760
571 976
51 606
156 293
559 265
374 701
885 736
166 987
539 696
538 880
721 162
10 39
243 836
317 938
736 204
348 558
241 642
871 295
463 831
527 457
485 370
910 945
655 853
598 290
470 504
884 12
475 720
451 58
524 791
459 387
125 330
448 606
360 491
311 837
1000 134
552 460
438 705
531 338
758 691
434 906
813 638
359 681
365 625
182 922
975 943
826 493
989 435
648 529
706 9
858 509
957 570
820 497
842 805
441 587
292 975
88 228
631 809
161 530
165 980
525 588
996 475
352 832
569 914
444 379
504 936
943 408
614 836
814 581
73 646
393 265
84 971
143 889
253 92
570 342
161 360
594 558
913 123
80 673
873 603
514 954
642 557
789 603
146 375
512 247
46 873
10 862
778 519
722 149
550 421
485 363
281 151
742 71
415 253
149 659
91 628
543 834
264 346
80 660
367 853
108 916
337 311
540 944
134 115
857 732
319 207
911 849
693 611
455 340
594 286
680 879
866 457
224 799
622 1000
280 643
239 679
342 347
725 458
428 70
162 1000
462 353
739 350
68 125
827 475
456 268
330 498
7 724
37 820
632 356
148 106
776 470
732 123
783 566
381 634
245 683
128 59
589 554
510 195
749 142
118 829
714 318
947 998
381 209
746 504
527 19
173 601
972 930
692 213
977 931
227 357
541 733
585 663
40 54
48 832
611 149
623 348
741 849
688 316
148 669
105 661
200 202
676 597
120 605
897 253
643 78
537 509
465 906
537 928
654 474
900 856
61 261
414 179
75 374
286 195
71 813
610 619
714 708
792 492
716 566
886 632
539 62
583 604
950 280
558 961
123 813
538 721
382 202
842 210
707 959
981 143
38 983
946 583
707 887
788 307
410 838
645 541
520 589
213 229
123 468
279 547
469 962
967 631
3 791
450 123
142 136
751 649
257 965
421 186
844 31
266 814
143 200
791 182
458 528
877 338
197 87
312 680
967 513
649 889
517 866
41 671
582 849
985 298
793 514
597 240
461 529
609 51
632 142
160 261
312 838
323 434
460 629
959 918
450 315
678 859
291 164
701 322
171 90
716 215
720 48
321 766
340 514
434 842
666 748
202 31
854 87
527 361
991 820
455 780
416 913
587 221
463 950
353 136
47 616
556 868
269 108
872 275
4 385
202 345
200 805
324 53
970 837
9 770
863 969
142 321
697 456
938 755
534 673
24 41
412 428
889 400
677 978
135 531
546 743
665 511
407 152
504 810
447 388
900 121
464 831
239 657
699 166
217 970
64 363
138 48
153 541
141 714
752 341
865 791
596 207
724 567
915 925
974 305
153 358
787 357
455 525
479 741
79 809
837 696
590 565
288 476
648 680
396 214
925 2
895 122
633 424
318 821
164 318
564 500
110 968
275 739
188 263
707 304
170 534
749 979
260 827
508 676
693 995
729 260
903 605
778 426
738 201
433 980
597 14
847 548
849 486
925 40
882 469
165 710
45 661
917 752
252 56
15 424
353 425
609 273
3 720
410 621
465 691
543 545
37 975
167 766
479 65
43 758
41 348
546 750
847 257
280 530
583 134
611 969
886 704
311 853
404 347
12 494
376 994
28 632
789 856
47 359
996 228
288 58
857 371
929 219
22 18
729 468
513 808
131 899
107 550
409 462
403 648
508 645
400 1000
619 29
48 818
709 437
462 293
488 209
874 643
770 741
790 63
98 74
153 870
817 142
633 334
839 459
759 585
831 630
365 385
22 251
833 533
458 183
391 553
828 177
369 57
217 230
728 666
515 624
374 499
134 325
864 112
821 983
857 236
913 651
561 303
310 121
284 987
466 907
526 835
104 431
492 259
806 35
685 925
583 735
931 775
882 979
424 360
473 225
371 437
701 237
99 103
931 275
918 554
150 653
933 725
30 785
12 525
841 960
183 242
237 316
785 876
955 570
152 335
865 790
236 179
828 818
640 923
988 738
136 566
293 126
938 186
867 458
202 247
303 171
356 210
740 58
708 72
6 326
768 3
771 240
885 257
612 383
668 825
508 959
896 551
730 779
618 798
66 243
487 425
617 309
921 693
890 839
997 797
892 34
655 749
825 326
548 574
293 229
968 290
448 45
438 596
815 672
901 449
853 285
8 483
829 469
941 436
360 356
214 989
464 526
175 67
529 103
134 561
90 171
393 599
678 502
286 735
876 481
161 163
193 321
942 122
253 823
455 334
530 437
842 241
971 9
163 669
679 579
34 33
59 920
254 176
201 8
440 788
771 211
447 827
245 856
858 6
338 5
631 582
758 993
549 123
432 532
406 718
917 671
7 725
218 871
443 170
81 992
497 333
205 142
996 112
968 94
793 642
456 95
668 368
494 911
394 406
420 783
980 390
620 550
827 7
813 192
873 116
867 665
606 870
972 918
83 594
162 969
408 630
47 294
459 539
622 925
630 122
929 552
495 208
568 549
16 68
417 490
861 634
839 275
326 192
991 462
144 513
459 679
453 9
376 387
918 581
1 71
86 158
80 208
162 726
462 375
487 124
773 183
185 403
337 591
296 630
868 785
327 171
210 553
734 816
719 486
985 922
514 402
579 605
168 892
741 303
931 960
708 215
954 449
959 713
285 264
439 818
87 126
691 216
233 690
381 110
669 201
716 379
251 722
591 377
714 788
742 811
391 225
266 68
830 348
763 771
28 498
682 815
238 925
226 859
235 79
268 53
116 815
975 63
812 911
587 597
821 206
419 232
618 168
786 432
556 827
837 165
472 861
401 6
509 32
881 409
550 157
137 1000
520 209
15 138
210 196
686 344
900 997
446 706
308 796
953 579
956 5
647 727
138 379
58 985
82 539
85 593
67 167
371 562
596 13
56 604
435 850
894 751
185 721
396 905
416 747
529 648
685 734
708 260
190 998
433 779
368 751
80 825
725 99
351 286
682 300
632 726
883 98
476 435
32 344
507 979
809 3
961 101
366 787
911 12
232 965
195 870
124 882
441 623
582 11
40 436
557 176
451 387
193 529
494 479
623 580
435 665
806 438
710 471
136 558
178 907
233 105
402 550
758 482
865 794
431 208
93 631
429 944
751 387
760 713
832 379
337 667
62 558
545 856
819 960
645 505
709 243
313 118
911 967
839 225
995 580
39 1000
817 218
642 88
36 37
137 47
318 769
19 388
889 233
635 24
914 487
360 519
730 445
174 134
157 984
244 368
518 10
152 340
203 263
643 859
768 319
595 390
775 612
949 743
950 952
817 786
359 561
596 719
357 626
475 311
407 157
802 206
98 353
594 436
877 226
701 941
864 408
621 546
792 620
797 977
926 845
49 151
466 339
846 217
672 397
346 487
117 668
336 432
502 289
705 209
567 85
378 945
206 764
140 521
408 804
491 262
67 562
569 902
941 918
695 452
259 64
694 957
494 210
32 738
68 130
743 237
474 768
93 697
217 616
115 50
556 62
656 759
835 782
240 235
389 520
23 174
370 713
548 354
277 11
667 893
411 871
179 699
643 359
746 161
531 537
39 705
583 676
210 501
748 106
349 830
625 33
378 842
541 205
150 25
591 765
839 536
299 378
33 595
607 80
825 774
180 591
911 994
808 387
974 174
29 687
496 36
269 578
160 496
328 819
628 354
35 239
618 262
445 89
163 629
500 540
362 553
445 567
608 713
286 626
950 467
75 248
61 981
546 867
958 692
965 631
922 739
487 568
609 293
936 576
958 592
313 46
219 503
468 377
580 311
450 366
488 91
468 871
710 695
621 27
833 355
275 402
549 859
104 193
684 926
302 379
91 713
922 444
784 86
855 875
492 575
67 656
433 717
504 172
330 96
875 936
453 175
912 511
309 68
304 175
506 296
318 181
707 711
88 352
38 523
461 318
577 183
580 234
640 181
124 372
489 698
877 345
23 558
696 731
598 98
422 920
939 969
238 572
260 977
296 911
368 744
828 707
461 862
672 15
820 358
592 63
777 519
219 650
815 212
857 557
704 320
723 351
566 749
182 123
97 843
264 298
447 284
187 763
721 425
881 523
448 209
777 96
380 891
691 252
812 181
607 23
253 748
311 352
376 226
414 251
577 727
469 569
624 891
724 291
779 703
712 532
503 660
486 56
35 612
2 748
401 941
743 679
896 771
941 661
181 557
818 631
721 267
48 464
47 998
483 752
113 958
612 177
714 21
380 161
418 658
993 380
679 44
943 389
455 858
800 992
145 7
532 96
939 603
613 987
127 500
945 105
994 425
588 737
360 261
7 853
651 274
246 2
882 302
244 205
260 120
410 433
374 442
496 526
189 525
676 402
120 845
252 557
895 336
128 923
564 441
439 741
182 439
68 91
797 276
688 939
807 853
228 345
569 365
341 320
618 389
971 325
134 345
733 311
293 22
193 1
906 849
501 841
875 384
161 795
691 44
57 860
288 700
499 614
164 423
993 178
344 38
556 149
335 270
347 351
776 955
268 92
309 728
737 704
39 483
311 837
354 61
78 773
567 42
18 310
508 746
48 55
129 453
380 991
505 414
742 464
299 716
187 621
384 756
697 56
823 894
546 510
195 304
627 162
692 438
543 164
38 774
599 265
602 563
895 370
80 785
10 90
623 845
738 327
781 211
215 348
92 946
913 802
226 978
576 527
955 905
604 644
584 17
998 410
713 568
72 178
356 464
535 107
505 735
710 164
813 951
49 374
492 152
926 47
877 355
815 524
645 35
358 272
51 706
410 253
185 696
571 683
220 605
465 893
714 106
420 988
660 473
214 95
776 941
776 671
251 610
342 913
858 416
446 565
418 329
486 967
175 826
414 410
389 211
447 772
166 159
669 91
290 798
861 444
818 324
34 570
267 49
270 680
205 189
799 343
311 112
307 637
216 969
762 360
851 426
520 748
891 968
840 401
584 870
84 125
403 699
337 341
896 66
678 317
258 298
516 826
197 866
256 189
958 568
407 425
460 163
509 57
820 138
606 984
309 791
652 481
63 128
63 593
21 668
280 96
141 716
827 769
699 824
499 678
837 508
440 81
925 302
777 969
574 216
7 497
209 554
344 144
16 2
952 390
575 159
402 99
255 37
685 84
57 795
209 847
264 697
913 606
82 948
742 877
664 952
159 425
462 998
157 852
903 611
895 560
516 536
252 769
269 953
921 216
906 412
46 744
778 991
166 707
59 805
717 195
444 913
397 589
313 322
332 615
996 168
904 637
728 508
965 339
183 37
448 885
174 750
695 960
225 28
626 414
823 190
275 784
580 454
484 949
393 99
537 739
845 439
205 604
290 491
903 408
372 583
859 402
801 941
907 424
841 402
918 382
901 853
309 361
805 715
266 989
589 176
114 448
175 688
949 557
629 182
329 991
186 900
907 607
875 864
705 477
187 321
20 48
865 975
335 891
823 150
870 651
234 804
583 822
522 416
933 442
595 792
422 623
661 330
520 869
977 908
66 193
832 546
114 245
268 893
674 226
658 844
245 797
23 763
928 643
576 818
546 761
671 196
827 686
19 903
90 927
756 116
132 695
385 928
835 416
944 2
525 685
312 162
379 855
317 318
821 736
409 319
368 602
98 330
189 356
333 696
77 17
518 405
286 529
773 692
333 698
494 159
778 198
772 812
199 584
713 618
879 193
665 731
937 505
570 266
215 697
807 236
478 320
224 100
302 907
986 746
372 789
656 241
643 466
315 27
84 552
300 376
847 647
670 116
273 970
115 665
276 653
359 583
209 735
767 363
72 148
65 768
264 946
178 935
163 77
74 436
932 210
830 55
911 245
332 273
357 75
62 991
338 725
228 127
592 310
19 432
465 386
630 933
692 839
747 646
479 63
745 60
209 218
417 984
309 660
621 672
5 442
369 830
251 827
136 433
973 116
868 739
200 530
760 286
749 28
933 71
837 417
543 726
319 360
818 530
804 130
332 127
511 24
801 409
294 125
673 187
454 858
414 653
528 446
930 215
311 804
506 222
283 629
570 48
230 765
504 364
160 196
457 656
396 865
426 657
379 339
659 114
633 602
164 559
190 153
293 417
673 259
867 465
800 241
816 518
976 889
252 211
775 134
949 231
586 620
759 424
959 706
563 948
745 780
182 344
804 495
394 22
100 60
407 837
581 1
501 944
607 21
276 38
19 703
111 308
272 523
157 584
737 461
675 757
855 753
131 376
944 367
795 490
184 706
246 430
226 599
207 385
637 782
118 153
302 570
579 41
707 793
770 438
713 101
198 320
894 465
164 328
900 152
669 405
183 251
814 549
901 357
636 516
696 208
582 902
87 461
953 806
950 715
363 866
801 529
826 229
936 930
596 139
663 694
487 847
940 528
788 172
49 496
924 165
996 723
565 725
860 377
863 93
290 674
798 911
407 3
59 873
311 607
875 194
670 190
502 151
438 860
295 356
465 111
539 250
862 95
341 522
899 1
676 920
936 942
553 640
104 355
844 136
870 300
416 315
98 99
480 241
538 21
193 142
21 16
495 172
877 965
891 823
951 281
962 847
651 458
659 132
195 402
966 422
661 751
195 62
30 634
380 805
49 316
684 373
610 516
739 725
755 601
17 404
461 547
299 382
620 138
227 114
286 41
997 566
254 591
432 72
421 52
213 931
520 656
841 126
426 869
474 455
130 24
960 596
739 335
721 20
688 494
34 712
75 875
181 778
414 560
874 197
654 582
569 892
562 655
316 858
720 555
948 761
640 884
250 286
706 178
388 201
924 600
713 941
859 621
636 338
809 311
523 316
82 669
873 901
252 366
222 922
966 280
999 518
176 658
749 546
345 325
129 962
469 630
483 771
263 559
173 14
74 272
145 157
778 204
936 628
16 159
858 619
455 535
571 715
901 599
878 542
227 412
894 193
96 971
585 98
886 563
860 693
794 290
151 942
46 530
201 673
654 383
262 130
849 628
573 777
393 952
633 195
886 802
979 122
247 55
221 794
818 851
588 153
518 938
124 416
26 770
581 387
224 732
714 724
245 974
330 468
829 73
661 950
626 880
635 898
600 81
351 401
212 887
208 299
529 175
214 618
276 941
541 984
583 58
352 976
575 108
824 131
445 199
826 23
525 140
205 165
50 186
42 529
274 177
845 629
378 37
455 934
654 943
946 161
251 895
260 959
78 90
446 375
427 416
180 305
533 135
999 165
565 784
994 165
987 27
963 449
327 652
864 534
229 470
516 898
988 909
692 896
417 550
925 94
476 448
44 763
597 378
200 760
13 523
446 381
422 689
133 161
470 782
820 679
810 907
57 379
731 785
881 598
144 616
247 533
505 502
926 298
952 586
785 385
304 189
312 638
334 612
469 109
692 987
721 127
385 51
170 976
403 319
616 607
297 795
798 842
256 990
207 410
962 330
830 311
127 953
925 334
70 171
159 462
845 63
122 690
517 117
226 652
405 67
378 769
658 545
944 406
495 736
606 761
519 203
619 725
257 788
642 310
815 332
601 543
189 733
134 725
757 874
510 24
259 20
395 356
470 247
851 839
10 1
363 239
20 713
320 266
785 588
353 662
155 36
260 979
826 524
936 849
534 563
981 902
842 686
127 109
332 506
809 172
619 849
545 689
364 530
255 83
841 902
799 122
330 757
434 277
438 267
589 625
321 667
789 206
265 367
42 937
170 875
533 380
588 650
841 455
670 806
216 688
999 794
583 869
813 136
949 161
453 846
593 862
246 818
908 829
724 430
712 310
828 344
610 888
183 591
891 997
559 351
104 923
487 937
999 856
818 770
593 943
546 832
801 361
247 903
792 16
934 24
894 252
13 902
130 870
871 493
511 636
699 589
1 852
551 581
925 385
218 422
507 392
568 187
961 65
631 488
305 794
671 604
805 319
909 794
225 763
284 681
597 494
366 255
22 407
894 219
292 661
181 378
97 431
253 392
467 459
666 933
484 68
594 245
923 934
636 444
251 983
832 928
372 892
870 101
892 154
792 937
736 25
787 184
426 989
156 521
370 784
772 290
966 226
336 946
425 67
414 471
334 532
85 442
145 869
580 123
794 278
12 783
320 607
553 537
324 69
852 162
346 68
808 518
137 218
351 63
448 641
320 435
532 347
31 664
658 122
583 377
299 913
96 769
933 250
786 564
544 773
210 551
853 708
435 439
772 693
940 489
277 647
918 937
568 708
816 303
155 342
835 776
432 447
11 355
763 358
271 579
693 427
785 892
388 424
402 576
523 733
122 353
920 462
378 360
228 770
929 139
536 652
279 144
734 189
705 566
793 737
694 762
420 354
701 100
675 390
504 746
256 430
9 110
254 576
472 771
289 416
625 57
139 629
597 333
898 563
791 850
424 395
363 683
33 856
928 388
350 293
7 787
542 254
958 490
658 706
331 312
130 64
90 24
790 486
782 819
987 244
901 209
549 361
597 556
574 188
148 36
77 292
83 785
670 785
39 94
946 650
311 44
711 645
657 958
836 169
457 739
198 835
894 692
891 597
531 197
769 60
268 764
796 199
813 143
68 536
831 385
404 439
816 796
21 720
222 89
22 29
731 762
20 496
476 522
6 73
310 722
762 521
48 43
382 743
683 445
861 57
401 487
622 140
246 324
42 477
320 668
933 910
641 504
539 372
987 466
844 966
753 799
121 612
246 196
214 31
342 493
493 713
816 717
749 145
335 378
110 485
558 84
165 766
349 85
558 222
153 262
369 143
900 773
368 683
901 853
315 967
200 610
779 911
377 753
530 641
819 288
213 804
451 231
308 735
53 978
48 964
429 656
105 489
970 444
221 658
575 335
798 984
723 836
153 331
444 509
880 618
402 871
334 211
66 877
410 426
758 106
346 369
234 946
631 498
38 668
522 906
459 111
486 923
211 37
689 546
305 574
413 921
462 540
111 816
617 497
571 574
67 373
917 464
694 516
293 653
376 981
678 981
174 560
578 415
137 355
23 645
760 974
821 592
383 812
934 747
120 951
518 165
732 542
182 856
605 502
461 830
428 101
833 947
829 104
223 594
354 168
188 141
292 124
607 882
575 296
561 844
552 494
757 882
182 267
644 831
961 442
92 948
889 609
232 489
586 32
590 287
380 974
400 335
137 964
814 357
309 58
190 95
967 71
47 538
181 48
124 608
420 510
970 575
980 449
952 244
313 959
550 740
543 118
421 620
841 200
565 351
175 12
88 872
576 384
919 350
311 183
586 805
66 359
840 515
340 658
977 586
164 512
773 22
25 137
386 856
43 488
15 480
764 468
201 928
252 974
860 18
761 453
810 29
663 848
659 696
755 541
241 495
362 423
163 324
723 913
902 257
803 673
511 275
136 395
589 585
540 438
831 984
343 73
309 791
714 252
186 555
970 970
944 686
217 95
461 855
746 434
628 927
339 175
842 323
638 389
441 379
199 572
659 941
967 913
997 269
540 900
992 650
907 580
61 267
299 948
975 675
161 195
695 904
29 843
257 677
866 189
760 627
690 581
211 408
124 654
769 134
858 197
954 723
903 97
429 654
384 628
3 849
497 84
119 464
394 326
388 281
960 138
654 955
233 353
700 102
391 256
116 957
792 684
397 791
50 679
918 43
757 621
576 286
146 989
345 62
593 116
775 629
668 309
444 942
817 868
892 885
671 828
818 568
639 418
272 626
604 815
323 818
35 115
726 83
957 193
870 70
39 257
835 767
860 202
119 319
903 712
472 582
971 821
552 607
486 182
677 629
57 289
663 865
196 459
617 316
815 562
807 360
966 537
761 228
117 378
623 952
984 325
120 119
324 268
20 193
112 191
203 828
897 744
246 298
348 341
573 844
537 231
608 998
828 797
715 900
842 160
279 20
917 919
103 258
453 744
447 975
37 910
722 155
338 88
688 27
6 129
105 391
80 893
634 288
238 838
46 201
289 106
305 534
79 361
424 164
132 68
212 500
65 530
677 170
81 934
397 890
661 152
465 261
891 762
509 67
334 595
50 49
152 30
812 724
174 672
342 614
604 887
941 2
212 42
793 924
49 850
823 496
829 999
664 18
268 325
215 880
248 818
604 986
542 478
337 94
887 733
810 550
131 561
98 989
620 485
113 898
855 594
289 444
470 821
69 563
555 262
101 387
476 597
713 688
709 54
442 214
352 654
964 185
456 199
472 810
295 199
405 413
176 750
484 792
386 734
938 135
433 433
234 564
977 600
667 297
540 183
822 481
568 570
210 334
124 857
342 328
299 356
382 887
522 574
840 296
450 114
251 745
998 670
495 611
76 773
980 346
284 252
65 74
34 551
546 26
845 197
675 802
43 286
203 534
827 992
210 498
162 491
554 191
486 367
924 872
198 678
813 43
727 234
269 713
914 438
435 957
662 211
745 258
245 683
463 116
624 732
790 289
809 275
724 496
936 441
139 506
166 952
145 202
551 198
21 168
195 726
642 698
718 201
57 763
471 76
370 963
333 181
802 454
10 636
74 985
335 536
847 131
107 840
920 130
118 796
198 403
320 922
827 336
342 978
328 126
208 313
741 659
967 562
885 802
369 667
135 800
221 155
118 318
262 548
104 255
185 319
238 678
762 589
656 873
514 497
58 226
18 555
429 719
998 776
640 691
982 183
755 720
7 884
13 327
373 220
987 164
726 106
101 399
653 236
342 964
620 589
538 725
847 47
778 188
277 83
906 821
994 614
467 763
688 937
273 995
71 114
957 901
291 435
650 264
425 322
998 327
256 424
407 678
193 87
84 299
580 290
430 850
760 808
967 606
95 226
489 690
969 832
3 428
511 643
606 745
387 269
323 747
740 37
655 889
573 204
11 707
143 100
493 394
996 399
852 913
629 28
35 874
382 533
774 438
799 894
857 141
700 551
814 390
504 842
857 304
288 903
880 175
337 378
846 487
969 797
568 126
229 785
762 718
535 656
511 639
356 48
301 769
519 372
500 710
82 810
953 845
857 353
993 246
941 590
428 756
405 433
268 220
255 843
355 959
520 608
414 231
630 733
178 15
599 53
884 103
628 806
163 83
858 416
987 357
322 97
143 109
527 240
558 225
420 246
510 203
593 992
304 474
403 739
531 556
989 203
374 796
265 782
320 891
564 974
844 328
84 484
2 311
751 758
257 746
159 235
787 806
463 514
230 150
832 126
732 473
855 337
927 923
182 936
250 92
229 463
231 100
192 311
357 321
411 748
101 91
329 594
794 117
251 541
188 940
219 57
614 764
997 908
151 730
480 179
58 551
297 525
184 949
275 981
187 529
373 878
473 574
893 778
488 994
208 475
599 442
325 298
119 32
211 258
376 739
340 467
929 579
696 692
894 684
821 709
895 374
283 460
540 551
667 65
823 961
135 354
479 603
347 273
589 576
782 547
829 686
485 697
269 329
790 191
761 634
237 557
988 136
697 780
267 246
550 522
35 862
610 825
583 22
72 631
28 595
503 518
190 460
382 780
906 727
17 693
373 949
651 913
741 511
314 671
746 464
209 648
590 118
976 551
498 386
898 344
395 539
225 325
862 387
943 574
456 684
18 78
722 225
716 838
520 151
940 333
814 503
657 72
826 905
108 526
537 671
29 435
615 991
206 179
452 789
688 15
219 154
481 619
725 322
383 535
510 686
373 913
500 676
898 648
676 630
873 687
798 699
765 684
269 892
877 923
661 823
476 638
617 762
426 417
624 783
538 0
447 28
387 171
709 757
433 677
173 545
750 385
747 507
548 285
816 829
843 833
523 306
811 793
939 718
370 393
265 330
460 332
868 354
454 121
15 424
510 657
571 554
87 214
914 882
216 26
489 397
639 980
67 827
312 960
851 139
309 69
337 9
1 919
621 901
328 646
994 248
438 274
676 665
90 375
409 465
464 403
106 679
595 482
971 351
668 748
796 869
778 557
759 437
693 113
805 156
164 878
531 952
51 303
669 212
101 768
669 18
126 782
920 136
428 259
10 478
259 651
672 229
631 925
196 525
70 725
742 446
188 474
45 424
463 558
939 601
348 980
589 925
264 209
925 382
273 300
409 600
655 145
843 911
736 69
978 205
830 442
324 825
111 217
293 997
701 89
323 865
108 207
100 294
402 21
102 395
952 67
246 861
509 359
854 913
606 682
803 258
916 417
776 997
114 562
389 753
899 884
728 569
983 759
223 128
703 273
522 225
526 655
355 815
611 511
470 832
41 960
530 907
153 282
896 611
635 361
733 898
663 147
262 742
687 905
624 709
684 998
165 75
560 680
746 826
268 411
766 988
326 822
751 965
284 817
688 538
297 702
789 348
467 581
902 84
161 663
978 585
604 839
498 449
953 713
990 502
69 332
201 632
33 71
325 865
855 541
980 325
759 528
649 947
363 429
840 799
105 32
39 686
234 128
497 471
557 975
936 650
853 198
536 40
423 82
205 528
342 211
535 412
636 442
518 112
587 213
756 210
466 493
378 354
577 874
353 504
386 436
996 420
248 212
12 678
97 878
331 354
632 983
46 610
812 975
473 921
188 716
403 750
781 244
522 376
878 372
522 999
315 117
760 451
356 836
91 112
503 230
217 400
857 36
377 235
491 471
855 560
79 467
583 75
693 676
260 622
440 207
334 153
686 306
157 149
46 885
550 64
669 84
966 414
518 68
99 636
539 477
338 282
871 383
685 913
74 213
479 545
130 204
899 824
350 784
636 662
82 101
157 40
894 852
751 808
645 989
98 914
876 938
258 690
927 592
903 969
469 780
301 104
976 890
103 488
234 969
703 954
409 656
294 300
20 298
569 78
968 918
134 194
60 298
367 526
734 683
960 373
701 517
322 252
236 925
181 411
688 239
804 973
319 326
316 745
937 31
587 202
651 118
123 951
347 40
790 363
435 427
281 138
356 375
756 644
394 6
798 735
337 26
114 943
732 987
188 134
590 695
357 493
447 237
920 478
474 551
739 489
528 748
986 102
453 191
573 565
584 926
815 261
256 810
979 202
563 299
272 625
683 952
136 914
627 396
484 321
372 215
759 435
544 796
17 134
244 898
876 83
884 471
951 205
855 541
45 847
587 624
988 733
741 89
137 69
90 205
820 105
83 95
387 491
201 111
471 406
543 583
742 707
186 375
818 726
261 134
22 724
706 437
826 445
668 692
93 860
808 871
380 640
798 508
485 816
58 101
645 245
339 835
13 747
810 683
618 995
762 300
51 904
411 585
935 951
485 700
417 789
745 461
68 416
466 524
160 368
425 151
929 212
341 178
314 609
33 634
948 562
542 657
240 335
513 130
732 656
978 601
174 403
544 939
434 415
273 31
497 94
75 278
673 523
603 207
14 795
744 309
275 115
802 665
346 304
621 952
4 0
732 745
882 609
783 413
504 845
250 510
793 21
175 636
228 796
385 853
535 809
897 832
43 316
194 980
373 411
236 458
421 240
381 979
745 23
388 125
92 606
996 159
298 737
377 429
947 431
536 594
484 421
994 939
808 645
12 706
574 966
176 217
2 606
928 590
91 646
380 861
355 651
257 343
810 307
976 662
808 554
890 163
965 38
984 686
566 682
891 594
428 978
675 47
177 45
748 796
642 196
549 197
420 484
592 31
817 140
824 116
969 320
736 740
727 348
110 724
123 291
924 644
250 866
77 126
724 713
498 690
101 60
841 858
498 578
902 256
409 300
446 780
862 629
619 727
230 798
893 837
147 172
463 307
38 108
316 248
409 968
618 829
592 258
840 832
436 539
208 701
319 744
927 434
291 546
223 771
407 364
278 742
717 502
937 257
68 358
138 792
93 121
204 590
418 713
904 714
515 385
925 816
316 285
0 446
649 860
173 39
626 59
373 715
743 756
231 395
436 601
486 47
44 763
686 107
244 894
928 325
893 890
38 493
318 767
505 355
877 348
736 825
94 849
780 217
300 191
859 472
496 343
202 691
124 173
867 695
498 338
831 57
764 751
685 191
524 772
225 316
554 666
578 999
914 699
952 476
413 187
256 359
444 360
326 88
460 730
673 200
669 191
401 522
57 454
478 913
959 556
454 65
465 575
151 876
452 186
753 172
372 824
317 504
826 514
493 589
894 101
550 698
191 258
535 111
385 521
979 846
714 840
216 645
229 391
108 254
87 564
589 848
439 763
323 559
609 703
628 559
104 396
756 539
637 42
457 730
649 547
938 931
492 417
493 781
983 403
265 791
418 816
591 505
213 86
546 371
273 0
133 838
737 459
507 579
693 685
208 468
121 749
416 969
284 846
663 680
917 442
816 695
457 485
150 985
834 783
755 349
739 83
792 157
352 636
428 782
2 361
552 712
65 259
690 35
153 869
751 228
297 575
81 433
889 624
117 966
962 46
592 542
197 240
62 737
416 24
177 504
172 669
551 868
498 168
806 719
889 555
161 115
623 485
245 116
990 160
96 175
392 415
877 575
113 21
152 272
860 928
392 688
689 765
563 1000
610 68
81 810
926 747
269 176
317 42
201 581
819 790
60 937
272 56
548 551
344 249
633 464
700 655
581 923
452 494
839 371
238 662
841 166
23 547
277 705
629 995
122 277
399 794
452 926
293 227
561 986
706 842
149 90
667 814
1000 20
295 57
535 402
191 228
711 782
254 983
788 635
333 658
426 1000
252 430
98 637
11 308
772 1
151 679
474 22
187 338
935 269
388 611
0 228
39 921
2 687
567 244
473 681
768 599
415 46
840 260
183 783
513 523
853 598
253 702
978 640
854 315
472 296
707 336
327 343
579 40
34 106
417 995
900 426
796 838
87 577
618 134
379 682
708 587
324 376
721 832
612 609
47 579
536 871
556 531
865 446
7 52
269 65
515 773
783 675
37 456
531 662
699 395
530 213
565 302
189 866
265 894
720 145
96 405
287 493
697 489
231 959
101 823
589 790
846 721
630 883
316 845
563 822
54 892
614 808
573 529
954 598
92 609
399 767
54 919
280 97
123 65
870 44
501 490
445 116
203 743
717 305
470 292
728 579
703 229
495 439
784 123
563 264
238 874
637 947
946 47
975 279
39 701
404 311
906 114
350 150
330 295
594 360
943 800
377 565
206 617
193 616
998 1
603 584
153 636
36 472
34 388
195 4
540 649
473 963
240 794
603 665
493 366
531 103
0 977
213 94
152 903
676 467
729 700
675 99
189 874
266 14
400 211
181 776
963 615
209 84
429 330
387 241
6 218
194 470
604 72
142 657
603 525
555 50
912 636
28 825
991 419
687 902
942 233
461 903
951 888
415 7
990 53
862 108
653 99
614 543
205 637
959 609
751 688
179 819
194 189
418 758
847 462
799 556
610 461
568 652
740 403
944 916
52 707
251 262
691 75
655 349
881 913
120 478
598 407
9 656
512 374
633 749
816 249
792 471
11 829
7 345
553 901
174 772
944 935
487 955
640 634
762 807
561 210
467 749
310 474
301 927
576 181
560 918
686 892
404 57
243 144
689 155
710 234
95 714
395 704
943 276
294 237
927 285
972 994
162 213
891 652
990 24
243 465
770 545
502 605
29 601
813 157
610 868
636 264
101 628
48 975
339 755
995 862
314 559
89 664
186 435
248 345
685 723
516 550
28 734
78 715
654 66
798 259
40 341
496 97
345 108
653 245
571 599
853 843
337 820
162 494
638 628
19 878
714 626
383 686
988 186
219 518
811 834
76 172
400 797
424 380
495 931
805 264
961 175
745 376
331 418
866 313
157 306
833 846
54 897
362 220
665 636
356 863
546 244
195 999
700 345
899 228
161 950
580 700
546 562
91 341
577 206
858 377
919 673
337 110
968 647
702 8
78 308
134 946
878 698
191 328
646 612
705 907
83 226
275 266
68 114
103 907
772 937
962 5
316 869
922 589
353 53
561 999
390 369
13 705
512 942
323 90
527 939
873 475
809 860
54 166
813 596
990 109
777 596
835 643
72 595
195 948
896 904
182 39
998 872
348 53
913 116
736 470
729 519
137 586
473 731
385 911
400 322
896 859
383 473
74 911
688 251
217 903
947 760
256 237
638 926
918 367
281 786
485 942
498 954
524 980
792 136
58 759
38 995
870 458
708 576
395 728
101 193
358 491
803 145
629 593
61 263
541 214
827 672
586 656
368 730
990 412
801 160
873 990
750 591
382 152
15 988
698 512
843 812
982 289
780 806
288 225
536 109
6 927
635 351
819 899
206 90
707 443
658 723
728 351
341 785
731 916
378 809
116 48
287 278
491 455
494 391
361 992
410 345
471 108
791 27
448 49
218 115
22 103
505 32
535 625
128 404
982 1000
375 906
90 793
42 185
205 814
52 8
940 456
167 630
435 374
159 871
329 927
313 210
933 982
654 197
535 428
741 430
6 270
273 716
630 262
53 716
645 905
227 835
662 602
769 855
493 168
175 906
440 568
641 377
649 185
193 748
736 725
809 788
619 42
947 17
924 529
440 402
28 528
193 659
938 461
769 750
818 264
901 275
645 391
718 67
80 240
91 783
226 409
696 30
674 846
737 397
145 908
591 153
511 251
210 788
520 730
42 859
406 943
55 287
944 605
179 467
909 611
922 234
286 258
693 494
262 424
5 44
768 164
900 958
955 809
767 914
646 736
495 635
468 339
420 294
527 998
409 884
687 528
160 608
796 792
32 94
612 170
767 8
797 725
190 426
854 726
673 234
641 125
512 325
923 348
665 437
171 721
873 60
344 646
262 336
990 767
20 315
65 749
621 113
856 864
479 17
262 970
472 877
72 148
366 669
700 239
242 737
541 118
650 928
712 474
946 533
752 197
45 414
511 452
836 132
652 518
830 484
284 431
534 381
877 686
383 340
264 1000
7 384
169 282
721 146
95 10
957 164
432 600
284 567
702 771
942 131
111 557
287 857
128 744
585 996
11 320
868 246
352 495
798 32
641 918
762 357
779 900
265 998
386 764
123 102
936 520
399 828
899 625
602 814
554 910
413 644
365 400
500 718
33 960
951 823
643 918
683 233
621 591
400 910
512 969
714 851
488 510
593 271
529 552
118 916
845 206
132 568
704 718
78 242
402 22
519 942
739 354
101 525
387 165
976 765
227 79
51 452
669 75
714 363
736 889
246 952
560 794
549 673
347 684
571 759
824 414
440 100
547 473
750 905
306 620
856 263
831 391
660 355
820 364
67 776
255 834
516 440
68 492
549 782
559 661
145 249
74 906
234 638
527 651
293 139
132 350
240 516
109 576
891 59
951 642
416 980
794 367
231 337
387 292
683 712
59 114
790 851
569 42
590 392
553 741
807 587
790 71
706 167
856 775
847 353
888 596
411 829
157 809
101 455
301 751
807 690
645 864
231 252
981 548
292 99
707 912
651 22
78 182
109 513
861 32
711 110
690 488
435 896
371 830
367 997
645 264
331 930
48 457
354 534
297 381
417 842
391 165
214 351
290 534
563 24
770 798
456 126
664 648
243 943
572 188
814 244
38 952
152 244
409 398
135 647
704 979
339 480
433 787
276 991
35 905
684 757
10 821
377 463
947 676
477 197
473 328
917 41
574 672
291 625
873 242
626 993
655 140
552 142
685 134
362 305
670 62
300 703
500 82
929 232
738 305
449 60
836 697
432 919
855 492
173 959
650 803
728 939
136 388
494 961
815 591
377 386
683 205
129 448
152 122
407 402
889 126
90 282
953 764
394 155
161 941
197 947
475 993
531 712
472 667
929 4
715 791
892 384
690 278
247 856
45 674
523 854
863 327
884 120
226 536
488 360
191 844
469 441
742 521
979 428
907 979
276 792
775 115
340 59
494 791
596 513
957 60
586 879
134 379
395 364
220 93
630 165
655 751
392 781
225 141
385 794
55 853
915 568
958 855
417 251
356 586
25 645
41 267
498 115
822 609
432 773
608 933
347 243
326 134
778 714
533 926
723 46
657 599
383 485
700 292
567 15
824 506
174 834
649 865
150 466
276 594
816 499
265 757
663 671
204 471
826 973
213 489
112 895
263 618
572 650
291 2
118 476
146 776
595 991
769 90
30 876
368 585
656 60
401 62
322 389
196 953
144 194
558 325
111 503
915 476
199 408
673 245
96 189
950 326
644 845
598 272
354 957
42 687
912 554
152 337
358 980
424 872
318 951
575 492
46 988
677 144
992 763
31 885
796 963
4 421
436 118
592 598
654 33
649 271
582 431
559 492
77 658
532 225
991 195
196 407
163 91
201 851
301 851
502 942
371 890
852 461
344 216
646 795
229 569
784 630
228 797
1000 987
369 750
652 90
710 313
729 571
18 994
406 197
25 315
934 682
391 801
777 62
907 188
479 706
929 552
288 899
502 400
977 308
599 396
56 874
650 898
403 51
873 528
199 409
33 853
48 115
240 266
2 666
885 556
156 750
352 798
422 462
713 634
63 328
599 968
387 914
195 343
79 23
850 377
651 704
322 697
102 322
195 986
504 477
259 626
856 244
190 693
933 628
373 898
185 370
719 938
287 814
735 666
788 262
141 617
743 575
686 565
465 533
822 221
769 228
390 215
724 64
152 867
63 919
731 3
357 622
39 82
212 640
839 382
831 246
378 47
281 426
163 450
800 692
359 983
979 155
919 721
456 699
747 743
593 84
260 908
491 892
249 77
15 211
103 590
47 173
614 477
542 460
934 989
830 78
266 613
365 95
720 451
276 402
79 436
123 983
930 16
188 315
552 440
187 284
222 596
51 985
285 74
390 458
501 658
924 44
304 804
248 235
70 70
832 714
230 752
215 942
562 543
726 146
655 17
980 501
867 807
355 151
221 275
76 973
62 382
294 807
287 105
820 842
587 857
828 782
136 785
482 285
351 612
648 233
856 372
326 737
171 69
558 798
183 994
406 328
497 272
487 292
436 79
181 528
903 929
995 780
623 221
485 466
480 370
904 955
145 947
869 314
71 379
686 822
369 231
457 701
603 573
559 220
279 308
882 720
54 507
837 936
592 817
786 641
440 653
250 936
620 90
7 622
597 401
414 717
534 948
135 951
294 859
458 248
81 740
123 334
307 744
241 161
865 721
41 279
712 37
636 783
69 654
389 632
897 369
928 856
646 143
460 369
252 482
273 451
806 884
527 595
304 34
330 172
534 325
32 241
97 386
46 284
59 708
456 844
77 467
111 84
850 244
1 956
870 955
194 168
861 824
601 835
375 769
955 750
10 121
902 696
268 434
722 533
900 927
496 495
766 504
791 375
955 132
916 159
112 380
480 935
260 502
252 645
802 50
569 708
296 536
347 208
231 94
182 375
203 37
740 647
760 394
25 904
880 315
130 640
493 745
212 250
53 784
481 161
360 205
957 691
482 416
307 923
386 541
328 679
488 174
50 411
536 524
650 800
692 520
748 489
981 231
850 447
529 64
172 353
600 770
743 259
3 773
746 59
128 182
259 377
693 212
399 452
521 715
453 584
799 227
840 70
69 145
816 291
86 449
756 925
325 455
859 313
580 22
789 72
989 135
77 293
176 777
76 675
789 167
9 837
70 612
187 395
138 569
418 905
695 670
859 722
969 536
382 715
744 998
671 512
115 371
398 962
699 707
160 508
24 883
575 194
581 701
469 390
713 643
518 937
722 245
452 98
839 27
82 893
47 545
610 109
468 469
911 739
841 614
115 972
269 21
20 115
434 404
488 139
976 162
61 15
124 729
830 685
851 936
264 690
996 787
390 942
774 100
481 194
475 98
528 347
5 353
784 16
847 405
200 526
350 457
193 809
903 25
795 175
220 930
306 475
767 410
7 101
853 914
897 486
33 630
382 33
770 253
971 606
683 175
672 926
201 1
704 451
102 86
944 923
1000 588
991 374
979 523
82 292
598 492
348 775
804 320
202 353
793 711
963 208
261 799
964 377
654 308
563 143
649 107
209 912
756 340
264 397
727 80
840 568
758 124
924 297
548 622
44 127
950 642
412 634
247 658
439 709
362 762
953 569
999 386
967 520
540 777
296 62
699 531
807 62
810 707
674 588
556 721
245 537
40 888
999 931
415 447
20 153
854 581
842 829
905 238
689 262
835 500
236 385
734 617
251 300
24 604
964 292
158 767
451 468
673 286
285 370
802 644
725 556
744 945
189 682
13 847
396 717
298 306
637 158
344 262
872 607
481 848
24 460
138 534
860 633
872 202
225 271
240 313
106 115
147 857
643 755
320 395
260 653
638 117
765 110
164 969
207 156
202 890
151 114
325 176
155 917
926 632
386 544
545 584
820 253
163 860
245 540
486 517
811 313
36 15
807 828
358 678
196 936
357 888
464 373
1 652
615 780
766 196
394 764
126 337
360 218
891 676
942 323
256 708
788 912
240 918
511 583
238 606
455 956
650 829
605 182
481 663
958 827
253 411
767 665
145 507
913 326
394 994
820 445
988 100
560 863
37 703
702 944
22 297
81 246
461 912
658 690
341 428
272 397
856 848
949 193
372 788
162 710
753 949
638 862
181 780
498 277
617 547
674 990
807 823
432 108
132 120
492 13
343 408
140 63
249 588
494 735
108 188
605 743
538 74
482 76
768 843
590 43
218 780
943 341
503 858
624 218
647 981
99 588
449 892
242 651
178 785
218 513
614 168
91 92
79 699
930 771
230 970
345 8
464 119
919 543
661 810
891 468
898 319
67 972
896 457
914 290
421 45
761 724
750 566
761 825
198 258
750 648
811 37
356 866
988 216
415 340
250 357
910 598
522 708
107 819
32 354
883 394
86 354
200 7
345 542
324 218
605 242
942 563
468 473
476 15
466 877
153 134
541 679
332 1
66 434
932 506
856 661
318 215
801 4
370 991
622 186
324 450
627 115
375 493
915 67
988 809
722 426
299 58
995 313
143 417
352 706
870 604
865 927
316 341
465 774
757 97
103 930
865 213
457 252
856 396
691 802
643 173
656 399
745 959
606 207
242 281
380 952
313 973
450 519
847 378
696 297
552 165
269 641
306 239
193 595
372 967
897 12
910 626
916 501
770 836
529 630
437 240
954 417
598 404
530 213
973 843
83 74
905 390
427 816
79 570
626 407
341 141
579 126
686 851
552 376
42 738
34 170
826 919
312 179
673 833
583 471
719 743
802 294
637 441
131 635
591 575
961 265
563 790
136 10
910 334
710 144
492 791
885 892
444 819
40 741
356 916
34 415
124 594
827 835
575 722
336 281
978 274
925 386
767 622
750 481
30 543
786 718
967 749
250 551
695 285
563 742
533 497
972 45
539 946
688 843
420 527
968 259
182 182
83 665
843 467
473 821
76 253
742 87
874 821
951 902
325 853
928 894
498 786
19 785
289 804
97 334
70 351
656 342
162 131
268 503
463 977
385 108
270 798
287 318
436 828
928 946
847 398
69 188
0 734
387 411
897 383
225 54
83 296
96 655
12 915
336 386
70 731
150 753
935 808
269 755
381 183
237 611
433 850
979 955
49 687
362 351
243 497
866 916
64 936
56 421
246 306
148 900
985 924
150 829
216 622
725 759
565 967
568 406
977 670
922 153
389 87
512 151
327 558
712 922
362 169
106 804
646 282
939 103
271 413
46 76
109 146
764 252
45 685
923 228
877 295
39 472
472 961
969 444
138 81
535 788
550 121
815 899
968 617
676 177
427 849
301 947
556 667
926 959
314 761
515 780
780 99
863 939
545 371
646 538
471 404
328 723
142 295
993 521
565 729
188 216
20 130
580 717
126 435
920 90
204 351
73 403
78 945
799 58
71 730
158 319
197 336
678 1000
8 13
901 483
416 228
867 240
545 741
755 233
69 378
438 894
117 967
510 651
124 964
783 309
350 578
39 283
584 849
787 594
100 23
527 149
48 535
185 911
576 792
365 968
643 264
383 787
264 870
990 582
951 639
953 923
950 357
959 2
200 640
619 674
559 858
651 431
869 286
110 441
524 493
37 140
552 866
696 691
21 402
848 471
85 932
348 964
380 199
541 260
469 374
908 67
912 810
469 757
705 160
996 230
1 33
831 23
734 272
560 321
927 175
303 688
279 234
83 786
58 711
775 818
403 896
661 306
843 833
159 560
306 312
341 460
914 853
644 842
158 332
839 874
660 724
0 886
103 531
894 561
563 875
144 202
694 741
857 638
641 171
996 39
827 238
396 388
122 243
177 848
692 58
57 597
922 314
275 286
828 273
153 796
218 66
108 622
614 97
786 839
301 250
56 933
602 593
226 194
917 328
871 87
282 741
922 788
359 550
182 961
273 95
664 359
656 949
383 56
919 27
453 774
872 672
827 302
323 814
27 88
276 234
835 435
847 944
383 254
666 340
682 799
177 619
278 47
733 811
881 375
966 4
399 250
608 850
628 763
221 192
278 671
814 220
897 530
910 811
621 416
823 105
939 59
299 393
231 784
37 52
30 971
695 815
831 447
132 587
230 158
672 138
143 648
417 838
196 526
809 747
465 87
109 775
310 630
223 992
39 631
351 612
459 931
163 344
173 490
898 365
950 877
665 546
802 203
218 771
588 950
827 396
4 728
21 89
513 118
297 748
38 116
414 148
409 967
635 55
81 722
837 408
121 466
944 901
80 719
255 392
326 329
190 194
906 206
923 458
243 681
695 514
87 641
936 602
875 484
268 763
51 883
556 935
978 625
179 371
375 732
984 110
785 660
159 892
622 750
940 755
707 834
690 622
614 933
274 62
413 109
432 298
318 618
33 270
825 105
819 736
29 731
386 122
283 838
304 734
252 875
334 750
102 867
617 123
721 756
910 370
776 376
201 657
396 524
457 942
799 386
216 730
867 791
559 180
647 145
819 360
395 605
60 69
821 447
488 419
750 618
662 111
282 262
498 927
85 109
893 24
676 609
442 945
88 20
477 983
406 641
487 217
243 486
195 171
395 232
700 766
330 585
26 313
274 949
584 20
918 576
178 272
617 550
208 679
6 682
809 259
566 223
934 883
714 494
512 878
589 445
744 923
847 298
8 238
215 514
784 793
48 270
377 675
699 857
177 603
582 404
721 954
78 832
905 343
403 103
475 823
72 660
772 287
508 404
654 851
779 27
557 94
531 425
864 159
663 321
980 314
972 42
753 194
608 932
257 804
637 569
683 219
157 405
464 186
489 715
30 128
73 449
556 717
729 695
861 522
311 444
738 286
935 725
532 521
765 730
586 587
742 489
719 178
956 865
722 459
327 844
974 397
712 431
712 886
320 78
185 92
284 373
931 836
924 391
69 39
903 54
785 521
770 825
732 180
990 661
245 392
621 796
843 836
716 411
526 397
188 770
781 229
535 97
790 413
444 806
606 81
732 378
241 358
172 588
115 549
595 581
746 545
815 503
107 626
987 608
586 411
622 688
133 794
47 55
769 322
560 706
707 401
59 274
902 275
778 863
973 499
986 718
648 693
769 949
162 220
730 177
597 585
533 317
752 875
826 396
108 920
466 719
2 119
974 802
995 130
932 616
740 349
527 632
389 611
85 718
561 387
474 837
483 442
135 179
372 599
367 599
141 838
954 706
288 267
688 552
300 141
478 604
661 775
895 738
268 246
630 990
672 477
56 508
325 990
563 81
648 632
303 754
412 985
341 992
166 990
581 496
155 850
902 77
854 522
832 58
197 32
344 3
955 411
832 861
443 107
133 53
265 226
391 365
970 532
61 221
571 734
25 827
360 85
95 405
955 829
988 361
123 872
77 453
387 986
693 380
727 861
981 999
242 933
663 26
19 38
199 145
781 848
814 193
263 559
17 13
961 663
672 930
570 435
102 820
494 547
169 658
714 408
794 359
545 404
237 10
890 82
967 125
293 681
660 902
503 776
931 511
65 177
196 419
209 759
738 391
908 178
27 325
274 841
523 298
32 599
449 205
778 793
666 894
265 936
352 433
666 23
593 650
642 322
504 76
647 233
209 854
926 505
77 281
534 834
624 374
278 541
417 150
823 0
905 63
475 616
655 668
246 609
351 833
975 269
316 961
319 895
392 916
769 578
746 385
547 291
916 998
641 570
125 662
315 468
973 824
951 163
314 412
125 321
983 318
166 99
197 340
336 979
399 194
92 815
675 508
517 151
988 593
725 322
793 556
910 963
371 253
525 261
525 591
330 449
287 315
983 750
940 633
356 826
758 691
264 631
701 444
735 738
898 824
759 274
865 912
526 667
9 462
172 265
670 12
504 412
355 75
306 884
907 986
89 956
903 957
649 669
692 578
11 659
131 551
244 414
148 135
119 445
12 369
429 802
7 836
652 101
866 156
534 812
967 589
148 643
644 854
282 842
30 180
998 738
821 265
793 886
430 746
941 470
983 354
292 901
385 399
46 530
78 695
561 518
362 998
147 587
227 365
250 863
96 124
737 187
930 111
892 127
418 92
878 817
811 124
509 238
206 152
876 159
788 608
512 718
603 570
448 3
820 210
342 676
83 587
51 85
906 91
616 439
640 107
874 570
917 742
100 260
863 753
316 874
449 482
645 560
119 821
227 886
838 844
956 501
80 919
672 252
883 126
585 251
475 111
43 607
606 535
378 190
724 238
256 11
288 536
510 73
57 610
335 768
491 231
100 270
82 834
599 635
90 988
34 658
123 471
948 481
989 39
969 662
380 534
965 726
27 677
68 246
840 221
924 274
606 658
552 752
532 136
275 296
906 487
428 105
815 822
350 509
688 756
231 835
938 877
521 882
369 422
159 525
32 660
48 4
28 573
839 252
832 580
811 928
536 325
603 664
972 937
535 700
942 521
454 613
870 322
664 991
240 124
352 485
599 285
70 772
565 813
531 891
769 369
258 203
579 963
872 370
103 307
575 709
822 654
143 425
666 773
438 697
63 743
210 527
364 654
336 767
716 439
565 134
541 542
80 409
45 488
48 625
886 759
515 764
178 353
294 738
267 608
466 936
324 239
595 714
495 25
715 562
44 797
342 184
852 500
598 144
486 924
111 48
29 400
586 996
82 38
563 32
178 933
83 130
801 768
526 512
75 862
645 847
749 307
321 434
58 946
675 225
777 267
904 307
38 860
560 899
529 34
96 514
860 350
638 870
530 748
674 803
360 545
198 677
310 611
997 94
737 640
50 876
160 730
816 62
884 260
276 76
454 902
121 947
207 388
226 774
20 761
482 139
448 528
138 936
413 46
193 736
199 863
307 953
546 439
322 827
798 638
187 274
270 868
304 132
996 931
70 458
335 759
386 390
263 849
342 773
646 415
141 394
718 480
332 517
644 800
56 125
428 342
882 6
307 242
730 416
563 401
725 444
712 460
284 156
616 104
496 48
457 34
255 533
133 647
288 417
544 975
301 336
937 509
403 967
559 737
212 401
226 684
407 4
415 918
570 245
189 311
615 190
6 714
574 211
25 46
479 434
261 596
200 797
980 447
779 431
831 36
873 293
42 987
768 918
436 435
571 188
854 692
700 288
913 859
807 777
916 143
965 444
973 271
914 395
321 211
773 883
815 894
66 44
580 22
35 725
917 816
369 152
894 233
249 388
161 847
26 76
27 570
369 893
85 250
875 111
215 768
213 912
492 780
217 527
944 64
514 501
425 311
822 753
811 104
631 867
652 126
10 387
376 617
128 217
210 877
808 775
65 97
733 2
565 394
233 128
855 682
457 866
833 454
546 895
815 488
574 556
876 95
149 180
629 916
324 841
331 137
443 536
327 810
277 590
691 281
755 106
866 922
981 853
281 923
601 979
18 712
680 633
590 124
938 531
402 81
615 451
320 305
504 26
900 570
130 347
38 686
271 572
762 659
940 960
545 545
932 828
710 525
949 975
721 21
166 215
778 14
494 526
885 862
863 280
319 260
939 626
186 578
207 913
344 349
42 322
962 873
317 955
262 66
557 195
585 804
18 540
305 438
462 799
596 456
905 234
653 183
866 997
56 653
738 604
616 381
68 230
331 251
452 350
480 773
571 808
793 800
376 134
679 225
500 473
177 206
241 987
835 339
385 261
575 898
981 926
815 680
485 943
969 996
372 132
525 355
121 511
677 484
639 747
96 880
202 221
973 877
678 607
413 289
908 456
709 101
450 731
432 124
564 464
841 647
542 798
988 972
585 878
499 855
70 68
333 937
242 91
546 584
944 314
424 826
293 193
337 519
914 734
159 247
181 232
171 743
508 783
805 73
198 518
181 4
610 515
761 598
183 422
543 888
78 312
848 582
920 233
286 891
847 138
262 589
918 864
395 926
298 103
279 928
11 875
684 813
323 983
632 12
235 183
120 712
191 835
148 420
646 998
73 794
859 837
604 131
905 672
886 740
287 243
259 307
160 230
716 161
426 368
569 977
9 440
137 727
343 705
62 983
35 799
539 853
683 9
706 868
870 657
608 127
272 65
363 616
752 573
584 217
403 889
643 872
476 731
97 1000
358 542
395 744
717 204
292 785
405 658
740 465
890 29
534 358
286 829
376 442
70 173
326 602
166 398
165 797
378 496
963 120
696 460
515 570
349 265
129 456
623 294
293 910
98 498
31 375
593 520
731 980
967 173
714 600
450 538
68 243
835 298
313 604
375 659
944 39
843 580
111 624
199 208
324 778
53 229
54 555
147 800
891 951
91 305
48 696
312 849
320 254
251 711
506 742
426 450
519 6
163 643
232 951
456 670
874 263
203 110
764 153
563 502
425 327
746 685
11 469
473 402
163 392
381 955
419 695
101 713
209 92
132 776
716 93
804 861
507 766
392 976
34 393
198 167
887 568
587 468
422 253
68 947
103 982
575 446
774 370
783 757
595 800
846 467
942 750
671 14
221 823
819 843
183 718
243 911
124 79
10 843
347 440
784 777
436 54
352 641
134 611
935 412
868 9
521 301
597 962
952 689
855 701
112 273
29 564
193 720
892 774
865 423
749 601
267 554
674 735
206 898
963 835
62 497
980 341
65 465
993 284
487 536
684 226
427 789
569 853
758 802
738 687
558 418
685 121
462 36
623 672
770 731
855 838
545 285
176 602
461 215
691 779
932 566
609 494
649 998
329 45
280 858
520 415
293 762
975 412
108 971
901 901
238 772
222 384
224 937
739 314
165 653
997 543
563 838
123 847
669 747
910 496
377 866
686 112
795 651
667 828
516 137
926 947
980 589
776 502
100 419
852 515
416 430
842 101
759 449
358 569
364 443
871 365
240 852
789 799
743 451
164 426
998 207
357 114
579 653
915 118
737 818
36 937
780 34
582 638
231 626
921 217
620 804
395 904
516 122
789 849
245 713
882 418
630 339
94 963
239 851
616 449
674 472
827 31
320 253
515 258
427 181
801 990
643 227
868 630
334 919
157 208
993 182
484 505
384 601
436 158
482 570
700 554
407 764
661 717
616 605
489 79
574 848
352 563
757 785
102 243
834 674
412 700
150 740
459 137
432 933
219 256
772 487
136 762
114 393
553 17
647 567
968 263
862 558
552 895
802 815
172 866
296 791
797 432
509 208
385 863
761 146
844 374
719 619
976 180
137 508
824 588
543 843
750 227
712 702
248 267
727 997
160 907
167 688
52 926
504 673
633 618
436 514
493 729
404 133
939 655
136 643
517 375
652 920
309 870
702 119
430 940
76 263
527 602
416 707
63 833
590 755
546 612
717 122
786 987
554 403
163 628
721 341
823 375
278 305
688 51
957 83
989 31
72 405
671 150
387 520
741 889
204 377
14 88
259 76
864 938
188 601
298 546
330 945
322 166
679 423
239 959
272 757
372 191
418 763
841 202
291 75
722 415
444 3
850 703
831 431
109 653
188 211
785 421
709 751
968 940
315 898
873 134
190 977
438 176
991 920
692 199
234 338
214 415
423 43
618 31
403 926
648 563
131 657
458 657
629 72
411 700
186 795
9 175
451 219
255 422
101 607
364 254
33 148
749 351
788 63
866 490
810 82
434 66
199 232
34 982
519 895
594 773
958 870
390 156
772 430
575 666
61 820
215 799
374 559
733 184
361 260
183 764
600 576
342 552
663 990
389 788
280 30
729 74
341 862
792 655
776 396
5 79
846 871
577 193
938 228
974 24
858 831
922 644
312 122
510 713
952 822
437 982
792 19
127 211
616 590
254 920
571 688
912 255
730 835
787 77
449 798
606 55
523 51
294 578
744 273
487 815
51 281
157 977
382 837
304 822
29 546
353 10
408 507
405 533
115 715
34 650
662 588
343 878
776 464
458 637
920 916
449 338
559 124
719 62
306 368
0 747
714 615
506 600
869 223
919 559
184 88
297 277
603 716
865 131
335 305
630 602
450 992
771 209
919 519
177 31
364 988
277 155
164 344
886 836
601 514
919 937
214 487
886 354
395 381
672 501
604 379
478 278
756 203
537 605
335 988
332 972
590 793
663 492
445 257
917 490
891 693
703 217
937 214
44 90
744 962
815 77
936 548
341 151
976 487
320 750
118 917
772 604
702 208
924 878
791 350
547 760
654 813
222 996
588 616
646 588
175 831
596 284
332 844
405 775
7 753
296 410
89 24
869 376
745 260
897 798
945 379
97 834
183 673
545 891
121 696
661 233
398 964
117 368
632 79
59 668
694 667
983 82
589 260
920 320
542 72
103 77
198 921
960 673
87 68
345 779
434 801
474 70
815 558
781 649
209 7
954 193
380 853
200 743
836 196
859 578
470 17
994 887
269 105
238 373
263 592
781 901
185 823
600 585
918 523
759 441
96 551
648 577
507 111
101 0
930 405
383 931
590 583
452 645
809 533
899 910
523 157
472 620
563 247
482 108
569 837
691 425
675 492
317 566
296 570
346 241
211 15
598 614
834 806
534 515
906 869
382 669
99 678
165 679
644 482
325 728
248 597
660 399
285 732
859 129
347 118
889 629
482 314
988 495
620 901
628 233
284 131
336 989
508 332
422 582
468 153
839 913
954 234
526 697
368 981
783 191
2 517
220 630
986 713
270 369
674 404
802 854
943 868
957 252
454 927
206 343
872 100
985 723
293 737
65 702
565 872
457 353
726 869
328 474
202 184
331 559
977 670
189 851
685 376
898 763
721 206
178 822
720 484
407 20
191 690
725 581
313 699
769 611
909 419
402 808
144 489
394 449
869 73
474 774
526 786
987 155
817 581
689 318
875 852
379 47
172 756
444 420
805 937
178 571
718 266
974 141
646 989
516 663
923 29
242 675
28 227
630 636
287 108
544 554
1 966
997 681
479 594
489 93
784 38
608 733
150 78
398 799
582 624
15 604
374 874
690 703
102 890
51 811
94 427
843 791
570 316
575 851
652 832
367 612
879 723
38 831
990 750
722 521
400 119
703 25
378 651
148 708
254 886
856 975
385 529
685 678
876 895
530 490
836 552
826 229
92 439
70 494
288 630
965 887
751 786
602 612
494 484
833 70
248 670
294 270
658 688
110 463
253 799
228 216
62 387
398 269
751 480
124 164
452 43
900 595
234 568
753 62
267 943
669 484
747 956
651 728
450 840
970 788
538 314
587 309
97 401
384 604
347 13
340 238
121 717
121 889
468 860
779 745
243 89
65 285
116 471
158 287
658 728
123 674
228 989
562 967
715 152
399 130
309 249
948 771
621 527
973 410
92 644
893 566
577 529
583 658
838 610
39 419
119 454
826 110
243 771
601 607
184 73
351 470
673 626
29 79
262 962
326 832
246 601
176 765
419 964
651 587
321 199
479 31
438 882
210 267
94 511
316 765
683 799
9 938
973 984
956 995
907 110
450 762
934 326
48 74
654 491
775 327
773 931
843 498
991 259
110 826
142 861
550 659
201 160
241 624
563 851
908 592
886 644
215 114
10 252
247 850
557 608
908 719
815 231
267 626
667 247
640 643
594 456
918 660
577 962
445 569
5 830
421 405
406 488
56 222
778 139
761 832
192 56
81 440
892 295
768 757
595 974
640 123
81 667
68 946
607 989
398 612
639 537
748 833
828 486
198 558
183 99
178 405
213 442
760 298
795 848
991 873
479 245
908 119
139 38
529 333
885 754
342 458
504 143
75 217
148 42
674 530
549 75
575 686
507 781
261 857
208 965
487 612
55 858
447 367
959 531
81 168
862 729
745 451
54 942
83 692
428 623
80 716
426 525
705 684
204 947
62 161
298 90
635 767
702 774
281 510
976 643
571 787
828 439
858 776
921 702
403 518
62 869
664 903
338 312
667 263
757 370
14 39
94 191
553 463
885 848
391 317
660 148
779 445
126 291
669 703
724 95
211 973
323 14
380 203
353 983
366 49
168 366
149 77
548 65
847 219
717 239
148 486
245 352
847 85
487 944
344 414
188 888
722 910
772 292
191 815
174 717
606 359
144 296
344 871
870 536
746 462
581 154
7 402
412 689
773 645
406 103
271 729
381 167
327 771
758 7
1 541
218 758
918 733
646 141
496 193
470 738
719 747
760 616
477 925
583 959
479 149
415 36
586 340
665 171
797 178
948 938
674 141
253 927
78 780
630 464
870 52
835 726
779 476
894 652
170 954
151 359
24 453
554 834
398 676
315 54
377 957
925 350
549 829
731 332
115 118
7 987
573 492
610 483
217 99
107 424
783 708
445 747
690 197
482 106
986 669
245 860
752 663
851 208
821 436
538 685
113 105
423 884
150 520
488 398
438 397
636 566
714 415
562 11
811 152
699 490
186 232
523 455
731 221
525 755
341 312
629 970
946 873
341 917
35 239
236 551
925 614
940 969
368 72
11 401
960 665
409 658
998 151
81 441
838 115
440 131
509 536
402 2
884 560
869 71
524 333
71 760
553 748
549 371
270 539
98 12
516 13
54 975
166 53
101 735
729 851
269 34
678 238
920 368
183 580
22 301
274 110
635 89
480 824
8 242
197 869
415 212
403 464
656 380
749 171
127 378
906 507
599 590
356 958
532 251
163 781
2 454
182 346
435 890
681 216
122 536
93 218
870 986
636 853
450 683
511 316
88 31
141 272
821 125
487 325
122 995
17 135
397 866
681 284
94 542
861 727
580 967
793 40
838 346
353 566
695 802
755 670
878 750
359 1
804 386
875 14
476 643
393 846
215 783
531 352
321 469
822 388
977 273
53 656
250 229
340 985
543 68
53 382
975 718
74 0
375 338
783 592
948 190
746 518
448 595
575 793
288 727
147 351
406 248
452 860
64 765
818 178
395 919
987 306
165 123
154 956
462 349
55 10
341 752
45 758
307 123
734 44
998 824
29 265
520 266
90 76
555 61
740 938
385 869
169 512
318 194
108 137
649 989
924 811
696 678
778 66
803 292
157 685
127 531
85 705
315 333
260 561
330 410
839 33
161 986
265 472
270 890
100 795
220 603
1000 798
575 962
975 268
939 609
77 903
389 256
595 730
45 845
823 45
241 307
971 459
855 465
241 549
741 39
474 441
263 599
57 261
989 878
450 29
26 688
884 240
736 793
520 213
93 845
831 412
578 616
831 718
241 46
799 624
545 326
405 291
139 454
168 573
16 48
161 759
150 716
531 369
727 557
730 317
575 968
222 951
790 517
295 97
665 323
355 243
328 424
587 553
989 352
746 652
909 68
765 98
731 349
214 270
792 732
849 98
717 192
74 435
49 440
482 174
769 95
211 353
924 424
336 932
870 904
482 587
747 357
596 773
403 875
381 643
801 522
680 938
432 372
853 1
664 406
27 966
110 148
320 773
971 339
648 825
731 534
521 674
335 30
646 982
281 441
493 998
241 306
394 321
142 611
781 831
540 375
709 89
464 135
162 901
145 739
33 152
319 909
152 786
267 136
311 415
851 995
455 558
987 346
824 539
85 130
228 780
368 126
826 158
543 605
513 240
783 640
314 827
870 791
722 110
378 988
400 460
412 207
944 920
56 271
100 806
674 614
955 723
931 123
650 474
125 965
256 35
220 852
111 177
735 709
742 682
511 901
388 857
276 788
942 424
301 718
529 724
148 287
270 339
860 778
76 213
673 720
443 469
581 566
284 784
802 825
380 829
27 817
3 888
962 456
194 44
738 4
764 257
775 809
897 677
868 851
838 196
154 941
558 549
964 694
165 786
296 53
550 331
204 524
722 962
683 351
976 513
753 206
757 799
34 343
992 804
307 270
313 920
162 849
852 656
37 352
554 104
614 704
601 455
630 439
510 240
438 871
798 226
847 907
505 329
563 869
7 368
11 401
98 103
116 772
391 47
337 46
58 640
302 831
194 363
721 392
546 467
435 320
629 665
833 556
119 829
277 30
561 755
285 628
920 945
878 377
454 704
133 246
899 916
644 902
467 307
148 924
541 793
462 518
492 282
140 985
653 667
693 104
189 925
208 889
721 311
510 94
14 910
182 693
761 594
681 201
177 911
590 301
902 178
839 348
842 23
570 676
460 739
881 648
423 658
495 328
263 180
75 860
910 561
687 534
64 220
231 544
984 827
401 475
979 812
13 318
82 563
293 98
191 528
596 840
188 339
204 415
377 956
369 858
274 593
299 41
127 998
15 497
956 602
311 620
69 260
705 176
628 785
786 547
374 382
420 35
972 623
740 399
646 717
968 107
200 663
578 29
862 737
186 989
756 58
131 736
652 762
376 193
82 111
979 854
846 230
674 119
484 57
177 5
32 377
134 442
582 433
639 612
324 883
721 743
611 15
464 673
372 859
37 227
648 183
197 735
361 363
207 527
194 167
916 114
353 430
625 171
116 312
929 305
639 179
689 806
749 586
35 632
965 67
696 16
849 438
210 907
444 310
630 142
411 162
559 681
887 730
266 755
232 706
12 849
590 945
250 209
288 161
214 601
457 825
380 872
570 105
294 228
817 165
435 872
228 294
141 747
986 251
348 912
274 665
39 985
222 870
341 966
598 296
367 224
835 402
706 889
40 901
149 857
775 789
749 656
579 690
197 138
807 799
339 143
840 716
149 845
562 823
203 723
276 335
768 753
932 385
860 329
896 866
536 411
129 482
181 527
982 910
148 824
162 797
942 411
760 946
799 166
947 335
877 944
763 70
388 63
811 780
827 412
238 655
588 309
427 165
721 322
698 761
927 328
615 392
382 948
153 146
838 380
165 131
768 429
722 727
36 389
792 785
829 269
416 375
621 979
909 696
10 431
743 603
323 734
834 769
925 961
688 237
328 789
812 123
214 618
275 147
935 672
197 420
838 360
695 619
895 895
621 507
3 35
565 976
551 653
217 489
511 975
900 719
421 822
673 147
571 660
299 565
864 253
57 666
542 552
76 213
471 662
552 385
149 325
811 242
189 956
791 251
43 644
171 782
666 935
887 976
264 366
729 318
615 546
278 907
741 932
149 442
938 513
971 952
462 982
332 17
857 112
37 173
100 323
321 34
856 422
734 996
3 415
419 183
437 895
437 763
712 609
101 325
478 231
145 827
613 564
495 185
955 897
525 582
327 118
490 357
753 749
505 744
280 644
331 620
960 504
290 721
466 812
951 481
246 472
12 426
442 399
730 873
27 509
46 818
944 870
995 661
703 845
974 422
843 248
86 814
237 259
600 950
650 294
992 701
521 587
83 161
32 655
532 492
964 314
851 365
383 662
760 233
758 47
730 818
254 40
262 112
622 650
954 132
625 848
176 684
12 775
129 700
405 813
966 75
529 336
659 788
139 239
56 762
147 760
568 944
475 487
478 748
894 83
645 144
15 862
617 704
713 701
563 984
96 457
218 599
282 761
287 830
218 154
578 733
925 715
521 695
210 432
766 245
718 84
401 928
413 670
993 848
787 184
912 529
499 735
424 665
601 971
175 768
91 261
263 553
351 164
139 822
140 423
853 82
979 441
594 958
956 398
388 733
744 195
750 497
852 871
545 464
37 362
529 781
490 455
576 29
908 411
434 316
531 727
457 404
101 377
277 361
298 26
459 455
278 477
124 448
498 701
567 600
792 92
320 217
455 621
214 550
194 443
825 806
947 172
65 121
618 203
730 115
656 99
6 769
234 112
852 824
1 73
636 520
243 84
248 850
506 856
990 683
731 868
960 225
260 672
697 812
981 187
627 184
43 633
740 910
327 388
751 232
522 836
804 100
335 27
867 307
989 343
617 509
173 257
838 434
426 685
127 817
129 409
266 80
592 77
491 543
71 927
290 980
255 290
124 12
76 712
18 9
742 38
433 371
251 335
483 558
988 404
843 956
479 677
11 758
448 372
97 9
817 65
319 144
91 865
624 881
185 835
687 318
990 316
987 999
810 516
500 185
919 137
556 368
897 872
444 881
249 124
808 335
777 10
358 957
200 43
500 796
269 808
810 630
677 563
707 992
343 939
47 163
788 616
118 474
710 26
0 389
21 741
214 216
371 791
301 338
119 373
653 865
803 328
546 504
219 987
333 55
671 261
650 324
573 317
634 60
107 607
473 335
262 979
622 987
233 576
892 444
51 71
906 335
684 44
541 744
431 379
324 190
407 67
365 294
268 437
985 789
272 734
806 650
861 948
645 723
258 19
44 724
197 415
166 945
255 66
30 130
667 143
482 345
774 715
401 287
259 6
573 95
211 730
195 632
784 581
271 915
801 357
346 734
51 464
745 839
337 857
693 682
230 259
381 207
836 541
946 207
858 83
793 25
758 948
522 358
646 40
27 793
398 463
801 68
472 123
559 978
338 508
470 535
786 669
764 588
15 21
542 190
3 631
925 131
716 47
309 159
197 962
315 484
425 412
446 287
966 912
741 508
666 371
588 544
542 238
638 170
490 407
983 291
192 328
220 9
92 976
960 61
334 99
956 72
54 874
319 402
819 677
739 939
284 388
35 634
13 8
357 877
485 817
513 454
779 435
499 56
835 830
412 375
34 884
284 430
333 374
761 447
783 88
684 489
163 198
738 841
191 517
909 978
397 739
636 2
575 291
678 219
244 726
686 909
589 660
467 227
896 956
549 995
900 994
445 677
191 135
218 241
819 437
956 821
902 398
260 626
315 19
979 315
651 485
886 171
36 952
573 210
999 871
69 637
246 483
544 755
506 581
17 642
686 761
934 758
386 284
168 755
204 936
456 719
305 473
875 382
107 6
4 710
276 425
874 928
536 938
120 0
269 842
867 946
127 578
88 498
99 865
925 889
296 707
294 348
381 653
5 948
281 72
553 692
544 28
949 731
797 336
276 374
499 438
759 29
255 954
770 664
15 270
480 727
514 440
421 435
259 303
897 319
215 972
820 468
648 83
543 65
793 79
454 380
423 538
126 410
581 564
422 814
172 445
304 815
195 73
201 52
902 703
734 364
82 289
430 133
512 699
10 841
434 200
536 605
483 120
155 71
713 273
314 692
274 666
24 591
131 480
110 191
430 982
743 847
854 121
694 132
19 650
431 660
753 693
789 333
961 793
467 1
335 217
122 333
984 621
402 31
642 598
863 904
637 214
586 247
204 454
254 244
218 266
201 369
713 653
399 649
562 971
135 126
613 372
251 472
634 301
51 187
50 902
704 932
90 974
937 819
178 870
776 496
989 638
291 931
472 26
201 572
418 490
990 293
375 520
332 807
724 311
237 9
894 587
208 208
276 742
292 135
765 26
635 99
96 920
393 593
392 748
607 838
280 965
835 561
813 88
362 739
230 516
85 812
337 135
846 542
92 804
437 147
56 745
858 82
47 112
538 529
289 737
790 99
331 698
212 102
309 841
45 654
151 512
616 725
569 280
322 89
589 639
904 380
377 641
239 852
254 759
185 384
698 66
219 213
557 89
837 75
354 138
158 671
284 11
689 99
555 810
72 948
906 607
881 478
655 198
692 479
582 920
76 624
944 136
910 80
17 858
975 928
818 536
471 475
731 235
960 140
738 168
89 198
936 576
898 993
888 112
83 303
544 366
562 158
364 397
970 560
377 264
75 32
318 308
93 539
415 407
18 904
842 524
72 182
714 864
360 89
990 851
227 432
777 607
375 861
401 597
292 581
112 248
471 646
300 772
213 767
172 519
259 890
536 321
198 695
261 649
733 908
889 108
559 872
566 529
428 336
120 885
210 311
87 617
893 496
973 460
196 510
269 593
949 89
69 909
85 857
44 109
326 107
70 449
320 651
481 731
764 97
936 374
343 83
324 625
686 715
133 987
597 868
502 656
531 539
332 380
686 758
100 523
858 482
78 338
341 666
456 662
838 236
738 899
730 580
242 747
783 491
29 165
576 160
12 150
42 256
180 372
298 573
873 589
158 221
987 911
427 388
482 269
220 150
338 994
780 49
940 632
908 830
225 807
766 25
178 479
969 179
907 697
909 270
626 58
965 461
149 418
975 327
639 217
598 683
429 166
498 689
966 222
605 892
214 152
847 482
527 851
241 792
512 468
406 643
526 828
708 435
289 672
45 880
331 227
760 54
510 888
652 599
280 554
207 847
495 500
152 870
746 780
303 309
8 397
964 865
660 670
84 645
835 670
25 95
581 337
774 468
972 119
307 120
826 480
428 203
392 419
579 699
249 703
601 759
951 964
608 691
291 197
523 362
194 649
102 874
637 285
738 318
371 682
131 417
233 882
292 754
975 862
737 511
93 292
637 839
573 47
952 494
254 859
337 663
445 178
878 446
932 385
992 887
818 141
176 6
819 722
947 389
898 974
714 70
46 237
973 520
120 483
124 712
765 368
586 563
230 714
48 875
253 700
59 642
105 456
835 685
685 131
107 49
471 616
122 142
421 62
934 978
447 742
501 812
290 436
572 397
39 488
332 372
411 477
358 753
415 942
877 905
625 579
537 843
528 728
886 628
607 28
188 808
891 123
610 418
1000 17
207 211
403 497
942 823
137 718
425 115
578 91
960 575
243 78
598 596
84 226
18 691
503 263
829 357
11 527
746 72
580 391
785 725
784 992
115 550
513 403
489 940
565 498
626 783
688 687
578 359
58 430
572 598
729 536
67 728
809 280
667 542
464 270
932 267
809 607
583 343
981 957
468 521
644 344
746 505
304 235
552 835
726 139
461 114
509 450
549 476
236 646
499 579
3 164
572 183
142 297
613 196
586 25
125 29
264 180
361 232
36 842
185 420
834 583
471 65
350 84
766 26
696 151
206 366
325 459
552 873
770 488
375 961
287 656
274 601
603 628
960 309
596 937
910 501
711 166
846 802
751 98
362 838
69 197
562 989
284 210
422 791
326 848
903 731
189 433
636 8
823 270
52 772
10 918
276 206
435 500
306 34
578 785
863 265
754 59
602 977
336 765
234 677
831 47
667 883
609 406
577 725
60 308
824 438
920 184
737 498
84 27
280 19
211 184
386 873
540 850
469 921
897 724
899 401
355 473
267 297
323 22
596 266
496 769
108 259
831 275
890 661
291 197
377 89
909 260
509 71
94 65
205 248
32 133
684 702
875 537
6 369
180 290
299 606
290 753
791 844
916 43
574 483
815 791
73 877
120 191
68 690
597 906
214 754
808 27
343 278
336 355
17 563
746 685
407 582
924 824
998 971
147 943
505 706
565 145
966 632
841 845
759 575
36 725
511 411
909 742
814 796
386 170
484 551
442 145
484 331
446 677
724 733
764 258
415 575
284 705
458 615
483 820
816 882
570 908
632 474
498 327
536 243
77 657
293 362
718 568
192 360
637 465
586 558
809 255
75 748
565 114
392 201
448 437
48 408
988 884
477 921
891 690
291 543
440 838
291 125
440 629
350 122
950 615
887 590
973 839
102 552
583 622
934 269
674 223
92 735
643 781
665 724
443 918
843 594
357 938
334 698
364 237
659 296
322 5
264 842
100 962
870 81
598 517
75 793
986 206
997 442
736 613
552 699
178 924
277 93
301 237
251 902
867 618
954 817
308 21
637 970
792 517
517 443
367 299
549 220
390 551
327 381
652 678
784 701
762 307
672 989
426 39
820 180
977 583
739 444
562 81
345 452
364 948
449 384
886 1000
72 952
718 612
290 516
390 24
68 351
175 189
790 69
547 893
789 96
586 127
357 955
221 404
324 46
293 422
12 553
836 981
398 765
477 394
56 555
615 904
812 140
711 738
906 379
342 200
45 36
318 839
11 566
127 701
925 44
422 621
931 811
614 578
455 751
241 537
667 10
729 917
376 158
725 866
230 714
494 316
862 312
66 783
836 719
31 191
287 622
707 750
732 805
318 232
739 291
395 210
770 117
676 113
528 898
166 568
770 618
316 523
992 959
369 370
782 513
855 221
214 334
532 206
474 651
740 882
229 815
336 871
926 186
361 793
728 786
568 115
479 634
577 769
61 485
359 792
121 369
325 504
288 399
852 664
610 322
794 287
621 332
885 270
47 334
754 254
65 705
580 649
809 366
748 607
369 609
299 192
607 989
382 352
787 306
197 930
691 484
18 491
8 333
427 420
703 180
585 995
686 553
82 94
986 679
665 281
656 507
795 565
367 730
164 144
593 657
995 383
16 243
968 427
429 297
696 872
1000 138
267 627
698 338
670 354
54 635
801 23
195 979
58 759
731 844
720 182
141 751
928 768
554 613
97 560
678 370
182 953
760 973
454 560
201 119
374 780
94 919
592 436
989 303
233 475
364 417
975 415
599 825
268 922
525 876
158 206
924 429
133 580
561 444
377 446
631 79
117 64
877 492
935 0
595 943
69 666
362 85
329 596
290 400
527 900
283 675
28 947
888 370
184 726
641 557
823 620
69 281
978 193
534 486
859 984
932 435
8 154
345 491
661 778
467 0
272 499
792 428
184 433
798 735
24 287
74 346
397 256
910 148
783 302
709 641
370 342
162 457
151 319
251 982
864 905
122 983
719 53
129 264
495 924
717 476
974 73
957 478
377 319
319 878
234 440
631 490
309 71
201 795
470 315
681 983
172 444
192 657
178 887
169 455
28 844
643 501
786 702
993 778
732 99
159 963
286 554
346 884
406 172
396 894
190 123
938 785
550 735
30 522
496 347
176 541
576 990
248 780
890 854
788 387
705 243
884 875
623 100
5 100
725 308
944 400
411 594
497 467
937 393
93 137
838 878
165 101
573 681
813 799
704 799
762 461
385 974
835 983
326 810
429 652
794 216
843 417
263 3
696 865
835 111
579 571
45 649
69 964
864 342
142 977
416 515
947 941
35 70
650 611
925 677
950 336
87 914
140 337
672 124
651 615
210 401
427 919
858 172
541 996
291 700
451 747
491 889
690 155
976 733
351 788
213 456
448 201
432 654
263 839
155 80
58 784
18 63
618 183
303 304
852 5
54 858
678 972
812 883
970 529
659 563
515 86
682 252
383 546
827 984
864 628
679 218
551 405
687 410
444 925
792 703
567 497
347 297
541 239
774 782
790 35
809 697
908 184
844 38
31 932
223 269
138 863
619 2
59 662
260 910
439 111
335 474
486 648
991 182
373 29
846 496
599 546
926 819
719 843
222 376
288 839
518 674
963 223
485 665
479 473
234 739
240 448
757 549
7 907
506 525
858 832
267 928
954 633
890 286
453 889
522 768
203 226
545 667
293 870
29 849
546 36
595 887
720 265
815 597
801 524
916 246
34 952
389 698
298 277
6 688
801 936
44 831
595 930
697 947
34 713
860 321
137 749
431 768
263 568
687 302
683 549
924 804
532 134
125 878
484 147
397 863
618 829
816 907
995 580
191 731
469 964
154 983
484 207
414 190
565 694
565 367
0 642
158 235
892 521
200 507
312 889
330 718
763 477
640 489
89 216
170 182
502 314
543 235
208 177
885 854
522 207
791 274
990 88
653 374
124 915
413 486
304 639
855 74
736 553
506 818
358 949
930 262
659 917
816 507
14 986
854 331
182 908
371 225
401 270
99 41
500 81
777 615
950 829
399 187
561 862
920 7
474 41
139 22
242 258
802 497
966 878
387 709
275 210
561 23
767 181
432 452
144 971
797 127
993 367
303 554
667 669
630 613
645 420
817 73
9 1000
801 815
937 699
288 329
690 600
202 451
99 541
869 48
75 899
560 322
165 872
96 235
436 640
18 890
734 454
584 49
587 554
19 30
449 657
543 750
505 452
536 677
928 641
952 793
663 314
967 409
560 121
681 343
221 74
786 725
55 613
763 725
593 50
986 987
70 223
275 726
741 373
619 844
860 106
897 500
995 723
810 839
403 247
666 407
618 222
485 797
723 123
774 132
988 175
830 704
497 802
702 993
705 793
186 473
237 176
849 791
790 430
459 747
767 455
36 578
191 982
76 457
441 969
144 529
765 685
283 350
378 188
683 237
907 760
582 164
923 156
82 762
844 979
435 833
492 11
399 48
103 678
936 902
968 138
126 635
162 405
666 792
423 948
113 844
84 932
243 925
655 426
384 947
882 838
725 336
537 481
926 814
551 283
373 6
629 432
383 721
574 387
405 866
907 213
485 75
673 840
179 764
947 97
953 176
509 664
163 913
85 755
13 449
555 161
116 700
246 583
451 349
687 709
166 722
338 965
343 798
929 976
25 127
637 687
861 602
641 282
417 913
362 87
630 172
491 261
657 125
511 345
871 643
111 349
935 41
559 39
578 507
212 82
21 274
241 501
288 581
816 725
899 802
839 575
457 290
939 790
217 36
698 694
255 361
607 68
702 928
11 237
491 610
535 461
139 797
996 136
876 581
152 15
942 837
979 15
82 853
51 3
706 855
421 168
197 411
952 570
428 875
230 798
503 989
840 288
824 675
619 379
987 113
40 252
344 961
166 918
988 702
223 204
942 766
206 822
80 219
716 367
953 205
331 793
431 543
33 691
130 49
542 441
914 244
736 166
719 442
255 865
243 50
929 371
83 838
564 472
69 75
558 366
883 569
225 498
8 119
871 234
957 756
308 528
231 586
890 716
746 914
855 639
337 689
664 76
129 545
140 93
918 902
297 336
682 7
795 28
542 30
954 316
268 243
827 299
632 357
628 727
391 370
120 439
105 373
461 500
425 397
947 361
325 486
916 464
671 55
17 552
392 501
762 904
208 104
685 629
682 460
86 157
474 84
87 97
890 578
496 284
284 17
698 960
984 24
130 468
548 84
721 282
238 100
968 40
506 904
508 177
412 968
124 950
521 142
204 771
184 844
405 540
770 723
506 537
688 725
42 234
775 87
623 270
783 529
943 903
730 727
521 807
202 297
103 204
595 578
730 893
730 945
318 93
357 104
225 676
203 71
603 24
766 68
318 275
58 848
658 181
917 752
303 927
803 430
894 316
399 562
891 393
747 475
608 955
22 575
913 714
643 689
445 429
283 569
510 514
784 989
639 351
60 914
110 339
949 470
923 793
907 652
896 653
164 472
909 105
454 554
666 930
761 154
520 555
776 648
101 380
78 449
683 370
43 347
916 871
85 412
509 124
668 699
657 945
590 379
409 604
87 594
903 859
135 221
210 170
749 950
235 79
781 244
317 827
703 535
440 406
789 452
171 359
426 988
972 385
607 423
794 473
421 123
479 452
552 407
331 995
405 712
592 58
485 559
719 971
106 391
506 828
980 839
181 84
439 398
925 330
270 783
387 177
826 396
498 63
523 18
71 429
259 273
861 815
100 350
252 600
390 268
24 543
314 330
491 484
267 615
794 638
353 264
366 769
898 218
833 791
449 700
282 443
298 776
997 11
600 429
623 789
193 471
521 576
327 797
987 983
825 73
976 525
742 929
715 950
358 217
945 318
769 626
654 352
696 625
332 673
149 573
389 726
628 982
41 242
54 407
668 619
246 575
792 87
401 480
656 930
249 247
365 406
834 792
285 804
932 834
527 348
815 931
760 139
717 623
432 913
752 970
148 675
51 325
785 599
152 102
706 631
583 954
900 282
387 252
251 255
796 680
553 696
438 409
642 113
749 922
298 645
884 105
583 538
934 146
698 86
864 966
26 945
525 518
72 226
340 68
615 923
442 419
736 973
795 96
673 716
20 138
168 565
411 895
323 308
778 318
977 771
546 824
730 259
832 718
947 204
593 80
657 26
938 417
659 442
786 162
550 203
599 871
425 822
959 601
22 130
46 953
614 406
759 799
62 431
166 886
942 365
486 328
766 295
255 49
33 963
59 843
329 720
924 852
917 952
150 594
717 381
645 964
985 156
409 704
905 447
600 32
253 131
419 611
851 92
261 432
572 340
890 51
375 981
213 394
357 31
329 400
472 1000
29 697
333 127
738 148
791 248
770 977
419 951
95 492
854 9
288 303
454 448
569 438
237 601
102 19
289 446
88 584
413 170
343 208
100 202
493 256
57 929
503 484
551 431
288 508
199 539
587 924
683 398
480 913
429 939
35 405
186 94
256 818
632 670
643 643
204 218
348 771
838 636
116 849
892 87
636 769
1000 527
902 744
453 611
417 466
440 185
280 317
654 85
60 900
886 569
619 273
741 416
919 35
237 251
530 5
674 899
763 210
702 117
142 826
726 373
908 817
76 456
154 117
552 155
223 947
124 48
805 262
164 879
689 123
717 137
999 702
50 378
729 498
302 716
569 966
290 680
321 908
971 830
604 811
556 315
950 871
294 140
74 459
18 231
465 450
173 77
431 187
363 500
33 385
298 324
259 478
694 108
973 350
540 576
534 406
104 824
288 826
109 914
32 272
118 97
451 935
181 382
347 109
284 332
695 548
679 447
390 784
645 13
185 444
431 791
258 612
857 339
354 537
156 657
96 632
210 97
321 281
82 565
657 855
857 470
873 351
362 149
691 180
732 742
774 959
20 815
307 971
516 212
983 770
258 98
295 137
879 933
412 844
344 97
808 239
901 330
698 283
755 777
404 861
546 752
258 179
129 579
22 304
929 565
713 986
774 226
299 408
827 989
458 772
475 372
127 150
786 972
226 992
552 374
297 179
324 267
390 163
568 15
208 657
833 270
784 64
969 667
580 950
427 153
68 437
787 348
226 721
291 319
552 921
921 536
281 327
751 947
904 691
187 637
240 852
188 901
985 763
378 957
654 436
912 270
393 135
260 145
293 169
711 258
735 269
205 762
280 192
925 24
276 250
567 822
613 762
341 829
133 15
898 492
120 847
401 762
360 156
481 4
761 522
539 203
885 739
823 270
979 640
584 531
143 48
991 1
943 791
731 571
334 573
39 536
658 928
570 440
872 931
573 27
939 500
637 630
598 942
458 612
417 584
312 820
345 199
584 364
358 399
252 773
654 922
804 205
550 460
636 799
753 785
140 695
967 535
737 3
896 974
855 995
878 174
475 951
453 901
888 558
650 162
82 547
37 898
469 316
470 162
658 888
114 110
973 739
206 486
523 585
945 171
969 187
738 323
951 764
1 90
90 140
716 275
743 680
626 299
568 330
140 983
3 37
579 1
117 203
64 491
559 576
532 230
710 834
425 839
772 88
476 424
820 141
672 239
276 130
931 568
69 530
35 330
795 296
259 612
278 719
707 565
233 402
674 57
541 275
303 889
740 372
354 439
328 430
652 721
273 499
514 577
238 801
859 116
650 17
90 448
872 871
153 837
594 658
231 102
54 923
526 190
350 318
275 184
816 420
979 564
418 1000
819 160
434 708
807 286
116 685
775 64
497 458
212 302
878 792
425 220
255 186
157 903
577 35
230 168
730 117
971 188
637 179
651 997
477 367
927 712
662 281
945 108
107 730
716 903
77 996
410 711
54 642
466 118
267 682
999 706
526 488
490 14
932 575
404 435
857 764
147 135
883 971
682 363
231 29
466 703
1 933
495 703
849 896
634 373
104 393
494 737
361 335
930 842
416 896
213 665
570 657
570 689
438 895
806 688
553 807
404 649
29 666
77 929
19 940
491 875
613 6
656 11
550 819
973 548
329 148
430 244
34 540
284 879
406 762
864 711
528 799
606 456
652 58
250 753
975 590
692 759
373 291
902 220
255 810
706 93
762 815
835 700
736 235
837 32
101 504
462 828
608 959
972 705
540 932
79 0
237 395
522 161
978 845
615 42
488 162
41 831
44 952
534 781
389 448
537 841
299 151
620 862
477 457
823 911
976 329
188 205
24 274
28 493
309 234
341 105
329 379
842 121
185 768
615 317
924 825
531 530
115 805
549 672
121 851
294 597
201 650
113 350
314 962
427 449
746 353
224 638
434 610
764 756
962 72
256 546
667 692
299 498
431 786
33 256
802 436
930 506
990 63
868 972
947 854
497 756
133 463
963 73
978 629
586 332
404 339
995 65
103 753
939 843
266 907
899 873
759 351
204 175
262 71
66 800
756 734
948 380
316 353
883 516
589 916
303 336
615 653
4 1
691 112
820 851
103 558
91 155
796 60
34 321
587 457
258 790
768 370
18 445
178 732
952 101
130 916
157 557
813 746
678 569
731 232
642 172
85 667
362 692
217 72
982 458
201 133
919 85
409 987
703 133
674 803
788 683
296 515
228 331
619 352
988 105
142 392
195 447
242 734
42 961
835 917
21 168
668 277
825 395
250 117
176 102
565 849
771 176
642 319
800 339
456 163
332 245
847 202
672 804
828 595
302 291
454 875
578 511
161 169
390 434
935 518
845 132
756 777
324 277
289 640
1 750
599 58
919 850
208 917
196 142
33 254
442 733
539 839
510 583
35 984
911 222
742 868
160 884
710 560
278 715
599 157
350 96
274 749
556 877
494 592
882 847
499 614
706 401
265 135
105 406
697 883
191 379
794 290
261 187
81 449
818 936
484 951
319 909
851 940
422 871
425 889
0 392
726 684
271 616
430 587
837 9
425 851
912 704
641 975
380 29
222 249
814 945
951 410
374 251
192 238
290 236
77 151
961 398
637 397
610 786
939 846
817 655
668 442
825 94
22 126
428 284
801 145
256 380
220 497
129 110
656 63
589 69
969 60
520 363
18 481
142 887
861 983
553 110
411 85
326 34
270 571
528 869
351 56
639 304
298 399
787 3
497 32
932 647
13 402
213 733
737 279
214 244
181 211
455 505
697 439
777 616
244 683
980 378
613 1
319 313
293 961
917 549
880 508
356 257
185 818
762 48
76 514
17 314
405 887
291 190
302 835
276 861
769 14
321 658
288 943
708 728
222 526
859 810
853 511
43 530
538 257
668 537
594 332
48 586
989 526
125 71
875 946
716 754
447 887
163 214
500 778
152 611
332 295
382 437
394 203
654 414
327 141
60 341
661 251
3 517
755 653
651 961
595 666
905 287
265 39
481 135
915 258
239 51
589 792
634 295
182 545
180 611
77 841
610 208
357 294
338 739
870 405
26 884
538 781
525 245
783 256
777 223
731 741
779 794
755 132
199 555
778 538
460 123
443 361
940 238
534 11
280 686
379 22
200 988
40 923
876 50
361 989
811 209
52 358
795 441
867 790
359 522
366 892
35 286
523 547
255 199
637 133
282 917
483 984
52 519
514 605
243 150
42 975
439 605
553 696
39 862
840 191
593 477
607 3
313 320
95 583
51 697
886 288
445 634
277 615
259 290
52 467
10 821
393 225
552 243
640 682
781 764
237 39
832 809
921 211
329 747
985 132
50 177
679 717
56 360
934 404
507 528
904 484
661 26
680 124
869 468
843 250
474 292
203 669
289 553
499 241
145 538
992 606
213 692
286 578
580 933
381 36
44 925
148 165
377 535
553 405
233 892
322 592
80 808
222 941
396 26
128 903
537 818
824 254
732 970
792 840
708 370
359 110
909 337
22 505
110 499
496 864
318 604
154 957
553 234
1 62
73 248
562 102
648 898
64 328
736 906
769 739
807 128
572 505
848 267
283 285
147 26
89 188
715 281
246 823
387 158
429 919
569 989
198 358
959 910
549 181
368 353
677 791
547 672
40 599
161 678
324 856
57 810
237 52
101 952
567 231
723 609
11 513
846 580
168 190
332 338
110 108
30 704
372 972
744 400
968 593
134 120
785 573
491 478
784 18
191 905
9 643
319 687
882 441
462 713
156 769
592 152
1 368
388 173
700 67
389 945
213 313
857 509
312 602
542 567
310 211
997 447
663 853
735 913
239 193
258 699
251 311
104 402
452 166
36 465
457 160
973 184
135 756
823 365
349 234
801 399
271 505
174 654
867 744
707 960
0 998
807 684
521 514
533 829
397 552
480 574
714 904
457 959
618 160
50 372
982 783
592 239
465 773
190 916
436 339
914 329
557 644
947 316
564 968
657 955
70 818
680 9
572 905
703 426
995 118
278 155
586 93
459 713
366 557
347 170
911 732
211 79
381 249
955 60
829 930
438 621
580 987
311 592
695 404
36 259
12 945
13 850
710 122
316 801
541 548
823 36
345 929
705 183
122 899
300 562
933 523
873 391
616 129
198 888
837 775
593 838
974 464
242 282
107 655
331 813
507 199
237 743
378 460
716 80
88 436
937 338
579 178
792 380
591 79
584 68
56 529
379 373
308 431
454 154
66 171
756 228
433 504
280 119
426 892
48 248
983 805
677 628
75 208
825 557
312 444
750 470
734 300
779 367
185 97
664 740
476 842
108 357
832 216
259 212
687 809
645 169
269 509
341 179
887 520
567 916
618 426
242 539
701 192
224 799
762 299
882 143
471 963
376 276
743 813
33 536
337 664
353 107
243 67
221 827
465 555
456 244
71 915
376 782
511 322
729 834
219 515
52 395
394 668
16 692
837 11
325 654
662 301
892 648
138 760
15 195
959 244
172 790
645 480
678 323
555 536
651 292
717 983
207 516
384 622
610 577
70 143
661 557
497 765
413 753
458 505
634 842
603 485
742 503
881 788
363 964
452 92
75 735
749 309
188 330
13 438
656 189
434 372
920 714
315 531
259 220
68 896
767 770
252 502
728 43
510 254
618 802
251 387
835 342
399 309
794 976
545 895
586 645
511 254
638 318
777 716
259 519
433 562
694 16
336 930
811 172
658 59
741 538
845 245
766 743
237 484
767 835
985 723
412 987
633 198
941 802
63 865
578 478
715 21
151 629
556 190
731 905
975 117
561 530
198 939
548 869
841 536
122 249
940 391
756 286
112 764
51 21
919 485
554 216
642 22
977 738
426 735
779 590
242 868
302 652
800 861
689 26
78 62
728 602
195 324
29 779
814 990
516 481
306 154
972 628
392 208
967 352
190 475
567 690
71 985
552 908
684 533
506 452
874 55
638 490
977 432
66 664
105 688
357 29
844 642
904 315
476 672
416 242
226 924
207 865
997 175
562 440
75 973
555 330
47 646
442 180
413 412
48 240
583 783
954 487
892 204
772 235
598 204
367 775
990 789
393 109
876 558
257 605
662 573
986 184
977 765
5 645
663 253
650 487
838 63
934 242
830 340
257 120
529 548
128 334
749 260
591 528
85 734
147 667
846 122
369 217
772 830
993 600
316 480
589 68
624 131
994 492
375 92
487 542
211 857
739 282
323 243
341 746
409 595
846 434
424 369
727 5
584 510
552 349
812 394
714 461
26 641
329 273
823 346
806 704
729 267
273 939
922 455
4 600
728 256
241 534
438 242
972 962
189 551
220 17
541 361
110 281
865 806
796 780
306 921
66 412
385 70
764 757
894 951
985 803
756 238
917 463
540 528
629 811
420 551
787 412
742 828
898 678
776 6
110 822
426 234
782 867
952 224
268 148
75 373
92 25
566 793
809 836
62 58
246 646
507 185
771 254
780 597
482 207
484 359
270 346
46 469
336 643
447 479
885 864
916 893
8 40
387 933
566 357
564 249
58 309
541 256
669 359
672 935
181 955
421 195
171 968
556 253
821 182
881 816
622 676
301 79
844 533
175 337
206 592
878 572
272 621
50 505
559 67
855 94
347 299
243 149
306 344
447 106
281 617
213 400
574 867
97 421
532 754
32 767
663 490
798 843
656 586
713 218
180 275
600 750
167 147
77 9
361 780
743 478
568 138
128 520
329 840
837 324
362 439
755 815
32 29
410 596
942 316
865 643
134 573
165 710
811 116
853 389
263 432
997 374
50 456
946 816
12 201
966 325
392 887
101 920
413 526
17 412
443 567
187 411
839 332
674 249
206 990
361 441
657 983
703 910
328 594
925 750
943 543
203 166
852 952
73 786
188 495
255 544
293 669
788 100
547 954
44 200
354 965
653 474
312 61
770 349
779 611
759 46
29 705
313 298
374 328
860 865
994 661
855 746
560 937
86 61
235 652
197 878
326 886
741 758
746 90
677 280
561 868
256 815
872 327
246 604
802 24
588 361
553 767
39 501
116 478
749 500
540 653
320 938
943 509
85 486
628 221
468 320
381 617
545 509
777 243
447 192
981 133
848 350
355 241
13 836
719 892
773 828
717 532
324 159
404 304
0 881
178 113
710 363
0 173
394 357
171 99
55 292
858 843
178 490
141 265
701 801
230 149
426 845
188 203
991 811
371 879
635 130
453 48
588 592
247 832
829 847
519 861
351 200
672 693
802 530
715 262
335 818
864 298
685 235
997 695
642 866
730 819
60 113
10 209
695 681
637 660
305 695
155 990
909 387
526 820
240 68
986 147
291 567
868 453
964 104
795 690
648 351
303 557
785 446
266 467
606 137
742 48
59 507
719 265
790 465
363 323
828 75
850 339
957 140
103 61
602 413
671 318
80 492
349 723
115 145
949 165
525 759
464 957
904 573
441 262
1 589
532 601
563 343
249 17
654 885
681 342
458 126
549 866
26 778
758 646
150 59
858 888
888 797
486 116
708 561
728 956
757 943
597 180
831 868
636 308
695 734
375 284
613 284
916 565
378 919
131 471
293 454
894 949
157 229
57 235
573 981
672 953
820 891
658 944
544 235
313 764
265 649
292 758
114 523
47 666
293 879
803 671
383 627
88 456
185 806
753 555
978 889
255 763
348 244
423 524
118 838
370 651
622 922
256 627
470 991
850 273
584 442
680 207
840 236
941 630
684 836
721 126
743 374
916 559
652 321
219 582
931 232
756 853
880 594
312 397
398 517
129 804
607 405
334 160
959 715
336 98
288 874
230 681
23 972
475 791
869 581
870 294
851 982
869 834
29 979
380 37
961 945
757 863
128 159
185 924
719 80
995 377
829 176
997 119
546 431
659 860
889 261
189 130
324 608
155 94
972 246
200 383
581 4
159 185
574 854
745 817
605 47
372 131
425 27
912 270
941 111
220 824
618 204
580 283
783 316
987 138
0 165
194 358
693 482
972 980
249 333
753 559
89 839
16 339
436 963
639 999
181 434
536 583
428 677
711 56
507 722
37 840
415 413
990 761
275 239
831 894
994 870
219 626
523 704
907 878
438 975
687 69
359 191
354 171
345 376
411 310
936 836
713 192
456 685
318 365
320 730
320 405
97 729
672 373
604 184
521 898
648 23
386 687
934 310
885 506
743 826
224 364
956 111
668 327
370 936
238 750
508 20
210 392
570 305
347 772
378 968
334 406
161 305
909 419
590 202
587 969
823 500
688 798
562 473
685 447
979 943
225 985
923 673
590 539
968 244
519 139
29 612
468 989
714 646
146 988
308 183
732 482
451 85
391 445
28 499
679 189
16 200
838 158
760 955
320 635
891 669
4 115
393 434
2 393
331 299
795 378
881 89
170 682
628 130
145 135
562 558
355 644
127 330
300 255
626 347
521 274
632 136
102 79
867 628
242 855
122 289
874 7
938 579
748 773
184 999
8 383
851 833
916 676
703 2
88 881
602 588
379 969
808 460
354 978
727 187
562 12
640 663
347 925
929 437
33 649
560 380
564 212
70 694
872 805
279 285
642 585
845 970
17 854
631 616
865 396
290 233
366 820
55 85
471 856
283 96
95 11
477 489
717 971
296 463
726 882
403 972
992 641
531 714
114 544
69 250
59 414
213 527
804 192
391 912
879 714
76 508
131 902
65 540
606 22
404 98
923 374
108 910
665 935
9 717
468 800
313 455
330 688
872 648
945 788
84 615
492 711
66 687
876 567
260 425
447 220
682 291
511 628
439 174
911 561
633 510
178 269
794 53
301 402
823 706
517 32
312 411
533 148
997 745
211 451
114 642
611 821
916 612
523 798
712 602
530 120
718 31
798 980
695 594
105 993
825 340
20 72
732 3
811 399
728 382
405 988
446 992
330 92
588 960
706 311
924 655
991 173
306 131
312 182
976 496
822 737
35 959
450 805
961 406
704 111
592 130
989 415
5 430
321 810
991 911
365 638
622 515
252 778
759 651
32 317
307 936
623 34
318 769
547 332
903 706
939 734
348 584
159 170
641 899
442 617
59 909
448 930
66 245
642 601
944 767
237 148
947 327
582 842
856 553
265 743
498 468
103 226
432 288
88 139
477 967
952 266
571 735
221 933
67 610
546 874
755 692
616 651
700 254
691 876
950 845
450 764
963 19
981 927
709 25
736 252
737 605
102 675
371 787
987 83
491 909
776 102
737 413
726 859
930 669
424 519
540 952
227 857
906 349
765 481
409 797
576 625
686 674
390 504
170 937
179 991
26 288
734 819
546 121
203 171
797 26
28 823
195 958
297 939
438 228
288 213
161 45
632 147
911 857
622 473
805 713
653 582
111 961
887 635
755 213
228 142
66 682
199 373
227 437
672 819
370 449
42 314
843 8
887 185
380 718
232 788
724 145
180 605
306 690
616 549
559 989
881 918
328 621
177 977
223 376
210 952
881 600
628 335
920 82
572 590
306 894
324 670
831 455
819 229
932 538
90 220
552 358
15 797
530 35
967 674
584 155
723 917
446 276
223 853
993 281
545 867
274 728
667 633
420 711
228 971
608 308
39 872
421 764
181 784
406 744
826 427
553 813
534 362
910 451
578 433
70 838
859 126
742 175
742 563
563 164
111 135
625 873
356 131
630 173
535 782
379 465
69 825
974 84
106 709
243 1
362 903
294 135
228 532
519 64
270 808
10 635
213 253
936 511
967 958
26 400
58 26
598 990
991 156
993 346
177 899
225 883
294 409
79 604
910 936
283 739
327 428
843 625
781 856
59 692
276 337
475 411
938 910
18 514
990 815
354 150
82 465
304 783
358 303
477 353
910 172
313 607
799 853
634 172
866 980
207 564
165 965
387 780
116 436
531 825
821 340
573 845
418 121
158 881
383 722
247 810
483 247
490 885
376 243
439 140
141 334
414 769
372 401
358 374
846 148
319 338
21 532
260 803
414 840
258 165
58 273
674 105
242 22
838 538
83 424
724 596
916 969
491 765
789 797
726 917
337 51
922 710
754 194
916 269
53 306
272 977
621 91
144 916
234 89
451 811
424 523
853 689
431 564
340 526
410 70
173 386
99 321
473 485
85 547
164 767
449 487
223 431
923 562
194 568
623 721
784 541
674 532
549 312
719 76
533 254
590 908
817 193
467 469
530 159
231 865
739 651
238 780
23 352
529 819
803 704
389 613
16 461
673 382
945 281
950 950
791 137
845 372
947 198
315 637
393 993
693 240
853 148
199 562
925 443
768 969
477 261
885 335
422 698
807 277
57 435
986 938
471 665
376 500
886 256
651 301
697 329
851 422
361 390
364 430
228 788
259 883
93 934
462 21
254 38
587 566
181 213
910 695
779 169
238 572
189 201
635 716
690 453
991 641
971 322
523 383
127 666
623 816
354 461
937 294
29 438
224 224
866 738
914 146
19 864
194 286
916 785
41 295
285 601
773 791
891 184
656 910
472 191
500 634
100 286
329 441
138 692
573 892
887 953
396 423
755 196
229 494
958 924
853 319
843 210
936 462
182 181
736 221
610 405
720 510
824 717
478 642
876 996
356 417
130 784
455 987
940 428
999 828
88 953
397 888
828 748
18 894
486 871
737 909
476 138
571 324
142 381
995 831
418 200
392 953
893 552
475 136
602 536
504 381
464 542
143 866
670 134
414 314
675 118
801 215
17 104
567 134
353 367
664 651
717 694
651 711
873 583
883 548
205 974
814 88
216 488
787 718
307 212
370 974
391 729
840 189
118 211
660 224
988 694
879 629
759 18
952 216
118 207
501 464
710 337
932 909
516 20
626 647
860 175
16 813
292 724
404 125
880 257
939 382
33 152
886 991
271 35
436 418
175 942
355 207
743 633
527 435
10 742
950 93
927 614
554 769
573 961
549 971
569 347
168 76
520 410
610 77
980 854
305 343
655 837
771 309
961 330
128 691
516 693
286 658
192 695
726 973
595 303
614 182
189 24
277 457
200 940
207 108
516 546
991 515
256 391
752 929
2 817
81 72
613 381
153 586
284 177
157 515
170 18
447 665
242 463
421 955
224 774
424 471
645 221
531 677
822 612
702 898
989 661
252 434
847 790
503 76
784 753
341 443
110 649
676 307
559 801
433 539
173 657
612 394
303 954
784 369
24 403
840 138
571 135
626 712
648 615
413 486
384 691
545 493
986 516
251 874
986 911
838 414
794 246
578 917
201 797
922 407
647 988
624 335
544 844
781 176
762 962
792 59
530 261
963 701
359 566
903 941
84 417
723 183
408 953
764 135
108 48
670 308
482 456
961 695
753 951
861 5
511 789
560 309
439 126
712 249
959 112
96 74
116 820
954 945
112 387
243 577
537 124
237 360
911 509
265 300
301 962
219 482
357 935
454 207
302 540
372 893
194 541
566 153
714 243
800 426
275 234
767 224
459 1
496 759
444 55
129 34
7 457
49 287
511 404
916 282
676 963
516 103
640 351
734 238
297 877
303 125
711 662
348 582
860 490
645 334
364 921
593 242
342 843
521 607
651 753
282 63
8 251
265 365
736 361
913 872
846 227
196 521
403 437
846 593
650 880
575 167
564 476
278 478
377 231
988 374
17 10
477 188
292 10
150 16
437 721
525 747
188 971
606 443
128 576
838 845
93 893
989 391
767 41
457 441
129 998
278 150
336 521
785 269
379 703
365 205
661 435
818 413
389 39
330 979
634 33
300 319
35 788
758 825
891 612
408 66
934 979
701 5
871 590
517 411
18 163
920 312
290 944
82 743
517 769
556 244
777 771
295 242
831 607
270 647
479 992
119 376
66 563
188 428
110 765
545 648
266 896
459 261
263 676
968 145
540 408
361 150
680 946
432 747
617 123
783 871
448 803
659 85
866 930
77 800
30 253
56 482
84 33
89 141
925 983
727 615
198 418
571 694
596 732
54 443
639 291
202 465
398 86
493 757
14 199
206 357
5 245
983 708
640 246
333 763
766 162
256 455
355 203
518 935
237 271
579 974
100 693
113 670
958 788
513 473
918 685
346 818
535 346
720 22
341 815
104 361
775 864
791 476
331 595
952 695
32 412
726 849
330 177
762 378
659 971
36 777
483 193
277 308
247 673
463 851
443 980
362 67
887 575
634 563
370 763
608 148
761 337
678 721
574 733
281 839
957 464
283 16
561 529
81 857
305 164
615 155
581 335
553 87
855 50
8 662
497 405
224 169
648 595
84 217
543 395
418 220
694 804
678 535
137 349
755 509
520 751
112 486
758 237
349 374
478 525
692 578
55 852
937 660
509 94
362 278
475 136
71 240
650 816
730 857
803 454
252 191
900 854
387 558
201 243
59 810
425 173
322 775
676 856
296 9
332 534
121 241
378 240
794 612
747 591
844 870
579 191
735 161
42 839
972 148
763 937
25 739
834 86
430 490
98 272
227 654
989 526
807 230
240 396
461 411
291 991
773 941
19 222
836 150
397 350
697 97
437 24
442 163
455 437
326 611
936 597
754 114
787 651
456 907
89 230
779 962
467 779
142 565
912 19
926 46
562 943
928 934
950 516
135 224
215 30
538 34
86 784
232 395
522 999
776 8
294 327
733 8
131 873
863 943
243 316
69 603
140 500
964 795
451 497
648 954
410 493
985 280
689 307
864 214
560 462
281 28
255 288
856 65
253 386
671 337
231 103
136 118
198 304
904 537
191 729
23 476
563 226
736 394
800 91
337 334
858 171
43 371
435 996
47 381
313 86
304 649
869 828
360 193
690 356
93 310
803 906
393 869
861 917
267 816
565 375
550 224
168 352
741 93
895 904
448 410
60 482
312 605
232 40
156 466
837 382
552 921
234 837
988 494
170 221
451 442
67 448
12 88
755 325
404 787
466 334
111 787
896 368
808 461
248 796
708 254
548 157
144 474
179 242
51 315
726 536
565 298
509 603
995 723
277 144
571 410
943 419
797 732
460 828
271 310
535 533
938 745
601 694
462 445
197 622
112 884
656 233
841 184
559 366
506 505
389 867
705 389
467 131
136 842
771 476
597 763
309 896
268 13
219 432
453 462
513 524
455 656
745 162
150 798
537 287
419 220
137 81
159 815
360 203
11 484
905 941
380 808
809 773
34 402
520 553
642 543
366 62
637 661
522 863
817 754
759 547
570 224
710 997
705 909
895 381
958 79
725 148
172 792
920 954
842 775
440 345
307 194
447 414
624 586
854 344
511 556
742 813
28 251
186 212
150 957
84 398
70 553
964 382
221 511
387 666
371 81
928 603
147 161
896 829
361 582
314 77
815 21
159 50
12 983
235 214
99 349
594 869
732 903
228 992
866 893
330 403
906 625
431 658
33 771
833 764
305 414
277 624
896 293
107 302
292 392
205 437
449 450
153 3
0 391
459 638
907 701
204 509
738 11
874 170
628 68
242 714
5 805
921 23
1 276
329 433
754 494
115 360
236 330
480 293
687 375
495 395
453 224
736 539
57 362
178 308
389 266
724 598
345 801
583 226
65 482
577 894
791 118
428 305
71 522
701 458
901 202
922 68
826 518
985 519
239 219
398 323
134 642
753 618
277 89
160 731
453 118
957 949
695 248
415 295
842 461
595 531
867 693
116 196
827 295
805 205
748 573
978 808
962 299
923 215
194 380
878 485
267 593
45 932
975 404
968 342
524 413
718 351
533 137
339 221
541 573
775 821
274 513
534 999
663 784
776 162
107 931
375 501
297 817
104 79
759 585
779 502
437 511
424 896
933 779
61 187
243 918
573 590
184 176
647 284
63 416
782 464
10 25
978 192
737 713
319 328
170 632
448 725
649 121
937 260
470 460
475 109
901 716
825 849
288 775
289 390
168 353
224 816
479 616
552 136
214 681
534 165
93 485
720 564
686 40
820 379
355 856
255 229
903 486
672 625
283 918
957 809
841 616
727 324
8 435
334 521
858 793
263 638
472 853
504 697
991 974
800 916
980 201
316 451
152 642
874 648
122 747
851 257
489 133
474 497
744 75
250 279
494 674
967 789
65 388
709 712
575 59
701 432
404 927
686 16
373 211
683 244
539 75
264 211
962 218
548 56
42 280
86 26
199 34
616 559
959 548
693 998
13 181
803 126
594 496
107 520
990 848
986 862
257 773
669 22
760 377
840 642
998 40
577 422
935 519
965 959
871 143
186 465
826 943
282 508
403 664
969 705
811 256
114 732
404 211
238 770
806 974
48 498
898 600
595 372
767 524
558 481
926 351
862 509
575 670
950 686
427 502
901 194
502 453
523 799
243 285
359 608
430 677
306 528
762 423
464 20
164 734
1 513
623 498
108 666
950 448
636 679
106 292
971 402
115 560
60 467
957 738
906 206
364 398
313 12
537 172
69 96
470 933
130 45
836 33
456 888
22 455
874 98
468 353
487 452
263 583
37 698
554 243
580 252
884 470
750 650
968 672
521 193
837 82
592 950
555 560
590 860
871 442
289 348
904 604
413 506
703 266
400 504
243 967
747 377
332 874
44 161
619 116
228 315
271 978
918 716
189 218
833 627
458 677
585 681
644 50
603 814
507 693
983 624
854 580
104 686
946 955
789 437
957 374
223 121
920 313
709 469
24 952
317 984
998 63
609 386
879 386
937 116
39 465
160 555
773 189
479 870
234 407
940 120
428 231
418 77
699 844
927 49
629 593
423 408
343 820
165 453
284 391
2 218
678 165
715 382
680 965
920 862
816 126
324 541
77 783
958 14
861 695
83 393
729 549
50 57
730 976
107 372
428 214
233 532
84 650
176 116
413 478
474 641
355 998
478 642
167 423
29 607
520 453
119 217
667 35
304 717
859 345
950 198
923 58
518 833
118 345
546 268
289 675
568 972
751 479
529 112
601 964
900 288
985 874
125 294
54 594
145 18
357 10
579 55
807 742
188 799
677 52
270 742
562 588
470 559
191 565
554 976
572 489
171 889
781 18
7 931
308 156
267 437
638 931
290 447
717 904
860 177
251 336
403 488
900 388
561 995
23 354
2 651
269 865
942 534
762 468
319 386
534 45
720 395
769 816
286 993
408 22
491 387
721 543
676 39
506 233
818 922
894 573
472 218
477 896
971 85
867 793
52 274
349 469
830 563
387 546
119 255
57 951
221 744
700 666
445 943
410 429
817 394
50 872
795 952
427 571
604 811
427 452
926 739
496 61
132 223
166 413
637 390
872 841
657 37
662 535
690 115
717 859
479 839
416 248
444 850
71 342
882 548
302 17
830 894
862 734
379 538
124 276
459 507
413 560
104 501
23 890
307 606
261 155
140 597
330 168
275 802
937 136
536 174
24 858
311 270
501 374
663 334
851 372
954 678
249 340
674 303
762 941
415 585
453 794
810 697
624 571
268 208
89 997
631 892
992 46
432 645
176 284
58 659
794 781
940 189
811 146
170 246
324 838
354 513
260 96
313 914
127 247
18 505
522 682
17 705
377 458
965 241
557 68
57 879
332 495
690 788
705 980
363 705
319 24
316 64
563 434
44 612
15 904
155 66
511 664
826 214
888 891
197 221
234 538
128 734
304 699
283 494
725 529
739 655
558 254
409 61
526 865
121 492
935 377
998 415
365 153
834 610
640 246
340 229
152 384
514 292
429 72
990 689
624 380
337 150
330 144
981 530
242 390
973 542
890 467
418 817
990 313
591 312
297 430
340 844
540 839
385 311
66 610
315 472
100 755
610 258
98 797
519 814
759 764
657 585
152 128
644 258
122 938
879 706
346 24
200 102
866 649
830 27
815 257
195 630
687 807
719 755
385 405
892 115
115 1
176 254
953 841
872 501
685 614
885 741
741 772
293 132
736 540
122 528
32 338
847 510
928 953
286 640
190 4
196 598
243 456
718 818
630 120
312 395
999 852
795 428
307 678
340 653
215 682
220 960
828 130
78 604
929 331
894 576
214 473
330 204
985 813
295 14
554 301
695 813
287 915
421 588
60 278
508 408
871 609
939 937
844 549
742 322
24 545
226 271
859 991
201 719
513 69
239 8
421 102
119 112
563 795
947 966
102 548
76 996
672 232
492 133
360 829
390 787
713 342
387 90
331 818
783 209
64 319
91 631
983 810
360 322
975 784
764 412
971 475
515 625
839 995
61 331
630 498
420 687
929 852
894 760
80 562
784 396
620 183
50 217
250 966
446 570
541 418
734 680
722 635
668 496
267 804
706 558
832 283
278 163
126 166
712 852
506 487
176 765
798 663
561 445
935 968
73 703
947 96
115 343
63 140
56 37
482 124
774 804
653 960
87 270
652 237
195 376
182 937
206 434
727 590
427 612
586 991
486 452
775 2
317 573
511 33
416 774
916 826
77 996
586 309
514 818
179 531
942 7
671 578
426 18
283 88
107 517
832 525
984 691
402 650
525 310
620 960
496 842
951 224
214 706
666 418
267 915
48 666
197 796
144 61
311 325
868 24
119 917
241 189
534 728
839 909
386 261
513 766
823 969
34 615
567 60
863 179
337 203
387 817
245 397
970 611
889 952
181 337
5 34
589 359
149 127
970 702
344 659
909 61
460 911
449 818
436 855
761 449
521 848
469 538
326 577
463 894
29 282
333 353
783 66
968 799
825 904
523 111
721 461
431 55
517 25
860 327
491 411
494 383
214 380
837 147
16 963
295 628
751 636
694 757
436 445
73 404
608 449
87 718
659 188
140 557
517 235
30 588
885 331
79 727
834 419
311 941
501 636
932 886
136 192
77 53
73 545
794 711
867 604
8 840
1000 246
639 12
826 599
370 435
428 46
414 423
787 434
654 138
88 630
735 110
191 508
434 250
799 300
493 949
233 589
726 990
229 52
180 280
185 749
379 956
642 332
216 192
355 913
910 463
448 918
903 181
578 221
284 849
508 340
251 413
603 514
431 285
958 780
632 41
770 687
507 190
74 296
844 748
457 237
92 754
435 721
575 336
269 796
515 873
385 855
260 558
942 212
793 65
46 553
34 634
711 884
132 156
472 709
895 777
243 929
782 666
92 659
484 614
148 615
545 698
870 965
204 344
194 463
214 240
498 78
68 23
946 219
154 978
788 650
196 815
288 423
871 450
504 809
18 252
931 858
776 498
668 468
126 239
679 558
903 935
324 724
869 109
506 997
169 284
5 293
90 102
934 10
564 5
674 62
896 437
842 638
240 799
492 805
520 125
751 594
739 621
495 558
20 881
886 779
242 253
730 273
821 137
319 959
948 801
677 730
4 897
978 206
576 784
522 588
8 318
398 418
110 874
599 211
382 457
951 672
404 830
484 512
296 774
905 515
18 879
159 415
693 358
18 876
686 230
109 631
290 312
460 445
874 775
957 355
712 107
992 347
436 834
82 353
345 894
322 991
817 804
105 162
167 958
356 762
132 273
409 865
417 711
7 771
657 485
25 181
454 425
979 138
666 432
494 416
322 422
842 37
77 239
231 504
28 85
714 136
624 135
63 744
727 800
30 818
449 966
12 555
326 62
675 556
181 446
187 653
955 708
41 29
808 485
144 986
687 140
810 425
42 64
970 562
493 868
57 325
608 862
107 847
490 544
746 266
652 480
929 917
723 172
522 338
982 650
434 962
575 730
82 876
423 754
164 802
804 830
818 444
879 730
333 183
660 505
751 469
647 962
64 527
212 960
382 106
423 102
274 225
783 283
926 926
283 29
793 670
617 784
436 879
447 310
646 404
534 996
568 43
525 476
327 101
960 792
348 155
602 379
503 529
610 616
357 563
210 279
541 225
913 267
459 831
78 247
984 507
59 248
997 55
943 965
481 672
175 744
24 328
776 27
770 458
506 844
40 141
265 162
331 755
603 134
452 150
431 486
656 889
353 882
303 947
724 743
676 836
772 403
109 784
804 625
94 133
302 452
631 568
182 872
235 608
391 54
223 227
790 545
433 383
954 836
886 832
311 833
773 874
369 806
400 689
131 228
196 151
197 640
0 499
741 844
583 727
531 531
207 959
433 363
592 39
850 561
356 75
776 746
133 676
495 578
564 766
473 236
695 227
708 353
694 326
57 288
431 811
574 891
424 652
32 807
400 474
923 996
637 822
458 527
32 10
560 714
54 195
104 545
790 820
470 654
508 179
939 514
334 236
783 680
70 471
701 495
701 44
534 310
170 263
516 619
475 800
445 680
301 754
46 42
694 510
708 414
731 432
141 366
791 170
297 366
49 150
345 406
902 184
559 970
977 743
572 716
362 850
146 281
347 535
131 119
946 603
206 296
67 999
162 494
886 714
936 684
476 669
160 110
88 648
771 913
4 219
355 484
544 93
388 832
932 864
151 133
777 676
578 295
236 345
228 503
134 149
849 763
249 113
768 812
669 319
872 421
137 422
417 463
488 528
660 736
457 198
630 682
331 742
371 550
605 549
732 111
686 911
84 786
608 789
891 874
545 945
421 501
278 885
748 677
806 329
190 699
60 331
849 333
512 965
273 474
950 166
191 689
820 38
609 72
390 592
519 892
433 916
810 107
158 485
284 604
123 512
8 261
68 395
832 960
902 586
802 343
407 453
797 415
663 884
391 654
408 906
186 862
133 824
613 738
523 232
289 730
626 910
577 782
875 259
277 922
601 310
267 320
332 68
519 722
583 33
104 648
688 666
828 765
254 999
69 554
994 141
820 59
590 283
723 73
922 518
280 397
70 70
342 341
231 214
165 123
489 452
639 184
754 541
133 365
318 893
132 227
115 568
258 20
130 174
758 189
667 100
510 503
866 746
425 826
688 644
98 684
280 98
835 440
842 241
646 718
64 696
45 926
262 898
723 765
35 15
167 920
53 394
907 941
197 636
242 756
256 595
637 927
530 919
719 736
368 783
829 225
7 213
939 802
745 669
722 390
889 536
716 395
348 993
740 573
185 644
572 856
743 5
245 883
755 601
922 975
310 140
274 963
643 366
263 293
572 104
369 652
543 906
209 548
868 934
171 673
405 210
127 792
511 96
513 355
460 798
825 61
258 791
673 768
742 273
209 481
486 321
71 747
668 843
643 491
507 947
234 882
10 370
408 732
54 502
239 988
379 685
220 526
304 680
621 687
289 508
466 182
259 640
833 478
149 838
736 907
709 866
448 464
168 250
220 152
147 451
15 722
238 968
588 666
36 232
822 851
952 463
875 720
722 656
703 507
142 728
502 30
821 402
124 181
638 449
100 824
385 953
649 193
29 881
980 950
929 969
407 197
787 318
571 348
391 205
557 182
609 208
658 787
887 332
332 932
828 977
101 550
429 89
195 339
139 331
342 447
950 697
543 446
118 482
269 966
143 448
142 963
349 80
64 654
491 551
75 362
980 763
519 665
602 982
695 426
506 100
594 683
911 418
246 727
158 720
517 286
685 130
841 327
583 319
378 794
334 768
313 689
579 620
789 152
17 335
538 425
377 675
843 417
955 144
57 937
333 744
392 267
245 586
861 649
884 954
160 610
943 901
416 384
541 694
138 968
506 428
392 757
332 28
584 515
114 151
514 539
871 235
418 200
196 233
582 892
984 183
624 852
383 523
90 242
731 325
77 608
304 318
616 205
609 463
279 822
271 659
729 850
177 935
440 914
602 152
678 290
738 553
363 282
223 316
893 26
151 481
748 808
724 592
91 207
414 687
567 868
459 249
144 256
238 426
431 129
68 637
588 342
229 373
522 787
889 964
60 782
752 639
208 435
764 530
420 790
630 70
800 161
905 683
763 643
13 638
47 602
262 692
178 291
548 879
875 135
212 981
215 150
628 812
131 993
548 259
659 130
955 564
298 730
52 848
402 595
415 134
155 812
259 716
135 364
200 628
797 356
391 365
338 43
368 865
110 763
298 128
815 917
678 973
482 408
413 607
134 911
407 349
248 446
605 234
590 203
316 978
286 627
188 878
222 242
514 149
931 16
140 842
116 990
186 18
88 975
914 673
227 893
206 56
939 870
492 836
481 207
710 161
474 681
309 942
539 769
521 409
684 590
441 25
582 416
481 484
543 571
739 5
886 358
65 244
948 397
688 703
502 442
45 392
51 955
293 577
923 519
874 423
782 63
280 596
234 377
904 733
877 279
503 639
477 563
968 723
253 987
991 247
587 806
141 95
187 529
899 789
263 881
425 932
25 75
808 685
809 257
205 875
77 441
260 970
816 232
724 606
511 453
184 681
773 572
961 209
508 789
922 694
763 65
805 344
893 607
813 383
601 532
999 397
122 535
399 159
70 566
28 610
754 464
206 142
132 950
237 364
606 527
706 620
200 976
712 141
711 22
511 982
38 35
149 799
562 369
900 381
924 262
397 600
110 468
921 953
44 130
345 123
885 570
270 920
461 80
738 352
798 677
902 50
851 840
36 674
214 740
42 905
270 552
230 728
967 978
745 812
272 529
9 619
571 312
421 769
914 240
247 886
147 780
621 125
831 75
851 798
524 551
274 244
225 723
184 293
195 558
303 746
575 76
789 867
853 2
851 803
377 57
121 805
131 101
856 258
630 390
878 894
311 526
725 193
792 562
455 380
27 713
951 922
631 241
687 646
33 93
279 243
250 25
808 401
116 319
22 929
761 860
67 487
478 132
191 677
226 753
758 325
362 353
555 429
292 240
379 71
634 205
478 988
809 701
421 45
51 689
528 858
101 850
713 608
92 414
552 227
756 305
288 147
122 583
31 299
838 94
335 651
760 479
323 949
19 532
421 770
976 194
873 225
57 319
899 367
768 49
280 563
222 339
726 602
593 664
71 809
492 418
186 414
115 368
492 368
986 144
786 268
303 446
594 401
853 577
576 859
127 170
505 41
996 392
768 513
38 998
112 18
601 573
280 220
709 863
10 74
295 276
946 277
226 248
203 30
384 503
343 612
575 54
665 553
507 548
894 34
926 517
388 215
115 158
494 635
672 755
98 720
837 217
686 685
357 252
96 90
775 650
42 138
813 447
583 507
98 157
882 780
117 159
551 527
626 269
81 508
868 461
944 46
669 605
522 605
960 306
250 569
461 301
37 737
251 391
498 939
724 919
301 679
172 604
799 581
371 130
155 311
272 509
473 271
831 650
498 980
627 37
722 445
369 661
683 540
804 553
507 219
850 335
618 919
450 820
714 853
153 588
517 682
847 317
62 479
270 489
412 823
994 164
258 265
938 61
194 363
428 720
456 484
670 613
75 339
207 537
757 156
66 415
39 479
103 187
753 770
918 572
892 495
691 461
137 454
673 725
361 838
627 360
746 664
937 396
639 209
27 389
167 711
694 209
660 221
260 356
212 566
707 462
217 551
447 440
942 865
744 962
806 494
308 735
106 196
813 37
324 327
671 934
139 435
450 991
160 271
64 258
36 573
471 504
683 198
628 915
782 143
905 107
920 505
659 327
226 426
232 884
477 218
752 599
805 173
471 981
256 789
426 595
295 737
871 925
964 962
523 323
582 130
844 579
321 287
125 539
227 848
552 494
23 115
341 320
66 922
406 82
52 666
197 550
899 324
602 220
349 512
734 248
424 790
363 249
802 524
223 199
677 951
892 983
814 838
674 329
953 45
271 723
956 954
431 982
610 223
135 9
976 237
241 780
703 686
753 488
574 812
426 155
680 168
605 574
505 770
487 655
588 66
664 973
316 485
16 302
583 789
286 273
448 231
822 587
546 255
98 597
685 684
658 209
500 352
550 565
751 178
764 426
260 375
611 400
683 40
847 499
829 560
370 433
692 151
33 945
610 315
728 331
18 62
925 195
116 347
771 944
402 484
540 442
809 780
83 385
610 135
249 312
576 893
885 230
767 375
308 843
628 226
397 204
214 126
872 636
418 687
566 57
370 40
940 439
828 370
287 654
747 832
872 237
198 974
571 942
214 273
865 532
738 592
4 551
101 99
597 701
902 721
408 640
397 1000
732 456
39 826
178 204
496 217
607 319
386 522
112 100
218 699
571 80
595 601
334 627
753 663
495 719
706 355
739 114
509 520
563 740
256 334
261 174
512 847
867 442
194 352
978 587
969 243
266 382
528 96
200 234
37 788
370 727
735 973
965 197
374 475
617 977
865 16
581 562
485 184
330 283
459 361
735 83
136 138
13 937
691 841
92 983
544 124
911 483
923 888
597 976
471 814
571 245
359 596
726 122
856 794
695 740
104 614
709 683
620 835
344 407
636 762
822 772
69 211
447 895
287 674
647 793
473 803
295 838
341 354
482 965
584 392
671 289
175 274
860 873
255 40
367 378
164 663
904 425
352 233
320 848
515 953
301 240
251 910
136 247
986 23
51 85
100 245
324 137
849 700
845 625
108 873
727 527
369 669
640 326
291 908
235 876
734 788
595 726
481 719
35 45
689 869
10 816
581 322
264 995
510 725
298 410
596 88
57 123
582 615
259 896
621 451
991 831
117 858
981 454
578 802
471 203
423 131
585 901
326 53
220 49
970 409
425 571
168 646
927 821
834 558
637 41
945 222
771 912
59 34
634 271
663 997
485 124
795 390
669 912
398 925
65 625
837 742
564 911
335 46
821 538
519 52
352 448
918 676
907 967
562 657
492 5
108 674
831 774
716 393
479 486
678 144
474 925
208 817
324 794
194 10
363 661
581 411
772 923
559 579
721 237
772 183
954 870
971 332
5 418
258 878
511 967
749 727
883 648
984 2
793 724
38 872
328 806
339 454
134 393
115 149
461 684
495 453
500 556
239 752
935 961
368 36
972 557
2 241
100 542
56 839
287 384
424 971
31 727
243 352
401 838
838 782
161 724
76 708
69 342
415 586
983 83
766 285
752 352
987 190
356 866
727 138
354 605
225 152
963 730
136 74
989 93
152 171
97 211
450 605
815 760
682 982
936 913
418 229
643 61
577 427
744 177
29 274
116 997
67 295
976 879
905 67
825 443
476 976
663 719
560 819
321 598
252 536
146 77
710 876
365 998
264 294
728 519
325 384
864 573
783 269
85 319
309 204
896 617
105 14
215 392
155 13
865 557
311 574
767 947
40 567
948 46
896 215
994 850
369 538
399 893
813 86
330 651
337 905
365 115
181 452
28 87
773 20
218 427
395 756
987 463
535 885
567 740
835 368
49 38
167 462
677 884
846 118
421 182
741 769
600 499
317 187
729 441
743 747
193 80
247 193
305 176
188 509
938 406
998 818
784 960
587 645
577 197
652 390
376 443
497 561
320 730
809 300
263 209
753 673
452 17
929 920
508 110
646 457
950 22
810 811
838 745
339 74
866 849
776 864
196 173
646 515
351 94
784 339
121 853
776 62
772 149
918 313
687 469
176 447
401 964
21 908
75 274
835 183
418 409
177 246
355 932
57 948
330 682
486 862
786 576
877 936
972 929
951 335
554 763
525 433
467 987
738 111
601 540
248 149
841 82
802 746
152 666
211 459
579 922
19 363
586 844
353 519
590 874
783 941
998 591
657 994
937 691
660 709
385 431
1000 158
768 1
234 872
465 110
864 107
81 875
556 197
204 807
206 913
48 532
570 229
928 23
886 444
730 242
806 664
969 214
980 871
879 86
801 259
466 267
224 132
862 290
742 251
779 152
593 172
791 270
153 383
837 954
659 170
526 375
486 353
559 109
973 622
44 45
131 49
111 874
910 994
436 243
298 371
705 559
915 547
587 459
803 183
957 265
852 756
585 918
296 90
285 122
647 719
998 419
153 1
631 771
590 165
515 936
294 183
424 539
192 409
422 922
452 632
366 85
554 445
39 3
872 391
735 436
238 914
216 169
134 724
101 669
294 360
476 454
692 326
931 83
762 187
389 525
934 663
549 921
827 594
890 365
800 365
207 728
635 252
105 598
237 936
759 40
4 758
953 411
981 439
712 687
700 688
218 954
634 177
773 480
186 762
668 357
921 460
928 944
857 449
211 382
421 296
100 472
282 427
976 232
330 709
88 21
975 699
400 253
78 359
408 817
427 737
128 1000
704 747
831 224
872 74
396 928
667 223
931 345
823 883
502 248
803 332
396 897
324 695
83 422
625 387
318 989
395 764
94 579
394 111
705 817
452 578
168 288
133 835
240 95
643 597
691 973
984 725
603 507
928 9
382 979
643 991
41 59
958 58
258 650
99 731
876 107
213 95
531 775
646 625
308 971
832 64
74 900
34 161
737 209
911 462
793 879
724 707
566 843
125 689
489 365
161 364
187 475
31 85
312 499
351 396
786 681
551 600
553 452
631 966
736 852
32 605
784 141
114 184
80 998
757 719
649 616
485 3
142 925
539 724
410 579
377 582
945 795
325 651
130 149
804 643
4 311
398 898
671 533
334 288
370 673
958 29
443 204
159 879
344 711
877 748
165 104
677 502
84 11
777 40
372 924
105 997
943 371
787 378
101 227
623 978
558 294
546 860
904 22
805 203
511 717
216 673
501 519
584 628
697 966
41 636
378 54
294 432
433 914
468 189
177 922
99 205
178 219
174 591
81 574
543 437
866 218
223 455
172 291
287 732
319 333
800 889
875 973
851 399
441 176
650 411
605 553
136 475
832 279
995 116
652 579
756 368
895 617
450 572
357 77
347 301
976 421
634 859
288 942
67 409
709 334
982 349
823 410
876 194
981 362
960 120
67 309
142 878
560 470
578 825
900 315
740 342
678 35
339 636
356 363
480 890
840 272
947 102
980 928
81 38
169 735
939 390
583 208
70 861
283 409
215 636
341 876
16 25
994 711
514 265
726 348
920 551
699 916
245 830
84 593
796 581
583 685
551 474
818 305
998 785
696 868
478 256
608 597
529 931
423 895
944 148
308 639
451 770
461 554
192 347
748 570
216 507
168 220
990 853
783 711
718 880
905 414
176 546
882 359
109 418
932 210
23 0
972 982
521 272
784 625
341 232
536 923
235 655
623 814
405 276
912 54
733 854
208 60
969 17
767 885
905 6
130 754
916 57
444 464
967 113
768 190
337 255
501 114
995 191
382 976
239 606
126 852
774 37
899 84
162 836
113 678
240 282
482 238
899 317
380 900
405 897
376 536
72 525
288 669
82 933
306 949
507 576
849 709
237 607
756 742
763 984
420 684
100 250
424 814
354 210
573 729
623 642
743 901
469 606
591 387
179 166
13 532
865 715
944 213
134 531
867 186
543 38
23 524
430 109
37 51
934 729
303 420
314 132
866 502
415 650
739 426
217 420
544 169
89 263
519 529
764 317
430 9
617 978
948 444
619 619
636 617
320 704
283 649
78 987
765 550
755 49
997 924
635 185
856 523
345 267
821 423
455 219
688 186
45 762
374 833
78 706
507 781
752 941
529 619
477 440
205 899
146 734
236 329
886 797
359 409
166 633
708 834
857 830
910 688
690 814
628 632
47 663
966 467
699 87
713 186
21 798
167 604
48 564
940 530
253 226
168 468
119 902
298 854
945 697
123 658
206 99
581 465
326 849
956 807
686 830
460 65
758 612
171 48
355 229
863 204
948 276
453 937
91 791
610 602
226 280
805 813
429 88
737 959
807 760
884 889
925 726
425 914
355 490
776 754
683 195
180 241
442 543
899 924
288 188
783 799
226 820
733 53
242 416
516 746
273 455
555 699
692 528
467 133
236 233
505 401
246 950
555 555
509 570
732 909
99 533
539 486
897 56
677 144
499 934
590 290
626 926
504 979
137 274
279 236
19 554
678 498
968 873
453 731
370 788
498 608
926 94
669 73
980 528
2 861
471 915
96 686
478 868
448 360
354 177
207 537
803 961
728 19
229 754
181 542
201 892
154 701
809 215
648 587
404 347
228 228
328 342
761 922
554 968
962 7
854 773
715 359
156 427
533 650
149 711
689 47
436 51
429 332
903 272
212 510
540 567
204 799
171 503
734 242
692 756
682 518
301 260
2 48
620 590
292 273
110 276
73 396
638 585
199 266
351 94
66 570
817 134
813 607
756 229
742 596
355 300
753 424
149 494
358 563
690 881
206 83
398 714
655 134
85 190
415 282
436 596
772 229
167 71
316 104
329 140
860 210
90 558
62 41
163 208
591 209
484 973
546 521
677 501
252 480
828 728
143 391
78 855
229 614
828 444
648 505
186 351
86 291
990 234
953 985
909 489
454 437
597 153
831 506
447 987
138 294
302 5
396 631
682 871
711 33
162 648
502 334
746 157
428 425
680 716
613 935
531 775
318 143
66 7
329 675
855 319
73 502
974 348
243 772
839 249
765 617
705 445
882 311
375 623
146 772
17 760
378 572
473 904
48 450
891 781
957 516
207 103
669 332
879 537
6 829
730 761
341 606
163 870
150 696
789 743
957 145
85 486
990 483
370 238
438 470
114 639
642 634
460 839
369 438
780 875
67 675
815 406
359 22
355 90
645 217
856 405
692 838
389 238
243 357
15 391
742 852
826 946
771 599
1 912
946 696
222 330
587 543
661 802
143 960
769 1000
856 223
263 808
309 131
744 1
39 925
248 378
678 481
504 990
747 707
448 760
330 910
528 218
255 664
468 586
39 714
58 123
937 49
210 1000
679 44
339 844
922 882
775 685
723 174
618 563
212 191
73 496
315 996
239 645
397 93
673 701
106 767
364 388
743 532
902 729
713 8
739 572
887 636
253 368
71 777
45 851
758 888
9 503
890 888
886 632
394 67
682 184
827 822
846 394
541 408
421 688
187 891
810 282
107 539
540 68
87 822
5 389
894 96
607 671
990 954
850 912
495 297
37 957
36 203
15 572
313 83
162 22
976 39
140 451
332 308
674 684
12 240
536 355
110 223
703 142
708 517
224 263
528 946
650 142
53 111
700 895
641 771
424 472
586 498
3 255
413 547
467 96
643 326
969 857
494 211
177 924
414 894
703 781
709 456
83 789
302 387
964 204
938 584
860 87
244 12
339 976
362 495
87 331
422 959
88 838
550 721
468 236
531 202
273 414
943 359
996 152
823 105
77 702
14 955
676 960
141 7
645 610
763 269
353 385
825 360
383 382
359 464
529 257
917 743
956 369
115 6
432 808
386 607
518 587
497 23
241 110
565 321
164 892
613 159
66 593
930 264
739 51
89 247
681 738
257 55
414 440
910 300
598 175
125 423
112 416
532 244
795 550
406 910
4 986
532 602
750 193
297 832
472 103
976 332
729 932
644 44
985 771
954 39
341 530
32 23
323 129
657 544
227 847
609 15
375 854
722 820
961 563
202 246
732 894
116 600
338 994
454 792
408 410
704 622
74 628
727 752
110 93
73 225
114 958
728 816
212 608
161 724
28 160
635 663
282 637
828 839
573 997
354 862
27 855
556 789
120 488
405 295
128 337
60 406
109 283
912 883
113 164
665 325
390 291
714 915
444 400
960 380
787 166
616 755
296 415
732 962
786 98
54 510
854 938
720 676
465 229
271 930
889 240
559 898
536 792
154 868
773 897
448 766
611 314
11 909
783 282
162 686
950 194
613 716
825 707
355 349
5 256
793 919
11 546
852 879
414 4
443 919
298 474
596 507
218 720
87 174
523 4
830 471
408 979
468 109
135 257
119 188
976 626
121 28
875 0
446 985
183 249
433 459
659 139
410 986
312 701
661 914
133 426
827 29
591 127
403 500
865 334
913 542
833 28
425 928
57 534
223 323
874 779
860 671
593 507
841 74
824 158
692 574
638 772
659 887
701 18
665 871
690 774
97 84
279 541
718 334
321 874
671 429
387 673
284 363
105 475
772 279
563 961
493 21
527 251
935 594
663 965
817 516
328 316
941 760
913 767
299 716
861 153
986 938
236 133
877 98
874 283
515 27
423 747
700 78
951 622
363 218
284 864
732 342
316 290
486 890
393 378
164 336
985 609
385 245
592 16
191 824
870 63
201 863
378 463
269 462
77 269
65 811
841 55
203 446
117 124
399 402
561 261
501 882
697 388
896 250
250 15
399 799
964 895
739 69
534 871
117 384
844 707
704 356
971 648
968 271
41 450
884 113
640 921
919 255
890 841
398 305
74 552
951 800
155 675
397 793
909 337
51 505
364 232
749 656
887 817
414 14
821 720
368 13
504 772
976 393
934 779
154 172
619 918
134 996
376 810
967 602
817 302
602 427
178 791
467 280
36 918
449 992
583 47
731 538
86 458
268 2
793 637
833 701
738 712
682 106
601 264
28 746
130 691
326 554
988 624
784 645
1000 606
647 647
218 244
18 359
109 84
780 737
590 643
914 713
260 390
867 598
460 647
558 697
166 69
708 23
940 106
300 243
132 910
941 916
345 623
697 130
328 601
472 601
623 475
910 10
331 1000
802 662
386 645
584 920
490 867
196 865
650 206
873 551
127 80
54 732
940 820
455 746
590 591
516 833
260 247
849 822
952 566
124 323
537 939
357 58
673 884
246 42
88 574
686 21
686 985
25 686
737 902
36 313
625 834
699 39
11 387
249 820
776 977
716 395
985 768
505 159
808 658
737 371
58 71
706 65
870 108
709 686
365 964
914 208
584 117
285 951
838 459
18 387
71 964
706 380
963 738
528 728
327 851
619 983
234 542
255 383
174 90
142 934
205 887
926 509
150 922
818 12
668 631
746 913
188 591
345 936
430 942
879 446
107 241
112 960
998 122
447 693
697 236
451 337
395 727
231 232
423 985
716 582
857 137
641 662
698 200
900 853
265 806
486 831
897 731
663 96
133 502
899 320
617 576
726 988
987 317
918 265
324 408
805 342
848 745
817 37
191 401
730 610
942 534
560 829
483 118
976 290
277 935
618 842
189 879
316 811
784 577
405 734
468 373
771 43
319 509
643 401
351 114
329 819
248 177
387 73
471 1000
373 108
129 576
285 413
707 846
410 71
406 432
587 173
103 295
789 199
212 270
627 113
348 894
192 627
107 438
824 382
550 846
790 810
625 160
630 445
960 167
457 244
758 139
920 854
479 984
784 731
578 629
642 741
145 511
716 434
117 229
524 538
576 924
320 942
912 707
952 310
344 214
537 513
137 312
646 868
544 496
62 926
388 29
47 957
678 602
375 423
234 952
491 791
722 485
109 268
817 842
889 202
838 796
19 964
612 236
84 231
538 502
494 126
908 238
730 373
868 941
578 731
323 812
443 241
516 640
804 431
151 730
505 1000
331 624
218 245
91 545
44 616
679 572
59 305
378 511
731 61
746 459
649 104
816 622
230 960
898 932
786 330
221 436
440 946
148 799
260 223
325 475
138 844
853 139
711 989
825 689
715 273
707 260
753 454
48 51
301 702
317 89
957 294
246 670
289 973
977 102
233 931
479 578
59 632
15 437
772 884
286 353
46 599
387 610
774 805
75 816
855 679
698 726
93 866
8 706
254 42
381 182
976 518
44 358
754 995
416 556
31 263
515 819
727 999
290 174
437 337
451 100
680 957
76 101
391 924
326 423
45 932
235 241
121 723
88 810
79 420
274 860
316 346
410 160
932 701
706 597
632 174
466 744
977 54
608 720
374 884
679 350
953 971
722 782
815 35
769 593
36 27
135 393
468 290
344 513
325 721
125 210
547 6
507 533
93 436
179 940
575 37
665 282
999 722
551 23
707 424
277 224
18 497
490 428
350 176
482 758
225 179
551 636
232 982
540 573
24 718
219 191
849 697
153 490
893 494
363 141
749 127
75 949
918 544
302 765
388 744
476 192
700 331
472 241
119 732
442 720
6 712
376 342
457 510
356 113
510 768
566 431
412 598
644 750
607 880
307 624
202 728
888 160
877 424
616 61
986 761
822 4
656 100
378 104
201 404
994 410
857 736
449 908
925 829
85 494
106 430
108 155
210 980
564 403
468 24
748 547
896 800
450 914
575 228
838 664
329 279
926 790
835 496
949 352
396 199
977 26
20 736
421 496
932 35
66 738
6 682
596 558
766 807
656 999
30 426
943 450
373 362
342 906
466 272
776 438
977 440
341 741
223 618
135 319
216 745
290 805
946 651
108 14
988 763
817 848
790 581
209 727
936 473
599 593
25 136
423 7
435 642
439 994
80 320
928 391
446 586
973 754
820 507
547 112
809 351
393 158
36 187
302 674
406 248
459 18
150 167
946 737
970 376
58 965
7 825
312 523
576 718
105 748
332 145
886 51
739 726
431 172
463 956
382 519
844 460
905 677
720 653
312 333
238 120
97 484
202 185
209 500
898 751
196 586
830 744
649 209
642 450
200 485
720 185
994 526
813 608
187 548
457 236
891 720
995 422
79 969
385 703
209 660
221 600
939 819
562 932
801 865
484 614
643 84
413 200
223 654
435 812
787 579
551 7
912 918
212 370
8 939
139 511
227 693
661 644
472 462
998 549
780 210
807 988
680 623
644 701
178 707
94 279
199 726
11 274
286 62
733 888
520 87
330 357
646 553
840 622
416 721
557 810
770 177
962 978
627 316
767 930
936 210
457 517
782 123
38 112
820 342
46 406
405 149
955 423
177 197
403 294
932 433
246 335
401 683
642 620
598 757
616 972
988 597
262 392
884 535
378 207
657 455
988 633
563 864
375 24
930 333
789 201
240 891
106 739
540 473
281 908
532 117
242 744
110 371
675 409
525 898
987 351
604 266
833 154
171 881
884 484
823 286
209 47
997 874
578 163
828 770
801 804
753 176
880 965
368 784
92 739
909 746
95 794
567 542
900 48
972 327
422 187
122 509
725 35
509 916
66 726
550 719
705 703
573 799
919 221
631 590
797 51
835 407
645 986
251 921
728 898
956 823
48 480
615 159
472 220
571 811
934 22
281 334
271 59
640 68
171 202
707 374
992 752
619 92
559 550
325 174
829 111
260 737
922 576
17 145
0 623
69 229
762 611
615 672
640 22
685 580
16 387
804 532
829 88
306 63
110 111
522 111
352 893
251 213
716 803
754 530
242 193
253 615
537 635
960 22
308 933
639 35
885 270
342 716
599 712
939 841
734 307
164 938
71 513
869 832
797 333
49 504
288 642
297 745
318 219
310 595
412 408
470 102
69 768
310 74
834 746
51 46
673 255
527 451
324 311
567 198
358 431
876 812
694 351
620 660
269 345
919 342
441 531
386 622
831 329
293 986
827 172
45 671
175 592
665 766
285 629
244 564
877 179
729 844
683 155
868 477
618 188
719 316
421 817
211 176
940 467
201 91
51 900
795 466
621 872
705 467
552 344
681 677
816 764
16 785
800 922
382 49
762 933
400 386
734 100
500 842
267 171
1 846
600 359
97 450
885 7
773 718
763 193
65 269
376 471
549 819
800 142
889 888
883 879
373 353
207 929
289 232
967 850
968 89
726 882
907 460
440 25
54 146
637 959
864 753
219 139
837 346
909 442
779 144
809 334
398 72
444 142
815 159
720 713
546 976
920 260
347 626
771 847
350 533
190 521
620 916
85 733
523 58
569 653
804 959
622 749
593 289
871 416
92 755
941 249
524 673
200 732
384 171
739 595
674 972
801 751
110 430
501 507
346 382
36 260
850 869
733 174
310 917
820 740
469 124
198 264
186 728
181 334
53 96
555 428
900 733
711 351
20 441
538 722
294 154
111 571
165 116
446 589
505 905
622 542
889 272
921 611
126 312
958 945
511 681
492 396
243 444
982 526
655 281
815 325
789 71
743 567
812 451
801 877
474 46
224 997
400 957
652 664
257 847
526 252
860 669
61 762
336 600
899 772
861 527
221 460
519 747
4 770
776 615
929 868
429 463
735 42
86 226
692 494
65 213
826 930
559 309
944 240
972 222
547 310
870 662
885 724
832 852
45 998
807 505
377 212
117 336
942 643
66 846
428 417
755 223
140 752
363 743
57 624
617 771
583 29
820 965
517 158
372 123
850 64
585 256
151 686
709 546
45 706
87 26
730 525
368 772
45 173
281 587
494 102
585 241
770 414
275 241
792 414
392 15
982 469
378 457
184 891
294 791
675 686
577 943
35 200
437 302
30 921
181 21
769 589
348 429
961 0
22 28
276 425
357 652
713 655
635 924
114 450
148 227
313 915
560 151
452 176
352 437
225 915
335 798
2 430
57 959
712 876
686 254
798 310
174 522
698 868
473 278
747 758
310 206
971 292
571 887
816 908
149 71
156 377
942 556
946 867
594 691
871 790
350 822
618 73
817 816
283 34
836 803
963 879
735 877
133 515
668 617
197 685
852 450
232 439
845 556
704 9
777 201
997 730
63 765
645 588
42 224
914 22
907 505
796 494
202 241
337 627
597 614
563 681
198 110
17 331
47 439
524 945
861 706
784 906
463 105
957 515
347 849
671 298
541 43
635 910
516 959
475 705
400 931
612 47
138 239
336 352
871 78
186 271
506 64
204 139
232 841
305 181
792 579
408 699
483 152
230 514
546 130
536 230
424 519
223 707
585 20
995 129
20 16
621 722
534 825
324 608
479 910
837 739
154 849
991 601
379 248
651 341
262 298
284 315
516 970
904 716
189 956
792 891
47 728
81 91
944 726
231 790
621 435
80 295
774 802
371 217
913 512
596 938
401 3
810 972
714 606
216 950
310 836
285 331
771 132
957 167
545 430
623 480
491 152
773 202
69 712
117 587
653 242
382 443
525 796
47 478
182 561
986 513
261 326
746 207
661 29
490 749
90 235
47 296
545 315
461 45
170 990
509 833
983 327
441 306
232 441
60 250
693 125
785 437
260 902
981 629
340 462
280 805
397 800
147 232
888 348
568 196
511 925
664 827
140 834
102 644
630 464
241 184
241 157
665 639
92 395
294 900
282 175
590 919
138 293
332 943
712 276
473 312
758 839
589 601
618 689
872 972
494 615
176 435
203 311
355 520
368 37
340 250
156 980
9 229
102 413
331 5
492 207
980 632
713 703
263 692
173 540
416 236
401 395
750 828
479 903
917 194
995 422
407 308
230 864
361 373
350 562
500 13
484 32
111 528
814 49
876 380
756 726
389 767
465 251
881 197
596 131
486 522
608 400
505 9
524 30
843 182
472 946
115 30
920 404
97 458
311 529
559 843
603 136
54 480
658 872
315 637
349 878
54 435
525 285
677 12
797 191
522 561
515 226
547 845
104 475
175 542
780 668
379 927
581 625
978 432
194 270
827 635
735 894
713 319
695 100
147 378
391 937
266 260
451 792
264 265
912 517
638 372
790 518
422 746
524 324
493 194
524 172
99 325
793 671
46 488
65 24
171 415
868 817
702 817
22 47
384 741
965 104
10 20
86 981
81 696
564 110
392 603
560 448
154 504
618 903
123 168
155 955
728 926
381 416
527 842
737 297
409 481
890 921
123 242
125 305
417 163
64 60
385 781
662 486
176 267
528 378
918 723
931 575
329 591
133 471
160 469
820 480
918 913
548 414
895 907
687 798
507 733
81 618
188 588
357 816
933 651
352 297
378 630
332 208
647 301
443 752
948 554
706 475
367 574
995 993
652 757
332 226
840 47
460 837
407 679
466 71
91 44
943 782
803 416
930 789
773 882
827 390
163 856
232 454
707 168
341 776
294 780
113 535
302 717
616 175
447 43
765 840
960 276
540 892
122 238
270 838
242 744
660 643
676 21
446 152
592 760
993 697
115 1000
378 72
255 163
397 800
577 289
270 418
35 838
2 636
524 20
160 58
787 378
994 895
37 415
129 297
40 791
785 408
182 891
895 737
226 250
395 624
931 339
437 367
539 636
921 436
835 864
708 408
441 365
535 757
836 162
364 560
387 433
215 419
237 888
102 509
916 343
595 340
188 715
735 426
243 950
443 633
538 36
544 854
495 242
871 773
25 653
69 825
397 854
299 94
754 855
991 670
524 592
611 815
796 411
768 300
596 869
834 569
755 190
272 824
322 478
134 694
782 190
316 462
156 647
809 524
13 449
306 329
747 604
332 361
750 476
185 529
663 948
275 889
313 258
881 782
899 428
568 650
896 103
493 367
177 608
521 80
810 101
581 32
180 156
476 429
463 599
516 960
400 350
884 938
278 592
561 254
399 474
6 526
95 508
745 206
882 261
956 251
652 962
108 784
152 827
257 404
707 628
760 945
215 985
129 839
421 797
303 670
299 440
268 692
861 642
436 230
363 604
494 32
595 271
254 718
18 539
980 970
855 866
412 939
449 534
398 467
789 94
615 394
521 538
669 476
232 719
598 889
52 17
7 923
982 682
845 641
50 181
378 470
2 45
535 660
971 367
713 962
692 760
155 821
234 153
351 72
894 891
862 551
75 184
20 801
386 336
911 96
167 889
733 591
411 5
791 227
420 465
261 613
543 617
752 151
609 700
143 199
926 972
656 507
127 736
449 998
130 155
38 399
756 653
881 560
35 99
320 406
404 237
507 308
669 638
721 499
506 343
52 958
181 843
163 402
123 812
998 199
794 816
695 556
291 601
924 433
570 864
727 302
888 685
569 606
184 874
276 57
3 91
720 613
893 140
124 916
869 704
84 482
827 579
614 109
657 601
446 618
473 30
202 566
136 197
875 602
838 995
573 672
344 554
387 909
501 883
783 432
389 994
964 278
862 17
63 747
770 956
442 53
220 588
794 359
985 126
900 916
986 912
624 132
195 250
101 158
923 763
442 519
807 676
519 721
27 169
727 361
660 554
799 282
172 546
765 116
643 822
524 660
580 826
196 640
705 750
266 919
947 320
428 302
411 409
980 186
662 207
597 73
556 949
56 59
937 340
876 151
805 230
863 862
314 301
236 570
703 993
512 431
169 61
13 800
538 622
525 968
547 737
93 672
116 562
734 897
199 463
5 49
221 804
346 791
868 651
11 875
380 967
374 877
648 861
16 960
225 419
841 250
737 874
565 677
225 254
387 544
593 373
669 226
24 8
669 769
817 622
613 411
182 465
815 907
285 203
271 968
411 233
805 558
803 508
504 116
768 518
928 614
739 500
115 33
274 344
372 587
34 713
949 480
662 189
639 475
688 608
178 110
123 952
324 42
592 833
300 63
108 710
87 786
808 531
361 287
37 75
606 434
32 612
699 215
786 253
766 468
441 958
79 23
215 482
729 6
65 428
894 385
367 970
725 971
761 753
314 73
803 525
270 441
769 278
750 389
182 535
638 485
749 249
899 743
557 212
845 687
177 857
7 749
555 373
392 167
324 116
830 670
280 520
294 589
55 146
145 495
906 963
492 29
6 204
897 250
186 489
888 599
884 241
355 883
438 162
561 261
413 42
506 952
228 142
197 803
355 91
95 594
291 856
125 440
810 649
410 911
956 116
653 738
248 431
442 579
77 458
59 324
943 99
558 918
315 320
220 100
329 742
671 438
790 528
378 87
656 858
669 751
443 884
498 230
484 907
122 865
753 20
485 741
632 660
360 789
880 979
373 156
225 482
725 993
800 537
184 922
615 196
47 584
799 884
629 877
149 729
275 321
890 976
360 854
807 70
78 815
945 7
15 166
729 364
585 448
163 964
77 318
506 445
399 52
403 355
711 504
782 411
204 415
350 328
494 4
860 333
490 57
783 45
572 386
95 763
542 254
697 489
726 431
521 165
774 465
215 725
605 872
949 467
166 8
204 841
308 470
133 7
900 326
493 931
410 272
807 457
369 59
10 473
443 891
945 287
582 405
136 496
859 640
426 671
111 851
354 803
968 766
816 474
309 255
530 573
973 940
164 38
769 740
172 598
342 413
586 910
695 562
717 463
765 243
531 988
859 968
588 242
951 369
507 469
938 166
144 74
795 153
67 67
442 190
76 688
565 900
703 606
941 68
917 467
516 849
511 665
77 441
952 281
978 249
494 711
924 259
632 820
192 78
751 677
981 516
703 207
810 24
284 61
674 905
539 222
574 576
871 767
372 709
867 245
882 673
86 856
771 618
149 274
980 692
315 969
886 145
578 26
730 575
561 12
857 389
204 157
933 26
906 769
198 1000
851 230
923 460
888 176
664 176
409 798
469 683
216 908
145 782
252 301
706 587
627 223
336 602
396 626
665 181
920 22
968 300
107 64
921 14
426 3
311 352
896 775
373 365
981 383
50 149
22 495
654 728
428 720
316 218
726 368
616 138
416 733
868 734
326 484
525 869
830 302
66 767
472 63
718 569
643 563
40 755
528 474
760 617
375 285
395 244
264 493
330 740
548 803
944 914
663 489
548 607
802 136
318 33
436 779
825 22
159 420
926 785
235 359
539 426
665 899
113 521
570 976
85 684
80 198
172 857
172 673
788 515
5 941
566 424
230 629
932 290
212 247
616 109
622 393
282 4
754 318
251 484
292 309
864 175
1 115
645 742
519 291
663 280
23 573
466 480
801 620
888 973
564 226
636 348
299 733
28 893
204 866
482 951
267 910
261 471
464 813
331 430
612 121
815 467
564 49
260 785
400 80
726 787
658 463
582 682
861 449
433 346
13 499
243 215
566 820
774 672
698 221
284 848
159 363
66 287
283 413
894 618
658 651
400 294
912 515
478 256
242 260
655 738
348 767
63 347
61 120
974 912
797 332
493 245
170 100
637 457
885 106
189 544
659 947
237 41
33 919
357 815
790 760
448 623
423 480
441 14
85 583
330 450
139 562
992 726
739 907
582 652
441 138
555 835
956 367
570 803
791 927
976 553
887 184
315 391
721 968
201 14
388 753
517 388
49 573
497 299
18 695
555 674
507 76
358 846
259 418
406 275
678 981
728 218
38 312
205 996
682 476
777 902
766 952
518 592
605 929
506 380
60 386
392 819
977 677
892 698
865 637
460 498
378 906
388 42
506 86
172 284
766 314
812 32
196 459
42 379
111 825
554 296
481 783
953 784
317 479
54 257
184 115
49 765
335 625
232 105
362 708
411 467
343 987
95 945
518 519
914 34
410 23
718 863
228 229
619 624
722 84
245 36
952 126
370 959
210 657
995 191
437 305
371 440
0 234
280 800
507 905
838 908
121 121
972 882
398 552
354 453
948 653
719 230
317 17
824 271
59 714
730 710
624 276
674 128
604 176
887 581
206 189
212 513
182 617
439 469
767 912
531 294
540 173
227 393
508 128
994 241
883 844
538 77
835 356
610 716
103 197
850 156
439 545
928 527
352 87
337 831
733 462
82 530
459 340
638 570
726 527
623 539
358 605
501 174
914 134
234 333
827 206
559 932
59 840
179 291
14 587
757 118
544 446
148 557
257 372
799 442
280 693
768 577
368 416
717 937
538 965
653 796
13 591
943 454
885 282
925 458
390 741
187 472
273 389
843 62
438 860
531 258
965 902
501 734
605 812
412 106
51 122
657 380
412 4
467 263
290 835
432 553
564 2
498 623
14 273
639 742
896 716
401 94
341 691
340 997
414 484
724 733
918 126
800 696
36 16
228 692
884 631
886 717
621 772
674 205
363 498
347 45
356 358
972 771
952 295
20 151
877 353
300 668
839 68
738 375
739 452
169 294
897 55
544 956
85 267
465 376
911 205
238 150
320 480
876 240
838 182
214 822
441 7
696 481
281 446
702 246
744 794
867 105
249 451
514 454
751 749
994 182
173 567
536 430
882 204
754 624
327 348
544 210
496 757
345 770
296 293
177 337
54 442
191 318
474 753
352 919
483 785
600 441
6 509
358 160
678 104
31 439
639 920
753 842
797 147
787 450
458 121
472 761
886 186
565 829
797 41
885 950
568 247
418 618
956 253
891 941
690 799
264 87
938 535
553 765
481 197
448 96
601 175
430 99
811 139
937 96
694 158
102 174
57 299
286 153
860 875
448 178
735 464
750 307
2 633
29 648
134 310
125 186
805 195
561 957
457 274
746 91
778 88
224 768
308 313
767 112
554 737
143 214
503 136
75 470
251 428
969 843
666 440
994 16
331 914
228 734
218 124
690 323
176 872
62 379
931 441
323 235
627 424
125 785
139 197
833 192
230 126
11 890
221 258
55 771
208 818
995 431
488 583
644 633
926 951
236 182
679 130
772 612
42 521
130 95
369 467
369 789
84 475
250 179
611 70
947 369
979 882
83 34
964 703
310 27
36 344
630 50
539 792
740 952
864 979
989 186
685 599
435 418
230 922
180 146
468 502
897 221
807 55
651 639
242 496
995 684
348 874
985 577
254 195
855 317
959 570
928 496
685 997
810 923
293 120
153 407
533 45
937 856
435 548
471 581
990 691
510 834
170 283
344 354
708 482
587 252
178 819
647 231
289 43
265 666
856 129
161 48
468 495
854 626
284 987
773 939
126 820
560 900
548 711
436 696
954 175
222 669
627 244
143 554
326 289
311 805
684 52
780 371
957 76
382 913
385 92
261 687
506 522
940 787
326 427
303 148
565 687
66 937
734 350
139 84
163 572
899 769
783 657
591 750
15 809
467 7
34 221
973 580
356 898
434 625
972 878
183 108
344 162
893 866
975 467
345 900
169 917
990 972
257 763
952 585
182 255
281 291
269 151
159 707
27 458
124 122
904 532
317 985
617 471
65 631
186 469
75 411
754 430
511 340
719 339
489 782
379 513
741 687
71 530
611 878
324 559
666 24
233 418
863 988
689 754
627 752
891 867
150 719
286 84
136 698
656 841
689 993
237 975
889 777
347 731
810 877
765 940
499 746
805 866
844 729
941 442
427 121
324 336
783 553
235 940
80 591
663 77
88 380
672 56
950 929
365 413
798 759
237 61
762 159
163 665
670 392
460 420
681 624
31 766
417 914
419 362
928 288
158 26
306 848
742 911
703 129
429 352
776 647
807 272
707 643
373 663
215 785
414 362
94 142
78 565
189 55
825 439
415 455
862 75
325 250
204 145
799 465
546 572
692 948
903 998
811 77
990 898
550 964
540 277
989 167
855 876
991 749
644 181
60 200
402 728
906 652
95 189
45 169
226 965
317 440
87 835
47 694
111 322
14 444
572 754
36 280
901 544
573 31
562 735
847 13
906 860
22 239
216 326
374 201
426 315
533 684
918 56
344 158
736 138
114 327
727 194
473 681
887 450
269 138
197 176
971 72
955 465
768 525
651 99
585 501
151 856
910 405
977 390
214 828
8 170
239 60
145 614
212 770
585 308
825 214
207 933
717 268
720 155
410 880
466 538
195 27
821 716
604 28
840 333
844 209
126 73
509 79
48 238
365 329
218 18
399 505
583 658
604 559
660 490
649 393
431 673
675 764
359 298
36 365
352 764
309 167
907 266
578 791
5 618
533 352
62 441
595 450
394 752
127 737
699 264
915 838
979 510
59 190
634 42
978 112
565 641
935 918
627 453
421 936
518 780
863 584
371 915
232 361
392 425
881 872
722 542
981 379
956 673
640 596
41 630
839 182
712 872
430 72
560 733
939 114
488 174
387 360
782 136
675 30
419 309
874 551
588 796
424 347
87 491
595 789
97 475
373 330
799 15
731 245
495 202
213 664
892 384
719 993
967 43
22 233
836 537
876 830
921 231
733 589
8 831
438 112
787 354
307 525
584 513
12 391
140 888
588 834
712 280
698 866
123 582
120 489
300 799
962 576
688 834
896 623
832 235
867 364
932 575
44 438
335 982
505 71
285 444
380 442
822 372
669 916
974 984
113 922
879 467
341 759
824 942
919 370
523 25
65 834
172 666
776 159
49 52
142 836
882 847
563 199
108 303
946 117
460 379
791 551
862 608
938 445
678 321
856 852
654 554
841 994
645 569
447 311
308 101
352 657
984 622
832 153
169 199
808 663
110 604
656 289
905 592
589 922
666 398
289 872
868 524
268 491
319 588
864 161
565 628
515 555
532 239
146 4
833 706
123 439
386 487
856 829
970 538
239 335
570 398
610 653
381 476
143 938
426 481
130 543
239 201
550 470
769 234
745 50
817 389
484 318
166 175
606 440
742 638
884 747
114 689
202 537
862 918
93 544
214 788
194 287
175 602
172 246
994 882
550 840
583 860
628 736
621 60
631 302
947 13
977 659
425 417
194 73
65 438
585 931
465 536
367 49
124 497
692 968
471 258
140 511
127 630
670 340
258 158
843 38
113 441
548 35
330 58
839 784
387 247
575 902
789 609
634 307
657 485
888 845
806 815
11 3
101 734
524 271
167 622
386 236
872 464
811 75
328 58
322 638
678 778
5 857
753 855
546 723
917 946
254 109
944 643
811 51
353 150
234 600
934 926
404 491
372 28
978 508
249 69
437 121
481 936
65 624
325 732
937 709
631 935
379 396
769 723
108 593
390 602
960 177
584 775
770 883
5 848
693 485
445 828
995 152
343 665
609 344
61 485
957 524
440 49
293 902
445 626
605 264
696 316
786 249
718 60
540 268
310 520
355 713
63 898
4 511
731 748
871 868
842 347
837 473
500 782
161 551
37 98
844 111
302 699
224 747
761 375
126 558
830 977
247 262
57 250
17 592
299 912
40 518
188 950
333 356
283 422
306 231
398 265
589 397
88 57
65 79
384 940
581 388
745 403
67 560
577 907
228 48
658 491
892 374
67 808
479 737
402 417
795 835
272 658
952 465
958 464
334 814
25 683
884 733
40 83
207 452
995 451
267 832
757 18
811 706
194 777
756 292
330 1000
891 928
583 942
14 391
595 114
269 625
181 126
303 607
777 89
631 214
352 758
59 434
172 410
122 702
151 495
653 451
181 264
285 774
490 31
452 548
667 135
971 576
32 796
284 404
224 447
10 144
98 256
806 311
779 792
143 368
79 560
650 270
602 777
258 608
897 420
739 989
179 458
616 555
141 501
976 316
877 120
544 130
688 75
841 942
324 806
865 523
955 124
293 290
729 472
462 955
445 81
452 720
302 466
488 601
39 322
127 859
813 359
937 96
332 917
357 84
52 760
892 472
804 480
153 263
804 760
905 176
819 929
610 413
441 754
513 962
309 450
815 248
792 891
665 205
1000 840
667 567
704 875
538 136
672 439
152 955
645 815
914 136
98 545
567 164
701 682
453 176
956 488
518 134
159 138
748 574
944 386
309 343
601 185
807 808
351 594
786 724
899 541
105 184
340 415
521 178
587 791
871 419
813 516
584 696
357 276
251 907
396 347
615 903
752 172
485 85
69 393
981 167
201 196
612 438
208 163
41 921
385 811
663 399
399 976
483 717
918 336
703 538
110 720
274 356
171 932
27 756
366 518
708 504
730 627
928 424
41 561
892 172
755 32
806 344
460 425
697 842
530 160
965 473
839 4
136 708
171 840
439 848
650 884
464 201
334 161
834 273
6 364
168 888
31 437
773 328
94 908
266 87
254 749
809 404
60 686
674 862
696 253
896 200
244 893
411 812
67 34
483 183
834 334
456 935
555 930
139 256
347 240
119 34
577 473
435 371
374 713
634 87
39 428
245 729
13 208
699 57
253 317
987 623
502 238
788 682
52 532
46 417
505 68
696 382
88 160
414 546
723 871
830 272
978 749
699 641
21 801
706 225
728 138
397 738
326 55
307 193
43 698
730 633
246 125
973 209
626 157
643 224
796 544
951 626
145 171
676 418
46 635
329 78
388 194
616 882
727 654
990 909
760 375
45 989
129 828
212 226
399 999
299 799
819 684
355 916
117 584
814 533
822 571
758 514
437 913
181 147
304 931
764 322
372 102
646 49
737 671
14 159
708 760
902 765
205 804
553 472
240 951
125 355
358 390
378 850
462 892
118 490
234 90
0 244
861 944
787 850
740 546
45 268
611 737
598 238
876 662
39 244
18 533
94 697
532 913
243 128
25 851
91 865
293 974
202 180
95 243
768 910
894 23
111 720
64 953
772 577
606 134
138 665
975 391
581 341
358 75
740 679
885 419
319 922
360 491
260 836
850 531
161 723
643 388
379 527
348 234
944 33
536 750
269 487
70 951
69 363
342 307
259 827
956 545
611 220
300 256
451 461
810 498
627 991
978 889
612 489
615 680
883 794
769 946
301 662
934 336
784 667
614 559
369 731
916 225
276 460
677 280
387 53
402 275
51 870
752 518
351 108
907 378
985 107
923 894
988 504
591 231
115 756
531 567
28 32
940 421
7 697
126 888
689 2
552 654
667 110
324 722
84 873
844 412
836 512
423 553
159 159
999 421
932 215
574 724
910 112
731 590
298 208
778 770
541 968
337 333
560 443
597 690
307 397
920 838
343 839
35 836
340 646
164 914
222 869
492 205
337 353
138 179
299 123
362 856
314 304
925 702
159 32
608 53
460 197
535 775
756 713
686 475
42 839
281 885
762 698
110 99
416 338
866 582
406 770
980 642
683 404
273 991
89 111
839 18
80 550
37 856
161 14
305 847
44 233
821 691
42 518
595 339
371 357
480 567
967 47
563 980
675 462
721 514
458 486
96 564
347 518
149 503
893 836
158 389
193 808
75 870
902 832
947 548
871 942
311 122
251 70
882 699
174 869
974 463
726 507
914 755
46 276
98 734
602 219
642 470
489 886
40 512
622 202
156 337
447 129
385 472
475 565
823 5
982 530
633 399
843 366
69 507
640 675
132 477
894 67
66 580
733 650
705 758
400 691
624 666
61 260
666 891
468 495
828 712
825 479
452 112
835 210
602 359
486 501
843 924
871 783
744 622
175 761
352 442
196 189
333 628
672 174
902 867
624 165
156 905
174 442
379 499
92 379
332 940
840 856
293 882
975 402
742 742
222 563
20 304
739 709
887 785
780 645
777 805
526 644
910 816
314 196
351 777
518 55
332 551
485 240
376 97
680 356
919 959
378 861
320 86
879 12
440 351
30 441
491 285
795 759
740 71
730 433
156 959
163 334
912 380
864 196
79 777
362 978
839 846
20 903
399 485
945 972
215 765
557 112
595 837
573 489
443 888
83 398
70 551
835 881
994 874
456 973
159 200
179 338
98 437
877 699
625 683
212 983
667 110
186 916
919 358
49 981
954 786
767 533
479 585
417 703
571 168
116 467
754 884
843 834
925 218
916 544
104 386
66 690
32 211
261 836
768 260
36 963
818 378
408 446
470 300
114 662
663 240
747 380
698 105
980 929
16 573
741 397
620 247
696 230
931 84
374 984
96 584
213 70
861 392
810 265
545 201
504 774
431 285
969 419
524 415
302 837
293 548
649 791
986 221
985 705
518 301
908 780
884 945
800 873
819 552
88 224
544 804
715 464
573 590
624 625
422 504
315 92
212 188
106 892
200 562
576 488
217 123
30 801
176 228
185 221
95 259
525 680
489 551
765 394
384 353
167 217
235 597
204 862
321 898
617 552
350 230
748 814
567 948
598 830
598 730
619 197
310 152
742 451
405 919
263 728
803 446
925 654
995 852
463 924
896 945
320 529
242 995
711 290
437 184
91 78
904 590
9 92
794 533
277 127
174 208
687 844
227 879
660 22
259 460
732 989
833 341
706 816
41 502
317 174
700 359
749 215
684 603
741 659
537 100
894 298
411 709
698 295
664 663
2 778
220 296
587 809
852 699
803 939
488 51
567 615
3 35
608 482
907 712
413 81
983 222
641 530
302 195
240 258
595 154
368 406
606 325
330 416
658 433
343 1
404 640
991 250
904 744
71 210
518 749
221 938
717 385
560 554
652 618
324 437
1000 876
778 62
696 565
651 550
594 270
920 545
613 329
159 682
26 177
609 321
646 248
564 4
578 202
17 477
505 890
960 887
824 585
597 575
752 912
741 647
634 355
44 512
349 685
586 325
468 665
437 457
74 290
132 889
452 270
34 91
451 23
263 217
201 825
753 515
624 933
406 844
245 258
639 366
283 151
384 587
380 32
87 371
42 288
671 406
336 480
767 403
220 250
114 781
4 573
416 332
836 412
965 589
609 960
695 379
615 139
702 21
371 369
429 961
632 787
134 590
775 638
701 234
632 593
508 490
538 598
37 795
960 610
810 84
92 763
871 553
725 664
762 570
796 515
951 705
588 976
393 127
460 789
964 499
283 293
527 69
209 307
14 586
546 337
837 419
328 346
957 817
607 957
545 258
37 32
26 132
551 8
594 751
203 446
616 841
158 71
595 755
839 823
191 755
155 776
30 0
465 624
906 163
162 957
242 622
637 424
950 673
372 255
711 574
900 234
409 580
871 552
765 619
714 580
0 748
602 329
85 897
83 460
83 169
170 852
894 34
730 72
467 24
921 587
935 760
627 556
365 212
532 429
332 422
976 778
242 685
866 107
307 75
45 687
773 331
109 929
314 177
45 245
301 359
5 57
907 133
339 742
201 314
325 681
212 359
976 226
560 569
713 763
746 341
897 797
958 770
242 751
552 236
288 365
834 254
767 938
124 896
424 128
134 244
672 799
246 20
667 486
57 969
753 626
280 894
164 184
210 61
646 891
904 796
781 498
886 342
20 932
563 215
643 464
72 675
704 271
182 764
147 131
701 909
504 98
982 896
746 52
152 199
382 287
698 678
512 483
186 633
99 53
288 56
6 670
865 157
914 229
622 336
126 511
852 536
218 652
893 521
232 312
499 227
910 76
489 8
831 751
913 497
142 981
243 277
28 109
651 515
901 471
89 678
454 627
806 790
933 828
406 237
890 324
519 506
613 613
263 828
277 51
837 846
144 874
57 444
232 211
378 239
692 239
868 282
548 887
838 15
39 335
665 454
932 195
89 750
469 914
899 659
300 924
286 58
462 707
931 92
932 926
490 160
699 807
837 924
231 82
879 992
303 713
1000 633
388 281
812 56
296 499
940 814
185 586
496 622
884 518
823 778
445 986
833 876
196 886
168 136
960 535
872 58
762 765
39 312
928 394
775 296
787 596
947 642
869 635
675 636
152 598
100 303
675 781
445 159
607 210
717 369
600 93
585 45
565 672
84 17
938 7
480 679
974 517
826 540
888 969
579 932
334 342
499 682
338 245
528 113
490 237
693 100
648 761
768 469
842 156
356 38
142 500
525 973
697 937
387 312
750 15
413 862
412 504
536 911
218 447
503 290
722 382
827 375
268 686
761 962
924 916
494 350
92 28
252 375
778 865
648 25
595 688
428 825
511 51
955 54
65 664
292 119
17 76
601 856
179 253
213 439
798 603
319 623
42 824
236 775
859 704
760 218
357 67
742 205
888 557
228 865
368 863
215 921
470 298
874 117
182 603
591 946
247 937
711 512
748 162
966 861
736 206
40 346
716 90
961 728
788 771
564 203
301 814
213 489
4 683
263 292
215 855
590 87
483 266
950 202
193 880
663 871
626 619
25 728
260 469
163 603
909 73
335 461
878 289
991 362
368 183
910 1
371 720
513 898
177 369
605 658
485 148
523 403
852 577
599 133
640 731
399 494
73 275
675 415
605 223
437 684
603 381
507 999
620 138
98 39
836 706
498 771
927 260
13 28
696 373
570 456
998 554
510 196
559 559
239 534
886 822
701 642
831 438
170 34
157 764
932 769
327 944
682 6
655 818
791 76
450 358
928 117
638 170
528 557
62 600
347 973
352 956
445 18
765 540
855 113
682 529
163 234
945 978
61 818
250 613
152 350
8 193
476 264
258 541
939 329
229 480
54 458
581 224
915 507
298 44
518 322
846 573
614 423
890 172
431 871
594 348
380 439
300 163
814 341
482 601
54 547
849 760
167 108
924 441
351 141
385 861
233 174
317 565
763 340
894 60
574 923
799 527
69 260
692 469
559 554
280 510
893 358
629 688
393 263
722 840
585 968
589 940
389 850
126 734
700 115
524 474
925 101
623 766
741 709
855 337
434 407
940 384
804 779
857 39
250 625
387 754
604 78
158 524
326 388
560 98
419 313
193 681
540 233
716 885
73 332
849 34
331 39
311 70
192 676
596 220
22 752
31 688
260 603
666 900
363 248
513 700
534 590
317 538
806 132
61 401
886 507
247 991
984 925
740 855
237 882
162 107
438 101
625 867
712 992
332 853
243 924
640 1000
210 113
265 886
874 370
973 516
763 115
97 199
103 809
941 982
451 644
10 635
272 535
148 208
878 12
9 882
622 153
463 570
119 583
961 840
528 516
157 527
833 151
88 744
750 37
342 182
816 829
916 536
492 873
302 188
791 73
405 1000
300 264
721 552
626 703
646 836
10 370
118 121
444 333
839 739
20 983
48 517
198 826
611 179
448 781
30 893
3 584
777 863
487 155
97 136
889 814
881 58
147 438
848 513
277 618
197 369
493 784
651 710
644 954
113 514
396 107
297 235
396 952
964 377
228 339
82 703
268 455
861 550
626 868
861 869
565 695
61 16
577 675
530 454
580 386
899 430
832 197
336 284
21 762
969 596
788 696
276 206
598 46
959 485
95 740
942 578
121 509
968 459
203 610
643 108
772 893
736 168
865 502
465 405
836 432
328 243
108 366
781 163
1 697
845 12
874 612
47 801
208 364
951 206
309 409
122 498
52 344
38 168
14 835
306 982
322 728
718 443
546 325
334 746
362 741
552 28
830 890
976 94
542 628
328 75
596 285
202 223
117 634
30 622
363 400
67 27
804 448
721 337
947 762
164 430
897 636
355 884
843 795
619 193
707 972
302 444
485 401
190 240
905 119
366 825
88 292
397 979
830 668
585 759
346 860
750 799
662 587
497 401
785 925
373 446
253 270
411 298
113 814
371 616
853 212
696 79
378 358
271 169
99 191
772 223
893 534
785 972
700 439
712 60
507 913
984 781
291 949
256 599
66 997
47 341
329 832
379 900
204 523
185 442
991 55
405 828
247 942
424 842
721 709
377 364
469 232
631 946
914 764
523 657
998 943
696 737
779 182
474 686
962 934
419 382
116 201
292 800
683 310
171 501
171 90
537 376
515 296
93 913
288 391
587 161
574 508
398 675
330 145
461 758
996 129
584 116
941 421
7 19
385 646
423 569
424 82
459 80
892 887
650 182
710 495
682 242
534 89
518 576
932 396
101 110
659 283
724 827
559 135
824 128
351 489
385 660
540 965
262 0
877 712
993 265
652 188
322 212
717 107
637 92
872 358
87 339
574 656
370 874
711 221
724 623
533 904
787 211
178 919
375 200
337 808
68 269
619 65
191 802
576 139
634 183
576 850
266 709
497 390
336 859
164 612
546 686
509 454
921 134
46 235
516 610
682 133
18 630
848 350
499 649
942 269
814 192
732 313
247 701
221 595
134 580
953 843
410 355
231 175
301 978
672 37
838 285
2 444
461 33
642 697
517 421
664 454
355 915
608 756
806 112
96 224
593 822
241 808
871 839
281 213
78 90
447 771
621 89
179 767
370 147
409 660
614 902
173 453
46 914
253 340
194 291
448 897
533 956
648 839
975 510
96 697
213 41
466 664
833 255
146 841
295 993
331 608
165 781
406 582
935 638
198 165
780 815
999 210
740 140
284 262
78 735
335 164
352 302
887 296
234 931
685 682
341 943
178 256
558 795
362 452
480 66
931 270
618 204
415 141
948 18
493 42
857 107
352 770
1000 879
770 379
538 413
623 698
556 923
927 967
462 297
472 332
634 356
511 293
376 484
844 78
207 153
601 889
663 373
768 737
379 958
675 158
625 629
447 556
767 805
753 371
841 453
442 579
51 515
65 221
255 204
621 26
409 382
115 408
767 86
87 286
998 299
678 119
971 56
867 329
315 705
881 539
804 995
657 879
86 326
672 679
744 511
92 827
23 344
427 539
984 37
662 734
107 386
301 904
548 412
367 379
944 925
631 49
120 846
189 910
331 763
662 428
703 768
918 380
65 968
99 208
344 760
39 413
154 772
365 753
684 575
510 144
460 66
25 703
389 318
62 747
21 531
324 409
561 571
970 4
567 896
585 899
35 712
427 464
758 372
548 783
636 465
278 899
232 135
574 375
512 756
35 419
467 2
250 418
303 814
279 657
905 607
12 940
228 884
44 681
78 38
289 111
516 687
261 761
412 513
834 412
674 413
907 307
938 951
886 261
734 551
425 649
363 552
245 18
797 734
778 124
494 251
547 272
1 948
671 62
116 783
781 666
74 572
499 631
241 375
534 536
724 404
452 686
453 845
945 649
685 49
488 435
584 853
976 558
694 694
296 643
824 326
292 121
818 927
873 406
466 487
894 454
942 963
163 124
816 641
459 518
206 265
725 970
941 566
337 537
8 777
916 434
762 337
402 830
338 980
185 975
898 986
893 876
638 271
559 799
967 806
524 775
956 63
79 278
861 113
627 857
422 943
861 268
696 890
533 932
102 730
831 955
493 889
156 939
658 635
589 834
13 34
31 192
607 567
344 483
570 542
651 527
983 647
716 910
783 459
85 226
17 320
465 614
465 48
510 933
317 997
774 147
893 27
887 689
356 72
88 578
349 680
323 864
349 192
63 916
976 885
575 968
404 671
196 839
761 755
789 87
660 140
614 617
267 158
676 880
949 112
836 997
723 834
444 488
165 500
196 88
236 126
379 367
292 790
571 228
696 878
588 135
181 586
312 58
234 443
243 692
986 245
166 355
249 985
649 530
191 792
19 754
154 970
993 921
506 878
104 203
908 176
706 999
698 298
988 125
954 394
364 637
590 836
27 500
653 842
288 892
523 894
941 332
896 356
916 196
106 292
498 100
430 832
114 449
487 112
584 395
293 249
272 961
500 854
717 80
517 32
921 406
294 770
91 438
98 708
674 294
249 47
211 931
397 589
901 560
955 228
839 738
971 21
200 724
986 713
312 533
567 554
925 532
390 766
112 140
870 283
891 582
357 369
801 326
432 655
652 416
826 995
275 53
842 503
199 78
139 161
315 853
364 175
377 813
127 633
922 966
873 144
347 969
869 545
233 996
185 855
170 259
238 879
806 652
106 62
470 326
679 319
153 200
457 984
941 845
330 415
378 211
973 993
254 316
491 305
641 892
371 542
289 668
915 53
483 446
551 888
702 923
509 983
652 550
384 453
39 455
595 999
563 495
596 150
248 964
245 321
22 203
772 520
447 385
331 281
689 994
790 799
819 753
873 321
796 200
132 627
322 384
168 709
753 559
381 513
262 706
375 226
516 917
883 571
718 900
518 710
585 91
703 968
807 289
119 743
793 482
163 877
35 515
937 524
551 145
684 350
203 513
232 395
736 413
36 489
986 270
224 971
448 674
185 404
527 24
122 984
525 735
888 92
966 470
493 491
544 375
509 652
813 921
527 20
480 910
550 827
975 13
713 112
362 267
199 162
431 866
135 90
713 156
803 837
111 901
854 315
50 757
856 264
919 500
764 333
284 78
20 41
809 925
52 836
371 910
722 446
217 653
194 548
614 966
191 588
818 910
770 171
498 559
248 990
275 522
800 159
55 95
763 656
549 995
789 460
858 302
182 839
860 961
546 142
764 764
212 449
232 151
136 263
981 978
580 445
947 568
540 445
286 292
280 853
274 29
472 111
650 257
60 94
275 425
595 782
32 308
522 628
908 331
161 92
939 701
938 989
877 908
55 527
841 228
980 884
749 97
509 351
120 249
286 22
346 314
961 784
522 151
150 272
344 988
37 588
373 606
910 849
638 876
258 990
157 269
324 814
494 279
38 486
248 309
757 765
238 600
742 678
529 903
466 37
107 151
150 691
392 132
301 6
842 133
872 562
8 546
938 481
723 277
441 779
547 189
976 288
340 87
272 738
174 698
520 996
747 469
923 537
25 591
770 171
984 152
68 463
822 165
936 511
936 357
64 257
892 285
715 127
497 847
4 656
710 125
90 140
809 218
971 759
586 289
217 779
654 904
641 57
870 323
833 666
26 224
666 850
366 890
873 634
895 81
358 513
933 605
321 643
778 969
148 292
710 446
257 888
350 620
424 335
778 657
52 626
802 182
253 775
907 62
426 16
151 381
228 533
571 149
169 803
817 565
424 120
977 971
262 367
671 582
442 886
587 209
687 111
345 471
949 213
194 258
127 80
519 780
190 728
621 103
249 939
867 679
465 832
925 459
775 76
777 837
36 279
462 300
369 915
278 226
444 603
546 616
572 491
253 814
872 453
928 906
499 524
773 139
453 201
79 217
269 553
173 104
866 710
41 817
501 579
328 626
769 779
590 184
779 776
614 925
677 692
813 830
33 1000
546 732
643 517
862 936
850 631
148 756
167 505
972 700
576 839
260 387
905 337
471 696
48 481
899 729
237 93
953 404
853 285
211 937
813 987
751 540
220 500
56 304
479 876
33 852
728 225
755 45
904 303
228 276
250 909
701 715
664 173
818 276
774 950
61 193
318 761
476 36
818 66
347 111
667 460
518 575
887 207
535 848
368 673
389 695
9 48
82 993
365 871
950 969
19 142
808 610
833 459
686 231
383 486
380 448
674 171
28 972
90 427
770 144
957 615
410 458
753 63
106 925
337 477
76 952
311 904
881 965
545 763
390 291
723 845
874 205
550 203
156 334
415 399
338 387
4 406
391 986
22 104
205 158
186 602
705 271
930 919
241 326
702 237
458 349
566 183
708 508
751 294
356 364
89 360
275 139
420 2
661 149
42 92
72 136
592 310
558 583
558 591
752 626
155 905
925 489
155 320
901 650
537 692
659 614
570 356
944 89
602 23
322 589
292 937
909 870
635 685
346 727
510 277
867 402
373 883
239 813
88 689
293 789
856 560
679 78
63 593
964 678
22 475
731 191
739 953
942 19
881 917
829 178
744 446
631 966
469 518
959 917
933 410
710 672
971 291
30 547
0 862
782 32
720 300
229 317
374 727
657 40
433 91
548 67
556 177
862 268
459 934
37 848
785 470
42 252
302 808
799 628
745 327
175 320
438 738
213 771
945 294
807 166
310 268
452 855
53 985
767 488
713 200
894 894
551 725
333 534
789 483
92 899
605 555
481 537
588 977
299 906
515 570
641 93
215 766
392 576
745 443
902 626
992 963
192 949
889 386
88 206
220 132
772 367
935 478
92 14
187 470
974 590
148 838
664 226
732 966
560 741
567 468
587 200
231 738
113 778
306 693
245 166
637 414
474 221
382 378
829 292
777 6
781 545
646 507
462 973
494 604
534 59
831 195
58 759
712 574
804 934
947 825
369 667
157 771
951 746
275 853
895 836
556 535
359 911
759 383
38 340
200 530
611 838
884 934
330 573
127 463
432 771
70 821
897 6
155 636
216 768
663 97
813 20
873 840
171 478
836 355
529 9
978 937
318 797
758 894
660 644
251 718
898 277
597 881
202 906
538 549
551 727
406 614
422 858
911 486
884 228
849 55
828 897
485 32
110 310
117 835
518 907
349 547
886 306
214 247
44 314
126 120
411 643
469 359
854 573
804 600
351 264
464 367
852 602
763 707
237 925
707 390
732 376
524 887
929 972
500 468
348 417
578 651
631 997
432 247
142 887
278 748
690 136
84 39
486 75
666 51
48 80
135 78
893 331
171 696
340 625
480 7
332 737
202 379
482 755
498 750
348 310
892 270
654 727
286 890
281 430
357 663
201 983
291 372
399 317
911 981
456 895
200 945
784 610
117 450
536 797
244 494
556 171
798 229
741 375
960 912
569 742
100 957
493 83
560 986
225 15
672 322
735 325
335 86
29 514
918 945
716 448
486 478
306 787
853 405
587 187
682 45
260 741
420 455
605 771
821 507
992 231
799 936
168 736
904 912
591 704
512 965
462 446
978 75
127 497
346 498
957 125
514 698
672 199
88 377
871 200
576 924
616 429
527 59
200 233
457 701
485 625
64 840
579 314
844 74
153 267
114 159
401 364
730 552
163 352
912 314
619 609
181 276
15 597
73 325
785 633
513 666
170 123
131 816
74 673
549 679
640 277
610 19
204 157
644 318
890 182
36 505
781 545
597 377
714 421
852 415
567 240
121 77
490 999
166 578
437 913
377 49
617 922
454 838
13 301
992 919
160 895
89 110
858 841
550 452
33 251
215 506
896 235
870 989
936 948
163 589
860 806
705 167
649 651
54 507
16 497
194 912
186 393
394 573
841 967
188 958
466 113
356 178
633 168
512 276
120 889
592 284
977 87
722 290
402 513
609 379
720 514
340 332
25 393
205 524
654 629
406 855
943 399
285 524
82 581
107 105
820 389
824 513
212 19
386 107
88 414
693 653
79 4
196 543
822 189
801 45
250 468
638 631
212 103
53 660
121 382
945 385
963 227
677 750
277 230
60 326
169 450
751 673
173 840
965 533
67 640
491 476
546 141
426 241
499 342
923 4
360 932
413 825
280 123
979 674
152 854
151 614
609 443
230 760
459 599
136 432
691 718
146 176
968 312
418 281
251 791
48 964
243 419
657 360
743 458
846 932
764 726
898 622
673 971
575 534
541 8
801 430
622 672
536 259
664 229
255 338
631 824
258 320
644 528
833 789
495 460
220 825
997 106
480 129
2 887
188 918
159 339
313 797
974 892
789 382
820 99
465 39
434 740
252 82
618 348
777 983
971 464
171 567
258 999
331 972
223 296
348 209
493 742
672 741
250 280
266 822
760 384
262 676
868 708
100 548
138 25
258 446
71 864
150 330
21 510
346 306
580 355
753 364
663 58
257 217
301 954
194 81
68 972
148 542
808 146
869 205
7 699
450 474
744 405
620 145
383 500
259 758
531 827
878 866
805 54
219 141
252 311
790 694
811 103
839 529
663 996
654 894
138 9
967 895
560 722
976 472
239 245
139 297
660 587
802 299
419 108
230 964
8 922
315 867
335 348
665 119
400 793
97 497
462 866
827 268
375 308
800 206
299 468
565 634
115 769
726 644
566 826
311 653
723 442
918 194
477 938
403 184
36 805
224 700
23 644
971 742
807 767
145 20
286 660
546 993
357 952
95 803
108 747
1 617
124 62
610 307
80 349
596 311
553 190
357 661
481 508
639 284
909 519
279 817
75 130
873 938
733 103
797 800
310 928
749 837
687 320
421 965
67 30
496 756
775 622
124 125
588 776
90 515
456 703
628 889
86 857
995 361
400 409
968 575
692 625
171 271
75 598
557 466
319 933
543 507
82 235
631 457
154 123
490 420
752 524
669 638
144 669
969 254
725 711
968 219
319 564
452 385
161 365
163 34
179 830
665 660
25 454
599 440
796 945
825 275
580 88
599 505
467 117
24 279
969 368
416 663
800 183
258 746
399 341
919 198
233 368
583 162
965 626
189 756
125 859
735 732
305 377
603 908
258 895
431 342
539 112
409 446
828 802
644 76
491 990
627 62
181 592
368 416
766 893
309 694
652 300
607 37
272 490
264 183
676 127
679 768
627 40
939 467
544 31
259 648
479 337
212 24
478 387
442 549
373 118
187 818
523 651
320 260
457 956
562 475
577 911
964 400
393 693
135 342
577 718
465 802
832 199
746 300
626 213
10 751
907 559
271 217
146 836
701 16
34 334
612 207
262 789
778 502
436 950
394 175
580 750
162 43
841 378
35 623
708 941
440 194
901 894
376 608
247 412
600 65
160 474
17 749
997 78
153 844
571 969
32 250
862 188
962 731
265 363
160 629
921 489
480 498
479 171
353 627
82 48
944 607
461 654
511 733
862 769
486 220
347 65
804 588
97 532
543 223
666 100
161 596
294 176
322 211
912 811
493 619
998 197
616 227
48 997
986 968
316 151
76 276
593 282
71 112
425 129
174 29
966 414
284 972
315 107
27 313
122 972
765 24
313 127
144 81
998 788
499 346
556 409
836 785
646 368
910 333
326 734
104 546
295 663
943 602
545 369
11 611
960 525
872 2
833 821
41 583
270 666
952 297
464 980
125 801
141 843
17 737
518 400
370 125
764 483
549 691
551 171
980 82
602 201
32 277
780 355
645 417
2 208
33 51
853 434
553 517
486 474
799 146
64 189
348 847
941 794
551 544
718 476
586 676
475 923
184 864
383 200
898 502
512 119
179 768
80 17
76 287
489 887
129 799
260 902
330 748
329 219
161 557
300 224
266 865
517 610
813 636
438 994
466 779
538 400
390 139
879 600
617 343
528 936
145 237
702 117
607 325
788 432
480 833
254 492
452 566
629 719
666 173
143 920
584 648
621 749
881 823
332 63
902 177
871 947
899 459
887 369
532 447
176 211
755 23
281 11
762 924
185 182
330 322
384 578
821 166
24 903
347 396
550 858
445 339
848 359
966 469
554 954
528 120
122 887
887 139
497 705
881 91
39 334
428 674
633 726
690 356
581 786
841 699
272 808
485 443
726 174
706 566
121 574
255 802
968 213
46 678
700 502
846 951
139 101
519 51
67 860
733 146
187 489
562 319
659 81
954 129
61 445
561 654
316 131
225 337
584 143
330 60
411 736
746 304
192 590
833 5
102 1000
404 188
745 596
941 312
201 316
109 633
350 941
212 971
495 641
315 986
752 158
946 298
560 764
102 874
705 182
552 194
864 997
63 939
372 993
289 945
1000 29
240 262
915 456
619 828
570 79
565 59
680 245
707 769
20 109
891 174
421 666
99 140
19 715
988 82
950 36
999 259
913 611
996 830
415 236
210 216
80 852
106 114
157 615
682 461
277 249
302 825
557 747
382 590
161 759
693 363
507 839
225 566
291 995
650 154
463 249
493 854
101 408
301 884
67 140
208 111
392 607
202 55
511 978
963 115
92 559
655 976
71 976
276 598
298 104
890 506
592 65
128 562
583 278
112 450
27 183
198 818
115 103
370 248
222 26
939 903
144 943
403 124
43 239
196 201
407 512
298 105
831 664
792 374
306 473
940 374
891 653
496 810
246 714
90 369
207 639
891 29
97 461
875 143
540 967
622 849
725 352
246 960
154 849
146 48
465 667
489 114
793 429
725 979
533 609
283 377
860 7
202 221
769 353
661 221
497 537
968 930
542 739
713 514
883 294
977 805
570 991
387 807
854 778
347 13
617 891
905 121
11 226
122 50
785 275
915 623
76 223
176 160
603 282
766 398
302 576
596 621
536 150
646 386
448 310
926 983
126 821
472 22
514 73
298 357
217 838
199 146
188 772
847 908
730 127
910 191
308 655
918 950
7 670
701 944
782 493
852 116
349 576
69 253
222 963
380 577
894 558
70 328
865 111
518 640
959 880
496 823
886 818
849 608
583 203
891 828
277 491
126 978
852 706
905 614
380 878
463 616
577 244
41 986
371 724
573 278
442 545
609 705
355 683
286 612
440 457
165 56
916 516
840 156
283 895
401 783
36 472
17 402
799 889
450 293
237 141
864 636
196 648
38 187
202 956
252 627
815 804
230 289
541 938
650 263
401 826
22 975
705 700
149 819
592 824
663 651
848 703
227 155
242 615
430 670
242 281
203 700
486 176
709 677
950 591
67 549
546 898
739 626
70 752
131 669
278 852
211 159
690 750
224 86
200 839
76 495
58 753
312 158
343 139
897 266
961 92
725 901
219 23
180 503
916 496
167 937
355 58
896 804
869 848
353 369
536 215
917 980
5 249
798 73
163 270
818 699
631 858
330 717
752 333
555 499
954 12
135 2
920 106
912 933
374 768
500 785
299 739
895 806
825 252
482 297
112 20
252 730
864 569
370 700
555 207
755 730
46 469
543 256
90 500
782 800
593 106
680 209
184 923
460 449
70 780
562 602
686 74
724 270
896 49
727 421
243 783
135 56
171 85
297 401
95 700
196 926
204 760
504 980
861 805
947 64
899 257
487 445
993 758
428 612
421 345
59 982
613 303
239 36
658 9
627 716
243 710
645 372
614 734
896 887
626 966
247 364
207 475
482 871
873 66
574 224
140 585
406 789
481 827
319 352
358 29
443 134
549 456
221 383
761 113
425 172
645 807
619 708
214 970
186 648
883 885
464 170
761 738
509 660
575 474
360 990
328 133
740 744
544 429
350 350
926 387
39 196
943 469
612 812
735 238
188 27
787 918
43 231
377 396
591 740
633 332
428 131
108 204
521 414
850 491
451 544
894 450
800 284
165 525
799 109
508 645
398 378
884 675
635 603
812 177
305 845
135 657
237 392
789 409
874 168
0 410
943 702
938 785
110 879
822 28
250 51
244 955
30 493
40 207
23 759
676 527
631 499
260 932
652 848
924 616
747 893
996 106
55 518
258 649
953 442
17 142
385 427
670 524
486 854
696 789
530 170
815 967
749 104
818 73
5 840
410 981
442 953
214 179
809 799
713 573
748 164
1 356
640 766
978 450
675 147
335 1000
832 602
608 847
260 953
989 810
124 704
55 128
166 468
515 16
897 967
813 152
293 751
215 220
592 432
573 681
291 315
506 777
475 434
381 455
278 436
286 688
870 261
861 813
510 509
780 533
269 702
806 208
306 733
405 484
821 730
376 686
596 714
844 184
740 913
620 869
629 936
889 525
210 786
679 367
731 372
581 271
50 903
919 148
613 309
614 992
767 802
102 139
110 676
644 920
332 40
374 952
829 212
427 400
100 584
288 867
68 833
925 83
287 42
255 951
889 242
483 738
347 934
502 79
72 536
661 304
218 993
162 114
328 326
256 532
836 762
922 710
901 985
234 499
975 414
609 125
617 155
337 12
140 670
318 612
203 779
627 872
148 817
272 126
761 298
321 152
462 930
725 952
46 891
177 45
448 883
528 616
446 783
937 524
922 394
675 472
920 703
807 568
538 900
295 537
265 212
296 788
611 717
69 136
150 95
365 324
678 386
89 652
232 146
568 62
303 91
8 594
987 964
244 193
396 548
116 119
558 642
302 738
736 229
228 932
93 238
761 714
883 490
606 487
108 286
312 860
28 646
554 890
199 160
522 802
999 10
32 331
428 746
403 977
701 648
588 363
0 820
197 185
86 984
629 680
849 299
538 583
757 740
872 664
992 265
896 565
678 835
64 636
423 954
297 58
491 751
114 10
508 662
43 931
416 532
88 30
217 829
381 380
758 420
429 990
159 14
977 517
549 44
789 560
237 39
180 341
828 741
566 374
170 995
297 97
751 406
617 20
455 864
222 969
642 528
0 852
125 969
888 328
586 173
855 324
833 882
670 759
341 775
851 904
930 131
332 165
744 213
243 820
394 393
491 761
356 894
480 487
673 113
177 414
4 41
945 739
766 703
251 590
755 56
481 48
709 280
308 581
766 141
69 29
717 110
348 730
113 125
946 747
879 219
980 45
486 979
865 141
660 850
53 522
467 679
432 485
927 687
791 72
618 808
786 18
683 978
977 810
543 999
520 317
991 89
755 717
974 902
316 183
646 890
950 422
1 509
371 956
661 614
331 752
416 839
86 225
615 267
459 128
852 650
279 686
454 128
299 397
637 192
911 179
388 799
494 928
254 758
241 124
119 542
73 444
303 873
216 147
524 704
497 925
645 638
698 728
704 392
455 376
430 185
553 284
334 689
383 951
212 699
884 851
671 464
455 833
936 17
720 429
950 698
231 698
222 467
159 67
716 281
370 871
369 767
0 725
943 904
691 863
121 199
138 482
607 725
766 519
912 88
526 683
202 788
905 787
459 862
205 517
256 667
174 226
538 482
983 654
13 376
252 784
846 104
608 48
891 96
72 696
558 688
327 556
107 308
730 354
408 591
61 870
118 852
521 230
924 1
78 211
177 177
526 444
882 191
578 179
694 945
535 344
42 571
759 667
72 69
987 542
502 673
963 764
785 325
571 780
547 210
236 417
687 545
444 858
580 149
588 778
299 849
928 270
140 701
617 130
631 740
385 729
122 530
993 202
883 380
335 85
518 639
100 213
522 461
800 566
817 507
344 643
449 200
522 947
978 487
961 15
941 71
187 357
672 211
654 970
751 438
57 654
897 945
906 834
382 586
454 389
696 937
779 597
132 677
813 88
351 934
520 64
686 926
4 501
899 596
402 942
771 588
363 559
234 287
121 728
675 11
749 966
993 946
600 70
335 519
794 58
49 819
840 797
15 904
532 167
448 528
918 680
375 9
244 602
5 192
765 528
344 62
303 35
209 85
932 683
686 603
378 826
625 948
967 402
880 971
53 774
765 628
963 279
855 878
149 50
413 52
44 562
837 716
50 752
365 143
147 498
459 841
65 475
257 196
248 247
581 335
923 522
516 764
427 970
835 280
185 275
804 855
604 206
897 149
32 370
119 757
594 723
591 51
897 1
248 737
136 998
974 638
539 858
30 615
409 844
168 235
35 938
250 544
553 569
593 710
595 62
113 231
510 545
827 796
7 717
2 906
356 236
379 414
444 474
944 130
319 856
59 471
600 992
160 689
491 409
101 241
538 248
531 846
853 479
278 560
22 834
475 57
15 959
485 623
443 307
400 258
692 655
199 596
628 697
367 342
707 605
792 87
752 376
389 619
804 221
380 348
405 467
962 650
878 757
25 434
131 176
552 773
251 784
691 883
128 231
732 826
812 404
538 477
771 562
846 13
33 897
618 505
748 400
318 874
147 398
705 139
42 993
488 159
844 168
240 219
761 208
951 799
793 963
995 651
386 912
75 92
508 794
674 972
410 978
63 726
291 907
244 903
96 841
81 235
800 401
673 514
979 957
118 20
321 961
246 176
462 391
224 471
398 352
178 481
506 990
555 909
978 42
579 321
344 868
771 43
183 352
353 175
993 179
928 564
441 394
257 848
181 164
942 451
33 442
854 241
947 905
569 443
148 472
139 363
76 937
119 795
934 504
515 465
512 587
785 547
253 770
694 577
626 833
493 562
855 116
319 838
910 832
604 656
93 634
286 44
998 605
915 690
785 351
994 664
95 475
231 318
152 540
788 302
358 497
791 772
920 20
118 376
329 99
747 510
265 346
558 717
447 763
954 513
462 763
942 962
114 713
696 553
377 202
597 534
328 457
147 440
511 732
689 353
727 93
266 817
140 935
659 149
375 940
246 994
520 603
754 971
418 727
804 90
317 122
886 839
921 435
330 708
953 561
76 399
594 918
83 399
307 214
276 886
973 520
90 350
65 610
43 893
204 971
131 374
782 905
488 895
923 204
308 963
113 696
272 643
854 661
235 125
611 554
981 362
654 355
390 965
354 709
785 711
615 802
23 587
855 663
842 937
289 511
312 532
189 105
607 986
147 862
906 450
732 584
168 230
11 262
540 136
23 338
11 380
338 588
762 678
679 135
738 281
218 73
875 413
749 237
241 961
85 953
681 688
132 484
561 164
665 4
626 153
405 728
26 704
616 63
627 671
962 656
963 936
910 859
915 934
468 780
406 907
331 410
0 940
283 429
164 895
481 631
194 197
723 30
335 160
146 986
691 94
750 746
510 802
515 925
918 736
238 155
764 703
600 970
417 582
646 552
40 58
170 255
770 478
873 653
92 996
263 868
696 271
818 900
590 367
592 664
687 438
253 523
85 475
576 766
879 616
186 464
421 733
687 282
348 713
79 649
840 681
687 435
859 508
851 81
988 328
85 635
828 433
906 697
456 761
65 343
514 888
226 482
316 38
952 786
826 680
987 718
876 379
964 170
473 27
108 916
414 375
736 85
115 472
787 148
182 711
500 103
888 727
860 209
144 828
142 414
100 306
524 837
84 11
309 462
996 516
836 852
127 976
874 602
695 10
364 106
164 147
387 876
901 132
157 745
354 239
588 61
846 170
462 506
121 202
532 86
717 421
831 578
936 922
778 395
793 303
731 387
297 163
193 915
377 179
915 858
795 504
700 613
218 516
572 552
540 392
330 767
502 886
764 125
450 750
937 528
853 274
250 468
337 38
195 136
279 875
936 707
96 71
216 178
430 926
413 926
813 976
235 358
855 160
189 228
690 237
652 469
428 47
521 657
505 615
900 780
449 764
137 311
78 529
536 268
287 810
615 451
870 154
408 537
244 177
677 615
679 701
77 249
45 769
997 364
963 659
441 193
153 612
920 903
283 662
318 474
853 310
592 620
266 998
326 687
902 453
540 800
309 9
567 225
910 283
465 46
323 109
776 232
167 190
989 704
658 539
106 197
564 112
217 315
55 779
696 212
17 680
548 641
501 133
282 780
801 788
338 322
610 87
195 276
530 589
605 372
390 576
671 200
942 598
72 108
615 380
272 518
859 509
250 746
497 604
117 379
989 759
630 268
495 53
171 374
525 896
606 186
288 314
212 9
554 274
139 427
126 359
855 21
0 155
167 510
942 589
889 955
179 478
779 460
39 103
149 540
566 33
610 528
15 772
891 443
584 785
903 15
926 772
722 868
847 217
86 446
684 991
901 24
261 412
353 287
563 12
849 850
116 896
611 450
512 125
866 868
886 867
759 189
654 778
635 187
639 641
760 641
936 169
591 830
98 392
9 418
264 919
611 483
774 604
548 96
509 393
791 538
120 371
895 839
132 68
137 131
659 700
381 11
855 32
363 864
715 497
110 895
573 481
369 828
890 898
739 763
597 473
146 639
453 573
972 1
697 925
52 150
429 395
603 993
638 842
181 575
98 639
976 503
402 910
241 508
9 555
158 923
245 228
414 443
103 706
735 207
599 77
436 772
494 392
392 785
552 975
32 691
300 56
505 629
184 706
490 459
836 505
87 256
702 73
795 81
861 974
587 549
990 895
819 82
738 34
821 731
81 55
866 665
197 624
305 213
190 4
539 555
322 591
190 569
293 418
982 4
54 888
594 933
25 450
530 243
591 215
472 565
396 290
292 693
709 676
230 757
680 177
198 35
47 386
694 261
539 723
763 919
145 380
89 206
827 838
447 452
219 700
874 884
795 323
304 524
727 894
274 662
429 772
871 554
140 95
221 884
899 77
621 607
837 198
846 668
112 496
823 988
297 177
53 763
916 622
299 356
71 590
121 187
115 422
504 132
252 715
357 958
130 384
35 95
59 69
474 287
157 212
548 375
899 80
680 848
957 778
670 781
732 443
145 182
913 461
269 699
229 708
815 501
319 369
809 976
140 988
401 7
194 318
827 76
964 373
0 266
773 562
653 36
996 637
605 342
477 324
425 943
651 885
976 557
289 149
49 838
277 704
57 883
54 567
492 953
968 305
53 794
891 76
508 167
366 512
838 810
283 202
578 44
439 71
699 291
448 691
70 774
720 775
809 976
760 133
535 816
730 113
425 257
618 71
975 445
112 165
949 206
774 67
656 540
894 550
270 726
883 480
508 998
101 501
210 336
529 1000
875 932
125 230
775 238
580 723
168 841
961 484
884 445
512 989
732 634
790 928
413 909
209 74
734 982
65 1
527 172
881 813
620 715
13 415
531 853
520 115
13 444
361 11
311 248
635 474
485 576
918 272
74 448
838 451
965 57
387 167
190 854
410 204
616 102
178 162
879 996
707 126
274 429
360 42
107 283
350 502
140 800
14 426
273 604
278 869
429 374
315 336
24 796
938 677
395 216
451 570
202 532
599 9
551 202
846 237
871 180
681 21
340 94
951 73
254 219
679 971
217 894
197 985
106 120
847 474
829 61
700 891
465 664
992 928
640 892
102 330
326 667
412 973
299 588
123 134
376 972
205 229
508 539
525 960
320 880
842 84
72 356
791 12
751 787
683 985
163 76
508 927
287 925
82 278
737 552
654 479
497 440
627 379
997 575
781 122
988 593
564 503
74 142
627 965
124 278
80 423
768 851
673 936
79 620
837 863
727 185
671 364
616 766
283 687
159 187
449 330
142 235
841 499
24 964
247 425
1000 106
224 209
627 104
372 984
193 992
11 491
343 268
189 772
273 572
445 108
160 413
106 77
722 573
961 117
43 422
286 254
541 214
20 290
312 961
952 98
129 971
78 582
881 432
607 982
44 953
64 866
164 956
268 719
183 731
154 368
586 865
821 319
331 587
668 8
396 739
82 2
284 81
521 758
494 98
41 446
1 150
541 323
759 566
545 905
678 387
547 888
308 247
146 3
432 874
864 755
932 518
901 186
961 217
712 99
898 80
401 943
567 903
561 810
584 941
268 49
107 336
9 250
973 141
642 814
396 202
615 206
131 907
601 76
993 211
249 796
547 209
585 570
426 745
139 845
857 205
458 66
673 416
207 910
486 646
576 497
127 848
808 820
214 247
571 828
464 429
96 862
990 527
766 347
374 481
199 471
31 456
306 255
113 175
728 799
329 26
677 531
630 859
4 92
255 419
801 729
973 858
547 466
874 117
975 308
751 1000
80 784
12 580
167 703
445 302
997 932
77 254
963 572
290 685
94 101
68 792
953 963
283 866
31 487
167 254
434 499
528 489
350 818
984 123
509 738
615 370
299 360
595 108
163 633
299 195
143 549
980 523
750 950
757 71
646 516
746 767
394 870
864 365
680 869
739 100
807 754
414 255
467 195
167 527
437 70
403 161
660 798
575 755
249 509
2 427
720 802
946 958
499 473
381 445
77 662
913 890
717 41
33 649
988 136
569 677
115 498
789 520
379 932
741 569
420 57
430 571
311 664
775 967
667 28
339 288
213 660
771 163
149 924
108 542
971 538
930 1
854 841
536 878
376 829
196 969
573 359
989 938
305 551
982 806
561 235
478 75
196 800
355 520
1000 951
495 933
639 287
489 391
782 124
266 252
769 466
134 440
325 678
792 812
913 257
990 984
318 234
599 711
196 701
727 95
845 946
852 654
114 473
942 208
513 67
375 329
668 752
914 8
832 749
234 264
44 373
409 486
736 387
407 88
99 765
797 254
444 477
833 851
823 410
200 413
40 316
833 117
692 825
631 818
418 427
651 237
339 296
905 669
74 394
868 102
291 746
844 575
525 786
451 606
20 493
321 388
165 288
302 123
394 588
988 177
994 487
390 17
116 469
165 243
69 799
728 884
433 459
220 992
378 21
225 8
438 827
173 387
553 78
965 144
589 253
316 459
517 449
417 534
521 424
134 596
947 208
51 719
74 981
825 629
24 898
729 50
499 574
312 247
937 512
229 755
817 11
838 253
646 837
226 536
569 237
399 530
933 279
653 198
100 112
566 793
121 925
597 286
153 948
320 668
924 290
182 180
138 521
657 335
858 445
775 267
605 267
290 859
118 739
49 129
118 843
726 194
653 402
762 283
518 912
331 188
7 138
270 535
31 384
151 213
754 242
393 173
604 391
958 56
140 275
601 615
601 361
231 746
174 895
319 272
878 760
208 416
38 456
715 323
632 201
545 747
263 564
630 709
400 297
75 770
857 423
320 464
238 647
499 718
284 69
886 346
22 896
577 53
43 981
945 174
400 362
990 704
705 753
577 208
892 980
510 270
517 892
909 783
764 652
26 236
388 343
923 383
748 861
153 713
421 769
375 501
420 874
696 524
42 503
709 615
352 670
396 979
414 708
188 216
640 611
432 402
0 882
202 421
542 873
211 358
467 320
303 252
180 654
244 341
19 373
273 956
227 938
845 181
33 670
907 2
67 226
638 572
55 486
782 800
701 136
536 937
337 908
213 518
442 533
335 123
855 593
352 636
560 7
429 79
784 704
847 522
197 676
642 512
535 659
150 161
232 568
13 29
431 328
110 221
798 69
66 108
709 21
556 159
718 268
104 61
419 842
362 388
898 981
996 28
918 446
692 163
197 132
850 471
744 288
794 827
87 201
713 634
153 922
97 930
718 26
867 862
905 639
935 886
729 751
942 133
520 535
573 355
862 398
238 333
305 187
482 161
737 658
394 772
566 779
613 904
236 231
54 330
335 86
695 634
561 587
874 699
241 793
488 565
3 540
791 209
570 986
926 811
589 317
375 596
421 707
654 983
599 924
894 89
752 729
996 394
680 773
765 9
734 707
150 229
818 573
125 875
491 654
878 585
428 598
414 891
786 809
518 623
557 809
631 386
186 22
784 403
247 165
516 405
139 993
689 394
279 195
986 121
433 441
644 463
169 586
530 284
682 11
594 913
828 350
89 20
526 2
512 870
992 340
413 975
44 282
703 462
955 145
296 812
172 772
629 560
868 821
204 602
570 582
906 311
837 965
911 806
711 868
857 977
68 647
992 991
471 769
223 135
472 646
29 561
463 93
420 904
156 300
332 190
690 770
476 936
815 460
818 72
957 511
241 590
317 718
683 445
582 616
490 587
401 692
376 688
801 979
370 300
991 1
823 275
249 995
930 296
150 801
408 833
349 364
75 124
461 163
899 450
211 270
993 645
639 457
551 308
98 958
754 770
313 954
273 12
251 186
283 760
915 250
732 414
541 825
603 374
324 624
11 742
186 338
562 953
717 363
937 71
223 309
749 362
324 901
563 991
414 59
640 914
379 870
33 821
565 895
323 310
877 74
511 210
717 794
886 866
850 934
261 344
601 178
579 393
417 731
880 622
14 18
973 431
73 890
620 244
224 398
196 339
464 244
974 955
109 235
861 58
331 657
686 255
18 864
548 673
987 875
408 559
553 441
835 602
551 348
108 481
455 117
731 968
750 853
146 220
601 81
459 804
85 139
569 836
241 668
340 297
868 211
631 543
479 105
666 726
50 113
348 549
258 851
521 374
31 807
367 173
437 214
974 5
551 552
276 465
265 774
949 664
642 567
368 137
473 946
856 266
91 794
857 743
692 826
834 134
598 794
203 466
487 53
597 807
406 536
398 251
608 137
11 421
428 813
861 681
993 895
56 340
661 947
153 44
509 738
243 312
16 921
135 151
89 504
377 456
378 646
761 890
716 241
732 673
7 321
919 205
55 792
79 238
461 583
308 836
387 931
929 905
831 140
920 223
323 454
904 822
377 90
409 906
305 15
592 297
671 886
210 218
365 491
357 922
120 705
504 440
170 296
124 163
505 791
413 449
10 753
98 978
254 181
938 747
362 354
850 628
767 66
819 227
473 755
319 624
822 541
760 199
506 800
805 806
114 455
438 134
573 117
4 983
115 845
100 897
445 105
943 608
433 812
461 980
224 418
355 532
588 757
974 666
502 725
258 511
413 42
265 378
570 757
7 533
508 555
703 815
290 650
540 658
390 814
89 276
947 195
858 479
322 843
392 930
245 948
607 775
537 438
798 581
196 165
170 474
611 493
514 275
431 703
882 958
156 608
901 669
199 743
284 487
383 83
979 316
197 888
408 836
816 652
548 332
449 311
824 890
299 157
896 795
36 160
526 436
748 639
143 462
417 682
286 492
555 708
706 959
642 974
897 422
903 677
361 806
987 9
329 663
691 706
979 385
677 610
9 972
823 480
523 777
244 667
942 479
791 374
801 294
235 760
325 100
942 921
683 402
309 142
183 266
889 317
298 660
458 539
479 470
900 163
39 423
156 558
350 571
420 543
949 828
575 666
773 345
606 874
891 110
139 136
794 277
591 289
918 530
661 533
166 121
446 823
678 878
226 959
263 289
329 667
722 901
820 928
27 846
106 737
753 727
720 909
253 1000
914 575
235 828
436 153
790 828
740 722
888 379
568 723
811 259
289 812
5 813
241 129
472 183
63 583
127 119
410 535
997 432
122 36
785 123
251 834
846 656
934 274
445 871
622 647
802 596
288 211
215 536
667 656
147 465
921 489
834 646
662 592
918 951
559 819
527 418
794 572
367 896
891 172
187 236
394 668
171 829
489 113
612 420
997 725
473 335
248 518
919 426
150 670
801 363
346 756
748 972
788 735
256 908
704 469
317 416
734 78
654 141
871 668
365 339
744 630
343 331
335 597
843 858
924 583
1 28
558 466
158 207
143 592
3 360
397 802
322 294
698 558
964 317
338 71
130 228
196 766
668 435
256 525
448 937
230 88
101 727
585 382
760 731
111 744
202 875
687 251
477 614
239 723
870 296
876 749
235 963
26 460
246 133
855 347
452 826
303 723
573 966
420 824
808 197
900 335
767 635
920 167
939 230
456 456
857 348
798 706
597 382
530 762
627 501
17 241
90 447
329 537
310 909
475 230
361 716
739 820
677 907
21 323
621 683
188 375
590 797
775 507
479 305
35 635
383 627
297 72
677 17
633 486
34 243
28 960
713 721
301 232
708 521
305 384
777 977
297 335
923 940
691 950
200 58
105 85
845 649
814 787
375 896
581 56
155 835
291 83
164 781
70 947
459 1
172 179
248 769
97 845
109 587
373 925
146 244
28 39
945 439
103 204
762 884
947 205
130 952
90 803
999 213
884 619
408 623
267 906
520 345
452 658
474 749
320 914
889 795
104 786
943 780
997 519
774 923
200 227
432 8
385 654
237 482
121 655
695 686
893 752
873 272
829 820
689 901
171 965
769 12
407 113
707 687
77 344
197 505
523 238
894 503
678 517
286 27
704 353
131 730
724 489
0 154
497 151
356 19
571 921
802 921
835 151
992 999
789 24
678 586
802 322
407 59
94 919
509 719
107 499
318 691
642 332
60 414
610 135
597 738
157 863
733 842
733 966
716 291
461 783
799 972
352 818
103 339
607 822
866 20
450 628
169 655
872 778
759 912
839 2
992 362
436 622
905 340
914 327
35 801
124 956
694 130
618 384
311 962
641 825
361 480
576 457
638 10
713 871
89 475
968 410
150 643
63 972
3 263
485 440
260 99
909 229
758 710
582 709
913 233
499 814
401 140
599 894
415 952
310 833
959 327
390 456
957 983
494 755
88 668
608 735
497 341
605 426
361 205
499 958
58 577
525 633
736 822
528 592
483 365
633 794
844 256
52 817
929 115
743 744
0 478
647 511
240 483
36 216
555 839
679 112
800 71
861 616
227 451
969 755
558 29
875 258
270 967
129 775
613 34
661 535
518 772
837 357
378 962
965 158
566 900
415 890
367 420
654 274
578 314
194 648
606 441
813 158
45 15
739 414
850 312
328 692
652 401
20 58
917 291
263 84
671 650
172 12
729 627
750 488
652 176
409 383
7 816
44 101
824 541
81 57
270 667
775 525
479 878
16 719
779 237
125 41
848 674
62 929
454 779
55 99
544 871
40 554
821 621
23 647
651 807
632 505
800 623
560 429
486 75
625 841
311 262
59 368
375 53
844 206
234 356
53 76
581 662
359 972
81 481
563 354
110 989
945 498
257 287
967 375
350 612
230 478
73 507
448 353
231 556
853 724
576 139
426 670
275 984
809 390
410 941
305 723
342 707
888 250
765 801
826 375
502 202
459 691
554 191
602 801
178 974
106 293
294 421
117 786
925 321
283 222
627 519
143 897
72 462
48 161
791 257
322 180
621 222
844 966
298 356
57 59
821 270
563 773
476 109
377 331
237 534
378 528
333 816
760 897
36 439
222 961
336 665
99 119
968 89
547 723
300 605
899 426
531 346
351 904
815 603
273 365
896 2
830 751
602 812
182 839
362 619
430 141
334 776
547 80
639 735
962 982
403 918
725 695
427 298
927 853
15 672
660 676
738 699
585 488
214 405
445 502
367 571
715 758
167 536
225 337
694 425
145 915
852 211
198 280
495 511
840 427
718 654
118 433
73 374
434 605
67 539
195 892
278 712
483 828
690 498
634 297
377 210
353 958
730 925
228 277
51 896
882 872
160 187
114 327
354 5
343 947
520 376
95 30
401 244
125 530
387 976
672 206
846 416
594 465
251 464
327 503
371 323
730 353
426 403
943 199
757 41
43 83
800 961
974 362
910 954
45 141
561 474
397 898
272 449
703 868
305 897
130 708
425 873
326 648
698 82
730 875
894 731
328 550
862 257
427 97
878 522
987 904
186 180
1000 679
130 34
945 721
521 200
499 932
568 147
313 951
70 940
373 969
845 321
635 383
317 259
430 655
347 22
156 396
972 348
52 734
24 407
594 853
596 229
65 756
860 838
163 218
201 724
361 260
341 228
917 185
415 834
605 851
553 268
151 673
289 731
534 966
301 346
597 80
800 882
612 836
260 268
150 215
830 363
739 694
446 167
477 160
411 317
594 776
418 103
515 783
186 391
821 666
582 394
399 376
522 395
710 676
126 547
509 460
629 438
728 741
456 361
393 859
683 365
685 763
826 435
546 94
565 327
630 379
514 341
635 797
780 612
850 436
392 237
437 689
649 876
741 215
180 125
32 332
318 239
743 513
33 18
27 628
918 613
64 601
129 470
262 508
170 972
395 337
848 404
362 936
342 692
401 437
542 468
567 729
980 986
351 948
783 843
957 545
21 815
30 262
570 189
493 569
105 49
397 846
683 696
415 107
562 513
384 243
252 10
243 723
448 863
924 797
698 73
797 514
7 390
483 980
764 824
951 870
527 790
653 375
26 474
120 917
547 845
176 666
889 732
487 912
555 638
480 840
147 275
803 44
436 556
153 813
902 454
707 324
744 616
773 557
960 510
212 814
451 747
729 537
526 854
236 846
150 42
827 334
172 497
316 446
148 303
529 499
619 143
255 259
814 498
418 540
773 387
98 651
940 253
672 301
770 43
243 554
123 483
379 111
481 243
778 596
792 82
150 292
647 542
848 232
506 413
807 950
765 1
114 99
692 948
320 638
739 490
287 236
316 299
310 245
526 71
139 500
98 367
458 928
749 628
742 417
705 326
542 830
260 681
484 674
463 989
395 846
816 64
222 248
747 877
247 781
192 814
163 613
58 686
409 657
176 119
826 639
275 785
220 106
919 206
521 389
361 225
933 519
254 974
711 873
502 865
520 247
779 935
174 374
728 14
806 909
292 394
365 899
137 643
334 236
580 824
819 488
331 927
869 512
382 525
120 141
638 630
440 337
505 217
67 908
187 632
907 252
785 885
728 607
895 354
324 229
373 401
805 371
410 159
185 771
719 81
432 157
344 792
527 262
159 834
577 682
810 694
602 899
798 894
267 28
750 149
618 401
12 736
950 456
314 19
628 708
302 585
936 768
443 136
922 251
283 979
408 842
900 616
729 488
667 217
332 173
851 711
239 88
278 86
257 245
316 559
710 830
847 893
681 500
669 159
404 986
850 854
619 288
888 40
725 826
608 138
107 442
908 563
508 73
522 765
143 828
609 197
360 604
939 384
525 360
990 604
294 364
209 581
205 898
241 401
845 428
568 762
226 703
323 835
301 515
947 64
535 551
632 330
519 929
965 189
879 326
137 515
801 578
710 130
473 967
279 285
17 836
551 121
379 961
709 477
768 295
779 304
377 18
955 249
531 293
265 149
708 776
207 146
379 813
125 830
596 122
317 902
875 340
825 913
568 430
739 586
319 181
205 130
54 370
119 486
438 323
798 737
613 232
501 447
925 228
949 125
992 805
115 525
322 679
583 866
404 758
778 382
859 637
489 660
557 703
731 443
317 663
429 284
567 210
77 725
551 660
712 477
994 137
972 309
496 774
89 526
454 866
43 166
243 629
825 772
547 295
127 307
984 996
723 975
574 60
341 822
54 176
119 214
871 669
421 530
739 572
138 710
377 622
808 708
569 648
636 497
877 807
994 570
950 734
824 152
222 519
17 364
904 138
581 236
57 909
412 579
268 162
949 71
670 946
498 624
683 960
292 176
278 480
935 765
175 148
354 468
119 36
862 522
824 21
438 216
618 88
318 260
753 224
451 205
372 741
674 690
818 103
553 606
625 483
940 446
205 142
93 358
87 232
552 942
571 397
870 261
305 206
963 372
999 848
933 324
516 634
614 439
783 858
483 776
108 312
224 570
449 155
114 396
212 734
523 259
384 925
821 793
703 606
596 944
112 722
984 896
579 605
160 106
442 777
474 96
448 900
577 273
175 289
474 452
255 263
648 853
235 39
795 405
60 739
164 350
497 898
477 192
97 764
831 115
871 72
943 849
598 598
865 465
956 364
658 628
948 997
221 897
183 298
386 250
933 44
529 465
19 68
504 387
431 985
175 692
784 939
817 168
913 883
266 749
640 472
794 556
286 899
291 148
146 384
46 570
818 36
78 439
106 7
206 311
774 181
445 1000
383 381
856 680
384 55
440 269
140 823
581 166
184 539
22 8
494 536
926 214
867 456
641 158
137 635
874 579
131 102
285 529
748 984
348 464
108 765
223 258
758 354
858 90
502 589
914 812
43 397
700 300
488 167
109 317
78 634
881 367
209 860
221 991
567 975
738 15
505 716
967 819
472 976
648 283
348 849
317 181
567 237
1000 792
323 516
694 495
973 253
571 40
663 426
217 216
612 190
759 18
84 41
133 386
180 243
930 919
10 743
275 705
344 265
25 714
59 792
483 536
789 51
542 234
194 235
30 204
37 467
627 168
111 219
102 155
599 597
123 441
431 406
46 935
965 221
485 131
467 255
313 232
401 945
649 669
753 359
617 766
370 300
580 373
791 637
481 207
465 960
989 853
811 225
935 549
418 5
174 26
217 852
54 734
662 51
66 975
306 791
601 938
490 967
947 578
159 265
504 142
363 1000
940 549
255 31
753 316
343 455
25 718
128 667
440 871
253 822
735 954
164 720
323 993
393 502
606 867
596 810
324 58
249 610
586 304
822 409
999 115
848 417
297 73
764 310
943 552
386 236
89 425
942 326
192 480
328 325
394 255
382 15
721 439
140 638
504 452
540 772
960 960
716 190
808 473
164 511
229 511
155 126
944 585
610 722
362 124
929 475
354 286
205 845
295 922
331 930
759 196
5 401
553 255
349 416
867 937
817 369
54 943
451 726
868 183
23 236
810 891
405 459
815 514
717 420
726 60
814 207
70 397
243 656
823 934
862 400
944 275
888 131
765 966
946 453
105 376
85 78
130 237
865 974
898 842
551 137
951 148
716 484
378 75
907 899
31 355
93 971
845 251
267 971
625 75
87 725
728 785
981 753
648 543
678 759
35 255
184 215
425 570
913 326
729 536
558 966
51 936
831 390
525 385
895 29
171 723
595 540
914 747
260 229
857 908
230 301
666 691
132 146
603 495
425 593
786 354
914 966
959 658
278 323
780 26
893 371
275 142
751 157
464 169
630 19
162 973
439 211
463 237
151 185
211 364
829 97
349 125
475 317
904 608
91 729
257 651
643 583
720 86
153 467
973 646
690 196
802 159
226 287
642 873
137 410
824 521
830 141
645 379
338 592
178 65
365 435
785 789
732 195
725 191
294 72
292 385
891 732
851 963
154 963
155 908
791 340
201 965
142 685
349 910
821 279
789 731
970 24
515 731
192 259
322 712
512 833
449 60
137 234
956 972
927 497
651 865
384 522
587 989
302 60
549 181
428 461
536 701
86 545
26 535
780 154
172 845
608 250
56 955
638 501
186 147
643 456
821 95
254 203
687 453
214 659
376 252
364 957
125 616
680 301
977 81
526 807
982 340
94 417
612 298
757 817
580 174
32 847
204 300
37 464
761 25
96 331
673 608
215 166
940 811
347 666
408 582
268 820
833 869
995 321
197 282
310 787
921 932
943 589
349 278
552 767
170 5
980 698
161 871
266 421
825 968
849 326
384 797
221 786
840 108
690 767
863 546
644 386
343 977
563 651
348 609
909 865
437 426
393 316
993 534
531 189
757 285
2 144
540 969
451 374
561 938
713 75
425 586
648 471
66 836
208 363
824 987
260 282
690 979
560 390
440 725
99 316
528 332
146 751
226 491
843 364
183 759
594 389
727 117
304 453
418 430
369 178
53 881
810 99
711 709
935 765
374 967
109 547
735 732
231 669
819 596
112 381
495 777
791 239
117 650
862 684
726 212
752 657
885 632
703 32
818 3
875 632
34 363
244 679
596 194
408 686
362 614
614 731
915 535
713 24
631 708
690 997
155 288
327 458
499 883
876 809
405 747
243 659
702 36
669 878
290 385
554 480
984 762
43 113
744 685
312 231
388 451
835 392
437 426
230 148
857 910
480 320
569 120
371 64
542 680
894 883
238 585
148 986
489 967
375 979
947 956
448 311
486 421
866 272
309 961
570 305
135 302
368 375
339 122
18 511
351 724
21 704
610 874
308 814
396 296
394 959
266 759
36 650
958 511
137 676
807 802
726 573
951 151
388 128
103 993
248 737
604 614
950 851
537 602
227 58
665 172
698 299
901 881
328 579
161 171
705 303
612 550
549 959
895 576
773 512
761 931
870 299
593 773
796 300
832 38
489 917
617 310
251 881
496 764
348 927
364 892
494 884
580 190
588 416
511 41
35 126
968 736
496 178
595 40
782 528
446 82
980 109
516 749
550 659
66 876
280 36
797 328
780 765
733 290
136 669
447 828
956 891
655 177
747 634
972 602
893 667
219 831
297 792
755 133
558 11
360 856
20 252
678 661
657 261
297 73
106 538
898 38
19 170
527 350
799 650
493 222
835 450
825 965
128 551
166 368
39 225
69 214
967 159
8 541
269 822
488 826
167 37
854 982
285 244
951 774
585 576
282 12
44 108
542 759
284 760
30 691
25 980
462 357
761 870
632 691
559 934
433 289
596 190
31 516
293 638
752 416
746 638
984 157
922 112
737 858
381 835
233 108
612 164
38 644
637 797
468 526
488 311
437 922
501 291
485 610
949 761
629 812
392 920
632 609
255 511
774 633
387 365
613 242
881 707
89 3
764 949
970 513
819 573
172 678
851 53
617 173
3 793
67 717
133 387
613 641
307 507
375 196
602 751
319 147
493 122
238 895
370 886
454 11
577 216
314 155
996 196
253 686
888 723
842 895
37 143
48 316
870 699
515 275
86 610
41 245
691 389
419 695
959 982
265 185
556 481
210 830
416 11
156 611
286 336
144 688
478 229
676 43
855 464
705 246
216 551
237 370
466 592
615 851
659 381
500 296
516 914
79 230
885 761
55 663
595 71
192 148
950 903
56 317
730 631
118 291
571 873
655 148
877 882
682 0
438 663
140 46
56 833
294 996
728 868
58 263
704 674
971 313
349 507
157 601
604 245
354 741
417 25
55 154
461 899
837 51
844 305
906 806
944 696
164 252
141 802
480 464
585 638
202 892
568 94
495 556
987 603
714 979
582 628
514 8
213 468
449 836
228 498
629 249
111 35
297 487
144 474
742 502
663 44
656 735
481 275
520 386
198 801
271 69
816 617
931 535
793 448
529 593
404 593
660 387
94 607
653 994
157 232
32 571
535 586
945 861
135 600
610 655
170 289
231 566
441 953
811 967
474 257
397 60
741 861
930 564
338 746
23 346
846 570
500 803
25 833
862 954
909 135
655 486
250 626
472 590
900 828
896 212
893 568
753 156
213 396
384 357
624 124
437 405
464 75
179 316
741 458
134 679
892 490
424 834
722 96
470 848
10 490
661 473
833 698
754 167
473 559
843 764
365 573
434 303
954 61
646 564
767 404
518 779
627 378
775 472
584 670
834 933
341 265
707 942
754 459
418 920
378 632
634 353
186 306
871 187
476 118
886 726
231 684
843 524
535 952
955 437
866 521
543 785
258 998
976 123
473 172
871 961
536 812
979 358
313 243
390 37
269 220
328 856
851 850
980 532
605 164
257 424
267 229
325 71
864 22
396 625
505 214
665 270
605 421
815 2
232 567
666 673
745 387
438 774
575 947
976 416
830 473
248 455
368 191
835 54
871 433
253 31
432 440
839 834
313 612
863 447
414 946
505 479
831 887
39 699
790 5
86 256
921 821
157 914
965 460
799 648
125 385
649 507
752 929
619 309
924 801
11 106
644 141
726 21
449 455
108 907
471 703
317 331
19 395
624 323
210 108
412 413
741 645
427 564
868 280
976 570
520 788
799 996
849 732
518 262
971 509
379 572
286 72
277 357
602 415
827 225
770 65
913 505
952 171
736 10
561 822
215 703
108 648
585 442
170 867
173 342
273 970
703 799
990 678
641 799
771 310
565 854
491 619
909 836
55 134
237 648
519 480
760 199
208 664
698 167
466 64
647 419
657 181
356 177
938 851
59 153
82 228
250 347
62 820
120 180
550 921
138 913
833 473
328 316
430 83
119 680
843 361
869 873
984 404
101 634
474 677
790 420
310 923
686 412
321 194
890 933
41 117
751 434
89 747
914 375
417 819
746 667
473 196
909 803
367 320
422 840
900 325
658 345
488 164
327 275
701 928
981 85
557 960
127 205
704 352
531 838
805 810
700 182
198 915
85 88
976 987
251 104
600 207
927 444
191 970
883 507
163 666
97 489
511 92
617 713
130 458
425 575
68 270
361 409
837 287
534 584
337 510
668 858
272 890
324 402
991 903
935 252
773 903
340 368
616 531
0 950
404 792
292 441
757 106
547 143
889 415
868 157
472 586
352 931
768 660
394 377
79 444
14 444
271 682
18 598
115 850
699 263
549 404
281 848
229 457
917 621
191 582
925 601
465 678
286 561
560 927
181 83
553 69
178 953
394 276
454 224
447 487
420 454
191 747
246 40
105 814
361 421
75 229
437 492
263 337
331 861
144 702
440 466
134 365
547 952
874 133
583 78
276 216
563 914
589 922
153 281
838 447
16 745
261 631
175 251
325 429
97 661
374 446
786 871
616 186
531 525
612 106
325 552
329 225
129 121
704 715
388 91
944 739
379 231
274 543
105 103
622 177
395 374
801 812
470 533
667 72
304 99
190 61
368 939
920 916
405 420
625 724
634 91
712 988
350 775
394 586
100 253
302 183
267 856
551 209
368 197
313 182
327 116
429 791
47 522
128 417
936 714
845 384
552 841
108 187
576 761
299 92
873 528
636 95
726 308
752 22
969 750
10 101
532 314
330 988
95 270
676 521
692 293
278 422
794 131
948 913
888 748
226 126
237 21
602 422
792 260
817 163
676 115
512 79
570 643
781 449
911 81
425 369
538 44
69 765
44 824
285 18
949 90
312 460
646 173
536 931
498 191
407 40
968 331
229 458
481 216
654 998
758 83
298 54
704 308
56 560
544 67
821 924
218 414
71 153
442 263
729 365
266 415
925 49
113 876
775 760
13 307
767 934
423 805
261 126
636 249
594 471
381 504
535 689
777 852
482 746
131 184
212 502
261 791
50 209
285 79
8 0
928 471
427 307
767 905
677 807
346 707
996 583
261 218
18 910
936 191
613 793
700 823
991 7
270 222
175 482
596 807
370 791
488 950
694 672
584 907
458 692
676 139
169 600
48 465
469 429
633 272
313 292
155 610
141 184
591 824
625 425
779 893
260 502
664 677
374 176
153 56
949 870
916 43
366 764
702 978
528 180
639 917
201 85
984 168
266 199
285 305
966 552
400 360
569 846
462 120
827 644
50 526
720 765
146 519
737 198
850 983
368 315
980 266
769 897
171 876
883 14
47 359
825 864
299 500
666 148
989 738
178 265
919 80
212 59
747 978
974 501
529 95
423 742
648 404
778 470
773 550
316 233
799 871
898 291
585 434
945 985
899 613
707 191
403 862
350 66
635 913
80 303
804 66
652 44
855 81
726 76
276 991
202 205
389 991
474 396
583 190
836 922
818 428
390 484
1000 692
297 983
460 726
148 300
236 548
164 172
818 561
69 249
419 348
975 156
756 844
127 137
683 788
514 24
31 616
268 404
433 57
349 531
213 731
2 347
590 975
488 437
185 384
694 111
743 295
279 150
678 927
342 653
992 632
81 341
103 813
836 479
893 620
371 147
892 95
133 672
705 342
286 956
315 362
397 361
995 650
985 207
279 959
833 774
191 104
123 422
500 567
435 133
643 116
888 663
700 6
614 239
46 575
647 822
666 785
621 992
244 133
400 864
908 391
324 658
927 351
574 981
582 495
42 710
796 348
371 110
471 180
680 666
968 433
306 324
859 642
196 706
237 67
811 207
275 418
738 429
717 126
780 773
753 758
796 354
453 525
846 780
338 71
795 243
360 384
853 8
721 576
621 328
580 792
232 323
831 996
151 342
889 793
0 630
924 968
786 895
404 832
7 938
163 755
644 4
277 563
293 369
536 546
619 618
276 492
781 883
904 538
157 994
639 834
569 998
633 536
472 244
56 842
167 435
168 662
147 568
926 928
152 552
398 238
457 905
803 184
333 148
526 283
84 961
32 123
800 973
55 623
721 290
768 941
384 541
649 705
751 511
443 897
345 733
240 821
871 20
265 411
463 290
425 300
148 549
39 504
590 380
388 889
219 598
974 865
19 690
668 153
656 348
721 698
482 370
325 609
993 51
698 769
609 126
766 61
964 698
940 991
211 994
304 896
635 884
577 348
410 669
108 497
743 574
58 655
139 525
267 189
995 373
577 162
251 357
300 225
688 252
291 682
103 805
845 100
624 414
853 756
840 926
92 47
646 443
775 207
417 461
675 820
521 108
923 559
914 206
439 129
88 543
749 925
182 457
982 649
316 232
714 339
553 739
891 332
49 263
590 555
689 861
741 907
408 185
380 665
394 995
29 364
381 90
265 6
121 994
222 264
855 833
420 111
893 98
834 104
608 211
378 469
12 395
86 437
980 547
797 934
387 39
8 277
451 804
751 634
199 752
308 157
342 590
710 817
709 54
402 5
242 25
225 254
183 822
91 472
604 89
932 823
598 702
748 550
645 512
930 418
89 920
674 71
372 597
998 96
222 814
450 447
463 591
539 437
191 282
252 432
442 258
263 864
477 695
679 651
896 933
264 979
156 119
457 717
457 499
98 674
68 688
178 613
987 224
811 664
394 381
959 683
319 803
281 725
213 896
42 440
116 16
852 450
26 708
714 817
354 753
188 149
822 324
901 287
636 480
112 625
190 569
331 873
445 513
490 432
133 323
203 165
946 586
500 977
697 588
366 65
314 968
780 820
81 740
507 300
725 518
263 974
850 444
770 881
641 991
262 839
201 167
982 383
914 648
791 835
388 6
907 849
122 586
322 924
549 698
883 332
627 995
512 816
1000 875
682 871
969 386
537 43
317 483
45 613
916 909
810 726
526 895
712 457
465 331
546 801
170 205
668 434
770 731
924 413
705 943
274 899
728 889
811 297
504 765
771 676
333 836
595 452
625 873
52 972
460 467
95 868
114 568
357 233
741 180
378 501
605 727
426 294
747 971
694 313
988 815
155 208
603 793
585 622
450 143
355 898
63 344
107 516
981 7
526 55
753 808
22 38
903 511
297 443
230 881
806 901
484 124
721 175
303 800
433 359
916 365
305 454
976 47
211 867
1 690
894 13
702 867
618 343
445 152
758 718
448 89
669 165
755 872
314 858
828 302
504 625
575 809
376 681
655 355
20 634
151 867
584 64
462 979
646 766
488 249
381 633
879 884
791 805
365 282
542 359
625 187
939 548
394 5
476 922
939 171
781 71
758 934
102 399
74 59
1 280
628 815
685 445
167 723
256 199
73 423
30 81
715 87
663 865
766 424
552 882
618 273
146 580
408 886
140 473
123 741
754 864
802 739
918 513
177 924
561 431
799 709
613 736
120 481
310 470
180 753
665 837
80 184
124 343
791 285
168 838
85 296
774 955
818 962
297 879
787 512
89 39
794 678
404 107
477 834
398 921
943 134
950 402
359 798
318 426
488 11
542 219
509 472
436 601
457 63
647 770
946 382
905 321
542 972
530 643
780 605
717 885
891 225
310 688
310 276
271 316
658 706
219 716
620 984
988 948
879 216
234 599
816 503
889 286
305 545
791 871
743 949
139 797
147 774
487 771
170 821
572 186
596 873
895 600
747 796
106 889
188 335
760 375
621 186
713 803
511 64
552 818
635 737
494 844
999 868
217 862
20 283
691 34
949 469
704 204
392 609
202 984
497 922
782 107
738 830
575 554
718 337
844 819
79 485
272 3
453 277
589 560
370 834
710 60
227 512
975 831
744 136
752 812
863 168
263 685
230 214
807 414
319 338
88 728
9 494
902 243
530 716
964 139
392 585
867 505
619 763
659 295
908 898
466 741
304 278
169 54
681 53
797 433
587 417
307 254
916 747
13 723
349 780
836 721
241 47
131 128
163 22
551 598
880 904
942 946
607 518
599 421
762 693
923 536
258 332
635 920
764 923
846 87
434 868
992 864
275 688
181 291
886 510
911 88
790 788
909 561
855 990
208 467
289 57
845 89
127 817
17 995
344 846
514 364
385 131
744 509
459 775
516 819
625 727
920 653
643 340
432 115
451 47
168 163
60 742
697 997
393 113
48 535
320 896
550 377
283 654
152 444
685 922
626 825
855 35
320 626
743 652
833 229
832 710
799 425
508 860
112 695
908 993
698 950
185 514
832 962
10 665
45 741
808 891
808 495
350 28
43 674
40 687
675 738
331 265
207 436
539 462
260 549
654 566
769 98
133 896
741 766
103 7
727 64
231 474
908 430
256 915
260 977
446 539
609 764
901 581
26 750
733 996
535 880
534 633
671 978
320 891
326 914
790 419
696 994
608 674
141 836
641 904
799 676
463 65
340 354
763 896
940 933
926 658
320 826
261 255
424 730
268 329
823 10
360 329
931 466
461 504
148 444
920 357
244 470
866 773
868 468
881 294
862 710
104 122
297 46
658 88
477 58
856 651
335 866
542 107
214 169
171 367
943 951
302 287
497 384
955 181
193 135
706 649
539 287
535 465
510 177
307 239
854 233
158 377
982 481
726 160
387 671
927 1
380 757
433 25
361 42
640 758
538 652
69 362
909 443
766 299
249 947
833 438
782 758
379 404
786 354
743 149
102 961
581 192
443 165
627 928
224 250
55 78
258 703
840 924
118 325
355 687
13 7
233 482
32 645
216 840
415 98
345 68
166 203
982 918
71 450
830 710
217 402
856 407
919 857
340 583
250 7
905 522
128 651
199 310
822 956
210 725
240 200
109 630
330 243
75 819
246 888
637 505
299 264
59 334
313 111
308 591
49 511
600 264
23 935
720 394
348 659
318 783
426 752
945 222
981 329
343 844
781 734
767 2
687 198
926 248
548 579
417 422
200 828
979 854
937 229
948 197
757 18
310 533
88 301
608 669
235 751
276 745
725 253
939 531
782 994
244 807
1 812
930 73
314 584
455 840
220 16
935 82
500 656
104 297
436 463
153 409
742 335
438 424
46 314
847 628
14 632
307 197
912 759
294 276
813 862
671 13
292 937
4 700
551 878
675 604
896 835
757 377
308 945
695 128
307 319
893 527
822 573
559 636
650 488
958 992
45 839
587 967
308 873
448 190
849 811
268 68
360 943
69 433
429 179
848 670
0 723
999 167
520 149
738 314
682 969
14 261
176 920
294 567
114 727
997 201
439 803
759 746
580 301
399 556
146 652
828 1000
680 942
298 979
512 804
513 78
75 725
589 599
570 185
30 903
592 508
795 301
422 66
840 405
423 126
589 22
639 344
130 382
264 341
100 943
524 521
560 769
30 292
871 675
488 73
718 388
726 254
234 41
10 470
616 395
448 32
649 222
921 518
502 870
293 9
381 621
302 359
367 330
980 570
805 538
556 872
208 302
849 605
516 142
273 535
471 598
182 478
71 700
889 249
558 713
127 636
154 307
940 539
69 509
672 360
831 334
440 388
603 427
321 33
271 433
485 226
956 725
114 663
249 960
923 65
581 613
483 409
151 985
651 674
807 350
86 828
940 761
473 0
342 690
962 355
538 365
190 764
107 554
185 145
231 188
414 142
243 952
798 141
385 199
856 870
841 630
49 341
780 517
442 350
577 937
590 543
833 292
278 489
511 590
81 573
366 188
867 894
116 627
774 785
647 635
231 235
961 718
896 438
149 568
229 164
228 698
548 737
586 445
43 918
170 815
40 237
742 871
600 790
540 701
47 26
10 985
960 770
348 624
171 482
159 112
68 320
280 259
639 827
698 892
535 578
981 489
797 128
381 444
524 963
401 9
240 130
865 845
88 542
863 655
565 199
546 515
718 706
700 699
446 631
164 208
622 306
252 969
914 242
255 898
429 356
472 525
167 803
821 650
278 679
124 361
452 386
588 340
426 663
115 291
877 753
334 545
806 757
791 724
422 209
10 947
695 914
304 72
241 118
979 912
659 998
84 920
308 641
488 736
477 518
786 152
312 566
262 221
376 92
186 967
100 294
769 140
558 87
295 408
807 33
881 335
907 954
955 11
859 96
659 602
152 903
372 516
174 642
5 384
90 166
70 456
604 407
693 7
199 355
30 514
953 287
540 395
30 656
880 540
168 602
600 890
520 971
190 996
186 966
103 486
404 764
538 25
527 391
799 102
460 592
24 635
788 475
658 314
656 877
268 499
52 67
728 738
584 408
580 231
142 974
408 308
130 669
863 556
679 572
123 134
753 609
157 647
930 280
945 641
213 230
940 855
818 905
107 366
233 237
46 179
639 960
55 156
804 310
900 921
534 992
750 711
966 154
619 994
687 699
627 838
368 273
197 316
421 348
597 299
483 35
858 46
526 827
736 922
544 951
505 368
482 417
511 234
639 862
712 974
778 538
415 966
386 805
322 822
865 26
325 298
608 116
570 590
316 92
364 948
973 888
574 826
637 789
12 485
909 143
265 668
85 420
304 234
767 426
20 348
862 534
400 731
270 600
677 216
57 235
346 600
797 961
614 472
450 365
930 437
606 554
754 841
61 282
436 355
619 6
688 309
308 163
151 266
798 60
932 123
905 293
986 679
412 874
681 265
173 341
640 987
653 224
185 303
647 163
308 348
500 83
296 13
723 831
320 610
6 32
398 59
915 113
674 190
858 620
291 656
375 185
667 801
125 515
299 299
82 955
421 182
563 279
768 926
693 35
664 493
11 645
917 752
955 223
315 418
877 547
333 450
18 800
114 991
244 729
407 699
884 958
801 672
752 399
837 83
390 47
907 817
178 709
758 687
837 274
942 35
214 756
415 842
198 954
227 828
475 258
241 234
378 103
207 128
475 419
112 362
202 681
437 212
514 659
399 503
364 341
526 58
835 780
701 51
488 775
162 702
317 664
540 424
230 936
956 835
684 26
405 296
154 948
709 705
484 358
18 547
892 882
343 496
32 930
930 484
742 169
124 402
224 252
955 226
408 183
140 937
586 490
496 231
565 114
100 50
868 438
132 984
978 37
502 798
342 259
462 575
455 580
596 478
182 616
469 553
946 884
124 618
356 2
802 151
598 345
742 608
133 398
951 555
705 73
515 448
936 352
671 172
835 101
898 794
635 641
332 498
431 313
841 655
253 891
135 100
952 514
857 714
243 369
333 743
502 324
104 549
866 120
720 755
881 170
764 378
524 970
416 656
445 833
775 723
805 556
296 870
367 700
241 329
259 57
340 744
47 378
322 4
184 832
715 910
677 428
479 126
216 319
376 433
396 628
899 339
329 177
955 87
477 201
713 472
735 80
392 994
927 662
952 759
221 301
568 527
425 787
140 327
921 631
406 797
556 56
254 401
777 906
432 784
312 693
347 447
78 851
468 162
608 271
328 987
273 881
770 866
274 995
29 221
792 630
853 652
64 93
627 501
435 662
907 238
990 661
426 250
757 844
877 379
653 458
925 548
414 313
648 602
933 870
188 893
805 197
208 839
238 435
615 129
220 211
621 262
642 49
915 480
943 35
759 747
296 433
467 547
805 819
91 965
592 682
86 53
452 729
786 601
384 228
909 104
568 495
412 695
534 705
889 271
652 524
597 207
687 36
135 786
888 826
806 280
242 91
781 863
336 316
847 596
989 159
919 169
481 682
157 652
139 259
198 404
48 531
984 599
832 561
474 480
122 621
328 264
531 56
603 542
484 85
166 133
624 434
189 331
711 266
308 871
45 83
16 802
468 870
816 140
103 69
815 809
517 696
373 150
812 265
93 856
405 72
342 563
996 386
15 430
778 706
630 682
228 890
765 49
639 733
627 454
260 348
531 36
841 73
46 137
789 200
825 630
499 87
496 616
778 91
961 488
8 421
563 902
89 69
277 556
538 828
998 46
108 952
407 141
779 58
737 186
626 782
968 935
613 75
3 682
825 774
20 777
447 341
738 539
984 355
90 952
202 480
894 386
666 69
471 97
944 49
154 726
787 719
520 820
625 676
409 863
308 595
703 81
274 163
282 296
311 919
134 454
381 408
298 685
157 385
531 339
674 233
738 883
156 230
662 997
180 779
209 415
352 849
412 561
280 296
423 871
426 126
38 385
905 558
501 415
120 799
918 852
427 676
323 215
807 714
185 992
509 615
328 892
386 605
516 720
190 855
606 11
985 849
218 688
558 146
164 299
351 111
514 410
783 547
869 949
500 625
911 434
363 402
0 925
691 848
795 574
817 89
688 497
234 775
447 882
841 99
851 902
81 296
453 331
518 231
714 163
922 14
334 550
753 116
609 129
743 657
366 663
1000 261
794 880
53 72
702 136
294 294
373 717
675 795
571 208
236 757
392 636
88 251
410 279
192 802
94 972
206 77
797 576
177 581
143 69
4 700
436 288
576 760
231 935
889 78
273 79
264 295
818 834
186 859
187 466
280 101
970 656
861 917
51 303
10 310
785 116
884 741
110 640
370 694
371 59
124 589
683 295
715 892
152 665
95 821
649 10
318 918
992 154
704 941
121 1
286 571
713 388
549 841
394 608
0 213
970 450
924 190
872 222
224 981
878 528
502 426
476 723
22 776
522 144
300 273
124 722
19 2
649 919
380 819
343 294
732 699
363 778
874 760
495 131
925 794
521 692
253 340
238 865
740 364
1 536
640 600
166 705
144 586
652 710
913 436
846 999
958 812
459 846
605 713
813 380
754 488
825 80
97 306
150 211
227 229
588 287
89 155
571 477
864 359
860 277
177 707
195 323
902 248
58 817
918 867
418 775
234 900
293 860
558 840
694 4
224 750
612 967
274 98
556 519
643 617
146 204
333 636
511 278
99 342
908 938
129 191
336 931
5 741
290 122
497 79
551 360
577 666
417 216
1000 925
746 299
52 288
55 902
115 453
264 153
968 103
14 502
794 218
878 994
778 527
748 906
88 289
968 118
111 57
930 765
786 29
309 528
368 471
979 293
797 562
1 662
969 831
63 696
723 220
395 900
933 999
342 145
963 363
259 521
250 653
660 180
588 608
96 411
868 263
659 235
98 85
244 450
400 544
173 918
523 433
847 669
999 889
318 314
29 740
298 680
975 751
679 785
268 147
392 227
607 725
201 926
880 710
493 788
690 319
658 138
347 624
958 812
617 712
592 264
217 234
88 548
833 213
952 992
223 159
200 354
717 991
21 282
28 970
136 209
230 646
581 928
115 441
130 158
508 220
763 5
828 874
565 717
128 462
491 645
886 293
694 134
466 114
178 279
461 952
745 791
235 15
588 612
621 885
684 734
13 755
527 241
602 486
937 536
694 384
6 55
487 701
387 637
653 721
396 895
748 809
997 654
724 918
982 625
472 883
917 141
547 621
679 481
704 66
646 153
596 494
342 366
592 95
724 376
586 474
217 822
348 246
656 818
763 620
686 239
255 625
196 536
38 309
524 890
378 628
885 208
189 622
442 208
522 946
203 584
456 101
362 531
223 326
869 22
688 265
696 861
540 355
809 266
561 558
920 715
175 128
424 918
614 936
702 664
958 119
819 469
967 36
922 450
462 555
376 274
165 68
102 491
962 661
87 662
82 389
574 624
771 733
369 261
109 568
576 20
713 204
778 894
205 951
9 971
154 89
399 661
199 733
915 441
190 145
763 223
433 356
163 468
417 245
140 17
280 256
101 172
73 475
771 670
358 3
216 431
392 516
5 202
3 714
437 788
921 468
978 285
382 831
844 634
882 141
752 309
834 15
421 899
756 638
325 511
605 431
983 136
679 289
610 188
868 27
923 916
801 611
621 136
797 601
427 52
22 986
582 601
363 429
239 839
548 869
966 641
908 651
398 723
569 602
759 752
313 824
449 192
985 564
945 888
330 325
782 509
77 861
375 288
236 680
894 589
142 733
907 757
985 790
201 894
840 640
784 937
832 681
375 649
82 246
484 946
162 768
516 835
833 595
208 321
149 95
732 1
588 483
939 904
531 720
963 957
577 790
217 240
401 574
839 100
756 699
736 17
219 794
11 968
968 26
94 786
2 829
602 175
527 810
101 201
953 803
151 745
364 189
341 736
60 113
284 473
75 152
77 435
959 691
379 983
531 177
733 88
348 781
442 266
122 508
855 679
74 849
253 210
434 109
545 267
868 70
408 209
303 459
624 687
525 124
832 135
808 384
963 78
317 344
476 784
115 141
932 426
297 920
735 516
754 675
444 132
560 983
120 34
626 423
615 609
891 826
705 145
417 140
885 364
310 755
403 462
44 246
463 243
405 375
792 480
988 984
203 831
574 360
287 630
844 593
47 854
765 969
746 182
145 116
313 20
633 169
785 775
263 655
32 159
14 204
487 609
324 138
355 398
961 560
380 938
802 828
575 94
101 777
99 471
242 442
109 398
153 629
161 946
779 798
792 633
528 928
419 549
6 556
233 115
237 713
807 525
62 911
17 54
14 793
434 30
838 219
752 101
409 425
296 97
812 802
847 704
906 423
746 573
177 190
270 679
29 818
712 441
916 721
531 32
352 300
459 427
255 248
514 989
42 408
16 633
486 208
718 296
53 16
992 681
637 559
459 819
602 10
979 362
44 146
1 967
185 486
120 872
865 903
529 240
625 78
87 340
562 565
431 929
703 333
433 526
184 543
15 634
542 616
291 359
635 735
669 856
951 411
273 587
2 750
212 905
396 699
89 561
324 280
259 138
300 89
442 959
797 491
466 686
991 42
430 246
162 478
336 813
490 808
280 729
668 366
150 934
492 541
623 233
253 614
684 521
557 140
722 467
109 44
957 880
342 583
963 167
426 50
186 381
610 601
933 751
372 360
777 638
14 310
414 5
374 844
901 530
983 687
64 612
920 983
208 152
875 806
741 366
333 859
735 283
244 334
128 757
454 199
701 879
376 209
188 949
777 320
148 169
91 564
61 619
663 782
470 859
433 822
376 84
481 277
87 633
571 393
121 427
59 217
256 438
8 246
422 905
415 582
120 942
976 441
306 640
448 422
75 131
264 105
844 813
715 344
603 214
114 5
456 208
633 49
63 838
971 642
501 448
904 397
459 349
692 350
513 149
867 775
68 219
554 16
913 798
950 969
457 577
403 171
421 899
703 520
83 692
240 841
432 796
477 872
920 703
79 671
17 251
230 732
469 594
934 20
992 963
552 571
42 404
416 315
184 729
339 266
637 973
800 678
427 59
372 504
208 942
449 899
644 326
174 94
394 637
628 94
468 645
53 370
477 601
207 916
182 780
202 800
740 940
568 228
495 332
905 611
750 318
884 968
371 555
83 579
804 375
50 75
81 988
67 990
718 49
916 941
67 622
546 145
865 547
521 663
537 258
764 841
939 625
233 283
598 64
342 271
674 985
43 670
426 550
91 259
572 591
45 386
966 858
283 540
452 598
471 308
690 345
299 507
414 453
594 563
361 785
212 213
200 831
948 718
521 539
645 337
14 192
406 604
484 676
61 576
846 979
132 468
521 603
857 312
518 248
141 723
408 439
116 272
884 19
373 48
429 100
757 892
350 201
246 221
766 708
472 9
901 339
520 142
368 866
535 382
381 429
278 293
36 483
363 611
485 546
326 640
357 267
663 206
218 234
821 455
821 772
91 610
566 197
912 828
134 581
361 291
509 340
235 722
356 89
497 908
584 892
151 360
467 538
14 264
90 8
365 857
510 692
279 45
663 633
375 603
714 436
382 840
296 185
706 151
629 37
392 367
865 125
399 256
846 945
562 880
419 230
137 387
333 158
826 484
342 642
557 863
424 809
559 6
379 312
68 88
786 542
11 290
713 926
219 30
532 663
989 194
779 248
694 710
807 441
198 720
965 817
865 423
679 5
956 795
649 892
666 753
601 28
197 404
258 245
777 174
151 866
850 954
933 312
432 848
793 67
644 908
555 625
908 275
325 269
269 999
394 83
369 104
807 181
931 577
340 373
889 898
18 454
342 275
683 37
286 967
33 307
814 7
573 435
886 188
880 247
692 944
400 251
431 521
442 923
156 543
938 250
645 418
408 124
703 895
914 708
639 813
212 435
663 657
149 514
979 67
759 252
226 866
953 570
816 744
991 40
208 566
409 195
28 466
990 550
193 339
145 292
255 769
107 274
598 538
444 72
899 700
423 322
180 493
761 913
149 932
193 656
481 102
183 853
776 978
839 968
362 959
143 893
669 758
760 346
461 479
950 284
437 452
273 624
5 6
348 190
120 432
968 747
229 259
194 80
161 16
560 394
292 603
589 35
324 705
114 362
496 868
353 722
495 910
293 525
679 168
669 853
32 354
185 52
363 639
546 410
730 962
792 128
746 43
87 7
595 941
545 850
839 550
635 299
669 108
26 468
851 831
144 845
698 866
641 878
387 673
818 809
361 655
282 799
879 476
980 627
271 286
40 869
294 914
792 469
131 199
476 314
311 884
153 684
993 565
850 348
422 398
638 820
976 925
24 35
84 683
341 575
369 373
976 876
546 220
825 119
785 574
869 421
151 452
717 399
202 56
932 694
845 749
719 590
702 739
429 41
470 105
906 943
263 879
176 703
253 760
16 162
767 97
309 67
845 507
565 669
761 313
569 66
455 672
355 263
879 535
112 360
352 87
575 612
221 394
754 804
522 917
224 663
860 687
569 135
558 513
976 89
571 171
412 717
226 443
383 384
8 378
878 280
160 25
105 758
164 482
659 15
382 277
308 828
838 546
869 211
638 397
952 107
281 811
104 605
215 40
463 871
857 624
324 410
799 581
980 939
103 494
202 444
217 180
892 676
288 915
418 929
187 486
214 325
396 949
233 57
529 957
138 438
701 292
891 892
816 499
531 3
681 418
314 154
277 474
124 995
316 120
11 227
88 348
309 447
713 172
722 912
15 251
292 662
553 121
786 80
593 289
741 729
384 803
824 764
383 697
220 787
794 658
233 914
57 212
962 745
829 431
682 507
194 51
538 709
837 827
809 560
957 512
189 242
279 617
959 212
538 828
35 190
227 968
320 593
87 156
510 818
383 342
981 764
954 915
388 810
956 526
590 441
754 463
449 580
927 809
849 645
385 352
668 340
80 594
786 467
587 436
131 599
861 572
503 138
914 972
572 589
934 544
295 65
969 911
731 340
153 233
813 588
518 544
171 565
283 209
817 874
6 463
534 974
493 105
686 368
898 856
329 969
46 303
216 994
320 984
983 437
81 912
145 812
949 781
832 404
704 948
792 3
668 780
520 655
831 0
585 535
698 689
45 502
395 849
381 437
495 388
47 595
595 49
109 357
687 833
65 803
304 193
221 927
572 361
617 264
432 217
880 627
844 690
356 78
42 915
326 91
694 244
233 233
589 692
44 864
528 159
770 309
59 737
584 643
727 805
122 363
537 348
586 540
673 287
926 200
134 54
792 168
152 846
795 542
343 230
164 983
796 440
383 78
511 764
392 868
282 109
125 387
25 968
540 108
255 577
237 722
689 202
950 203
974 975
419 766
213 342
458 285
500 845
898 705
759 333
367 504
917 452
108 583
882 238
301 37
775 631
910 647
992 156
637 267
665 92
126 189
608 306
141 262
556 994
993 695
331 174
783 315
421 634
590 273
886 654
992 378
309 522
504 215
437 493
69 380
948 860
890 83
370 128
410 361
574 937
509 258
710 634
514 120
983 788
649 24
697 933
771 757
787 617
531 185
304 823
46 158
312 317
233 17
495 948
708 887
891 382
756 800
373 492
937 78
955 96
755 41
82 819
494 4
137 105
827 463
177 26
725 23
372 28
165 722
615 543
529 938
628 961
44 969
998 647
676 958
65 329
726 521
367 172
628 2
267 86
430 983
451 223
731 915
411 839
122 232
830 424
737 690
76 651
592 88
173 21
464 83
145 878
21 421
920 745
432 647
941 245
259 626
996 591
134 901
986 828
366 974
652 75
895 609
96 427
51 918
401 975
357 837
33 926
743 828
707 510
425 108
478 247
111 228
795 586
397 32
282 179
987 560
972 870
225 509
432 125
440 914
964 858
314 936
374 795
426 886
853 572
833 35
358 240
521 960
93 861
697 279
827 264
177 365
274 457
626 714
345 11
36 61
31 317
979 884
119 75
266 880
601 563
162 909
184 939
762 829
753 179
537 322
333 422
976 835
51 47
918 810
534 998
969 204
485 757
411 499
365 402
329 943
916 271
838 457
995 107
850 452
96 908
400 632
331 459
355 500
626 706
690 772
487 377
546 570
494 622
129 409
315 99
415 600
71 546
636 963
977 889
61 206
331 756
380 514
879 851
83 619
976 289
622 919
975 318
747 158
0 298
877 141
967 693
148 143
473 430
74 724
365 596
287 402
479 234
467 25
310 248
163 634
789 853
543 875
714 947
600 218
597 864
533 536
45 298
883 435
210 733
956 928
522 433
936 79
538 713
468 904
548 976
304 772
863 78
933 628
918 937
741 46
103 702
627 386
175 157
771 397
603 389
368 94
707 194
260 414
633 389
82 407
678 460
645 567
980 673
645 80
11 336
404 343
783 488
395 651
329 48
805 49
616 252
91 653
446 985
246 578
549 554
18 766
780 432
211 16
660 966
403 813
590 785
7 522
274 614
964 745
242 11
195 480
716 690
635 333
33 732
896 474
453 514
610 48
966 642
645 656
836 888
733 812
60 615
931 458
886 571
387 998
424 409
121 137
498 715
366 303
284 544
357 333
544 128
900 136
352 463
519 183
48 640
184 833
887 735
535 510
511 327
844 602
588 80
519 278
507 778
602 25
231 726
75 202
135 15
483 420
750 655
57 54
672 872
838 260
606 222
844 261
721 853
999 96
721 115
134 633
469 517
243 903
305 308
271 339
168 806
373 244
398 170
305 623
760 574
92 779
98 601
363 839
229 128
309 524
552 153
241 716
631 384
122 850
507 918
994 768
891 128
337 757
334 698
708 862
340 252
588 682
901 526
794 581
611 579
941 195
846 378
311 652
616 473
480 319
972 932
66 443
535 182
842 131
510 94
828 132
988 208
554 956
585 618
791 848
395 688
426 129
104 843
710 77
865 220
25 530
683 418
280 687
800 635
10 398
288 645
11 308
612 281
621 229
431 766
555 539
488 362
867 898
792 965
724 590
727 496
138 949
769 334
691 704
502 843
470 922
272 121
616 495
564 684
753 852
44 617
567 31
815 44
561 445
741 675
471 11
430 534
733 6
763 134
488 136
730 142
463 396
201 117
392 175
129 700
447 920
382 921
330 359
678 656
662 305
690 933
624 646
372 924
694 786
700 806
773 69
555 958
639 836
192 600
464 408
609 714
683 874
761 380
161 349
898 324
728 852
18 774
831 209
616 25
338 747
270 84
173 925
618 761
950 189
368 952
951 393
283 675
747 84
222 327
318 897
311 841
172 955
734 401
492 699
441 870
150 873
159 335
915 317
185 701
453 574
831 812
230 802
989 211
842 105
722 382
4 266
907 0
525 165
692 306
46 97
757 885
968 996
417 721
690 464
816 264
250 496
456 272
124 340
110 567
523 703
703 718
106 76
941 305
69 0
192 20
907 155
877 124
976 563
332 371
55 132
698 235
12 777
875 370
333 212
144 362
66 106
393 248
691 505
970 919
304 738
373 962
903 375
298 314
549 74
715 412
28 142
693 925
602 653
346 121
573 161
167 59
188 167
325 496
324 125
800 280
453 44
827 695
340 695
724 914
752 364
970 43
647 520
744 694
756 111
511 837
560 979
283 718
182 101
775 453
300 391
162 401
947 18
442 886
612 413
971 563
939 183
523 117
840 622
440 940
202 567
550 154
86 136
943 154
931 748
817 565
945 328
900 296
159 888
937 756
175 464
530 518
523 69
848 931
286 684
965 56
592 597
52 74
127 345
634 130
218 7
186 555
252 815
905 822
133 827
558 673
755 134
463 662
364 78
959 777
65 175
168 874
80 499
617 167
843 551
495 610
776 553
969 575
391 754
324 900
885 520
513 763
460 641
728 549
50 369
727 102
502 659
523 311
482 532
622 947
800 906
590 634
17 204
317 553
843 417
742 286
622 512
30 347
186 785
533 503
284 896
782 888
966 190
983 81
466 70
774 689
464 576
974 822
679 477
99 606
960 23
831 4
907 543
741 618
197 573
989 683
71 739
145 934
921 630
191 997
51 1
974 647
456 319
305 567
587 575
791 929
771 181
232 888
628 31
260 573
480 211
629 272
254 812
918 470
577 966
437 418
490 856
504 155
717 797
700 643
624 823
910 253
786 761
706 715
628 376
721 840
516 345
537 92
701 470
949 994
424 785
933 721
771 99
180 622
371 758
89 699
75 47
73 573
697 369
948 725
59 287
190 300
594 592
682 742
483 284
3 113
744 109
44 535
563 796
619 222
340 229
675 581
277 408
719 49
105 937
697 655
910 499
424 196
374 975
259 810
657 824
369 247
315 287
695 668
865 353
213 580
630 566
707 225
855 889
109 351
934 728
186 58
728 513
609 579
80 889
866 880
932 215
766 364
197 685
506 986
447 664
30 226
256 630
3 762
428 904
733 961
421 945
773 982
40 922
30 161
914 610
682 302
605 43
452 903
629 323
227 385
769 957
511 64
301 282
692 110
572 705
327 345
688 114
530 982
695 954
557 470
235 310
800 457
141 888
238 574
33 718
596 957
254 756
819 757
165 2
623 349
398 286
747 72
526 422
803 65
975 435
139 867
915 53
213 712
34 484
861 880
466 252
357 122
564 53
940 338
15 692
150 733
840 152
267 796
230 337
683 951
12 36
916 112
238 889
246 56
18 309
486 538
833 317
864 235
531 592
219 491
359 502
803 747
749 718
955 195
682 197
541 83
679 253
621 949
29 627
90 784
40 502
279 715
84 675
393 199
105 331
550 100
280 326
279 951
178 443
720 160
649 903
808 957
345 575
57 789
712 394
623 722
406 513
713 682
307 465
198 155
315 77
154 542
180 467
203 406
301 246
27 721
80 905
33 396
406 715
455 126
629 411
66 94
989 780
436 312
875 764
531 46
570 428
758 293
396 995
247 990
427 325
418 828
811 359
736 986
472 493
17 684
460 899
445 904
690 120
2 921
294 957
705 970
519 169
312 518
421 32
740 233
1000 246
960 502
774 626
868 299
569 843
357 830
919 125
864 7
33 739
782 699
496 565
329 963
699 65
692 806
968 374
313 271
475 916
585 382
142 504
72 851
745 916
57 396
545 565
372 401
188 201
515 729
160 739
930 587
988 689
704 840
381 411
996 764
499 393
169 974
360 858
273 131
738 771
761 600
98 397
853 361
882 361
922 150
169 660
174 304
818 19
922 570
429 713
780 481
690 479
398 468
649 803
559 384
828 142
958 969
846 689
156 112
423 753
900 140
655 356
444 501
970 214
710 828
494 633
715 709
836 925
951 358
173 64
518 899
644 920
253 606
835 298
686 748
602 658
722 692
153 981
980 235
498 688
426 929
166 469
437 225
391 933
957 920
573 579
545 415
933 883
484 16
937 111
271 51
97 429
846 599
147 333
451 353
324 440
261 766
264 739
255 28
72 334
298 98
725 205
40 864
93 781
615 248
534 263
460 205
129 33
634 197
288 872
435 375
997 152
66 800
283 344
947 421
336 311
203 5
854 887
85 659
546 965
530 122
686 854
192 715
226 959
260 439
642 562
115 939
660 704
494 943
366 657
293 594
52 174
173 501
688 665
483 46
638 321
57 481
705 308
374 66
763 316
375 26
112 850
493 624
769 920
813 951
796 876
284 626
437 732
177 699
703 615
624 227
438 329
210 787
799 534
788 864
740 810
427 466
449 845
719 984
609 947
270 449
260 901
888 193
7 476
687 474
469 669
527 258
112 495
372 433
926 970
502 127
748 945
788 408
477 277
85 986
85 683
844 34
537 123
249 377
750 375
235 151
182 877
421 558
450 8
972 586
452 216
784 711
94 30
273 638
572 32
834 351
436 476
948 39
537 772
7 342
492 258
994 622
840 36
302 535
844 167
108 353
507 716
808 566
350 848
395 484
390 975
864 761
371 385
402 496
481 457
150 588
356 483
365 244
311 501
108 265
653 694
250 631
108 473
13 824
95 773
243 866
158 784
562 208
496 624
408 947
365 186
146 574
845 256
506 591
234 851
645 861
926 57
464 847
953 314
921 412
372 649
592 160
631 708
5 243
134 5
26 781
646 733
259 11
703 429
348 731
751 503
669 632
662 895
475 167
245 67
679 564
239 942
500 543
280 737
64 55
26 92
257 397
538 899
48 630
66 450
693 334
760 56
535 860
517 85
610 341
544 689
681 918
582 730
177 89
909 698
237 591
790 332
97 977
38 131
590 568
386 18
774 114
793 669
468 274
303 420
475 195
643 250
907 414
553 662
319 622
247 652
820 582
895 858
189 490
876 435
472 11
725 525
894 2
533 722
622 66
416 65
490 686
363 4
380 197
725 432
665 801
260 601
517 450
833 985
977 182
818 413
174 685
59 876
171 650
390 820
321 815
622 143
110 331
230 404
165 656
967 368
358 333
683 29
222 164
244 950
531 683
151 643
578 241
823 333
848 472
665 159
281 948
364 944
124 582
597 311
755 150
483 327
421 230
419 320
468 850
461 665
167 676
391 958
416 475
124 142
750 983
872 69
508 908
582 509
426 619
544 840
764 723
199 105
859 411
6 299
240 206
927 549
364 126
653 134
194 494
846 735
770 373
839 806
285 80
504 393
811 860
415 372
217 935
855 250
796 667
136 799
116 222
21 52
578 538
48 142
869 60
116 29
901 830
29 420
283 308
853 343
610 751
862 144
54 935
568 618
811 753
535 751
580 897
224 72
714 591
688 570
518 897
924 874
313 199
407 765
380 804
417 816
344 72
485 389
330 132
180 245
264 607
712 317
399 331
750 158
798 206
988 181
64 594
428 527
926 679
315 770
55 94
701 379
186 160
832 175
107 489
961 249
217 361
357 197
927 242
231 636
153 530
113 625
171 498
301 982
91 263
497 540
813 875
265 386
194 149
860 76
796 137
492 177
405 768
904 219
724 872
709 153
953 901
898 706
977 715
910 648
399 793
72 706
776 24
1 661
418 427
403 824
247 409
700 626
647 351
775 964
161 803
654 961
894 477
197 514
649 292
544 98
373 108
170 825
243 707
42 527
609 890
157 618
787 355
324 307
316 537
652 781
792 626
375 562
307 579
261 985
252 740
171 400
848 320
935 294
440 857
533 511
228 468
440 61
181 444
638 503
10 560
710 435
572 218
412 104
858 538
788 415
702 842
820 577
295 406
220 991
617 251
627 646
522 99
176 860
663 114
732 857
629 653
376 539
123 810
714 942
395 130
442 89
566 253
485 351
568 376
411 125
597 73
993 926
368 490
793 641
375 921
427 208
49 687
438 529
629 400
618 968
514 100
956 462
915 887
530 811
960 934
366 735
211 973
701 995
506 963
463 797
672 395
441 756
547 648
632 537
678 979
640 679
297 90
44 200
277 791
165 427
150 516
275 638
187 38
156 911
258 199
702 701
556 307
769 833
270 282
791 836
641 225
836 68
538 895
785 205
343 897
748 273
740 426
39 912
202 428
775 487
994 824
271 878
519 241
573 19
157 682
612 582
444 861
301 780
971 312
382 763
888 493
995 795
910 540
901 295
102 272
430 107
47 932
4 572
795 261
606 904
524 35
983 737
691 432
569 967
536 881
50 992
60 927
924 27
98 471
809 76
413 476
93 873
371 789
467 902
65 427
258 667
399 674
44 76
92 353
883 392
803 216
812 676
466 472
247 247
233 384
570 886
894 339
106 931
251 974
24 665
267 515
639 499
457 996
102 155
559 688
869 826
738 960
62 607
82 120
642 738
721 64
237 991
425 574
426 202
281 933
198 900
962 431
295 79
377 872
355 172
34 771
211 41
464 239
201 46
552 801
566 636
722 971
435 626
97 133
198 831
93 628
156 70
27 219
84 98
236 184
600 192
56 466
748 305
692 237
262 652
200 674
204 394
152 340
369 217
342 597
333 995
596 314
816 202
989 372
341 252
789 955
825 251
176 675
453 420
375 703
219 522
703 168
571 385
328 442
917 433
505 475
558 426
197 298
224 661
780 344
568 82
661 901
633 107
180 379
22 735
869 445
691 845
323 192
282 575
409 279
566 38
799 937
309 279
974 968
742 891
243 399
230 596
396 794
525 948
410 951
25 274
655 900
170 871
990 503
402 192
976 582
330 110
971 566
773 105
36 917
403 654
807 999
87 425
522 338
901 476
190 217
682 390
140 902
321 612
893 47
572 560
25 548
547 249
299 380
804 655
288 978
181 763
662 457
966 339
854 733
456 829
625 82
216 481
600 826
26 237
867 86
554 655
405 907
947 818
59 720
26 913
683 84
314 80
720 869
78 59
908 929
446 455
902 973
863 181
858 420
621 876
837 335
727 215
413 377
541 274
318 38
771 140
459 337
184 887
890 139
367 253
4 437
121 932
731 197
861 868
685 892
887 461
671 205
349 877
166 754
314 139
442 12
57 919
804 892
364 237
868 83
315 349
960 52
866 423
674 386
819 288
508 276
777 524
60 346
970 205
137 991
329 917
10 459
565 449
38 528
452 173
386 138
179 362
82 23
850 865
107 826
508 10
784 259
226 420
529 91
718 322
579 735
601 748
466 497
400 447
800 683
869 574
758 681
29 882
698 874
995 218
874 860
287 708
358 407
448 587
135 742
909 810
384 369
259 502
27 559
162 961
90 844
786 214
518 137
529 301
530 283
55 118
650 240
62 370
25 830
259 903
550 208
75 764
383 65
141 413
145 616
283 934
166 264
904 578
398 720
539 963
930 59
873 37
209 380
908 355
139 268
78 438
817 343
427 682
738 604
440 394
165 246
659 854
488 14
544 703
47 28
401 241
931 458
141 551
136 787
204 523
306 399
299 285
560 403
960 955
638 757
187 843
933 728
974 581
309 210
685 889
61 719
881 763
804 777
231 666
20 440
678 207
790 932
979 211
579 707
180 417
2 368
932 846
521 289
974 411
837 614
765 571
387 19
485 991
741 730
749 981
683 604
493 138
649 675
44 514
659 494
858 684
968 637
968 466
734 561
225 497
885 976
273 713
408 182
868 458
798 697
569 929
989 351
519 938
368 714
918 418
172 95
844 70
830 365
128 743
674 74
869 900
680 807
349 651
482 853
553 226
13 337
339 116
750 341
545 496
201 561
131 345
959 17
751 662
333 252
887 925
1000 947
715 325
847 910
142 585
101 918
686 160
366 407
77 894
199 230
761 561
932 427
205 608
261 0
217 855
904 178
410 755
959 181
138 504
939 447
459 165
827 598
251 446
822 687
771 250
129 929
456 728
346 300
886 987
926 75
391 9
18 795
123 334
406 639
8 780
312 908
581 233
638 930
472 166
962 408
849 827
113 34
706 939
612 96
623 551
283 299
443 529
915 887
400 896
727 723
160 846
631 967
603 993
823 866
813 135
454 727
400 266
727 748
828 206
68 128
770 949
393 621
351 593
586 299
885 159
975 992
967 155
678 437
945 418
946 541
4 722
928 477
554 304
733 21
495 399
818 70
387 697
35 167
339 367
600 447
640 81
807 690
345 381
782 770
589 658
728 958
916 824
548 547
75 622
224 118
912 103
383 494
606 803
700 17
756 450
137 146
415 332
837 420
492 682
677 290
855 768
637 504
504 711
134 1
402 42
376 945
505 752
513 3
5 399
154 732
335 558
576 937
698 877
477 216
175 394
881 385
817 566
389 237
121 530
266 123
319 689
956 619
272 147
453 643
868 479
78 786
291 484
748 830
453 250
520 152
108 425
719 238
767 87
751 927
585 898
916 988
19 707
438 958
196 204
452 927
725 254
655 78
792 91
776 280
153 807
854 490
35 588
176 712
962 134
992 626
441 404
241 762
208 820
672 381
730 627
368 721
856 908
834 514
823 82
799 281
136 957
67 836
391 199
730 782
141 579
976 521
863 504
270 446
135 879
551 207
45 699
431 506
281 508
154 630
837 986
341 47
940 601
630 188
873 839
398 328
700 292
147 581
863 497
612 759
91 790
336 468
736 948
119 856
227 847
19 409
669 418
912 471
253 345
135 453
477 790
925 568
737 632
134 169
732 422
100 908
620 1000
538 822
755 284
683 604
324 142
345 476
398 63
88 462
823 789
321 215
398 299
602 217
506 297
858 982
677 230
950 10
136 655
566 0
13 348
396 562
666 528
290 380
848 479
615 701
114 732
392 365
418 865
137 236
48 834
117 725
13 799
428 112
558 575
121 676
812 134
891 159
428 125
987 537
114 765
543 395
976 872
255 634
556 223
165 34
952 594
196 328
21 641
863 302
796 478
889 516
283 337
267 669
481 571
704 559
961 848
105 422
998 55
566 609
892 397
954 242
589 178
302 9
74 334
368 569
441 431
493 906
246 921
411 492
498 610
14 314
111 330
574 31
851 493
913 381
214 664
673 618
719 555
213 173
677 616
927 533
972 451
662 456
381 874
620 722
50 716
379 221
121 475
898 110
824 898
124 783
645 286
173 830
334 690
790 465
172 220
841 876
574 351
211 489
195 137
37 720
501 544
693 573
778 368
694 159
327 329
332 655
582 673
649 91
532 361
367 554
421 118
478 423
680 838
273 74
282 118
614 231
904 22
560 285
131 660
257 394
827 9
398 270
462 110
702 333
549 388
38 979
490 465
367 315
251 597
694 863
2 523
993 207
890 338
139 382
172 833
369 184
325 668
936 489
499 794
514 46
998 149
782 453
798 441
338 340
658 878
640 595
266 995
616 605
342 490
784 771
865 860
849 591
417 264
403 903
28 755
438 442
310 513
626 129
568 717
870 490
31 320
57 136
165 920
710 344
493 215
105 389
498 783
661 561
944 174
78 750
100 588
348 523
115 34
656 440
997 486
583 744
748 655
603 184
211 397
51 205
496 237
133 977
786 119
666 403
645 706
281 184
65 612
759 543
355 404
268 689
731 144
390 499
656 604
51 46
112 279
326 772
619 100
100 74
308 70
322 703
394 467
433 411
653 975
912 544
394 784
561 724
313 101
202 587
396 241
868 302
501 961
103 997
772 389
581 317
984 293
429 617
946 443
530 277
397 403
685 685
84 815
716 834
826 700
255 231
287 732
774 69
486 642
307 628
277 16
757 429
578 674
24 660
654 85
459 264
812 995
178 850
233 147
244 374
213 492
745 661
86 139
620 285
825 403
811 330
899 439
306 578
678 503
505 780
333 777
155 664
309 908
513 452
795 903
576 189
827 407
441 715
224 392
556 541
793 668
461 969
752 201
986 689
861 636
73 3
241 629
597 103
554 241
171 239
643 854
836 189
859 899
772 821
872 500
112 472
78 47
563 89
296 439
919 558
903 347
914 810
369 194
15 26
470 223
149 665
902 193
253 258
835 284
495 195
974 542
954 658
820 925
69 62
274 930
820 353
548 213
843 876
35 295
105 38
784 626
180 313
492 703
267 216
996 10
306 715
347 115
312 342
513 766
718 761
605 720
595 581
659 492
136 220
40 658
327 275
409 468
258 795
397 904
147 123
377 115
663 654
478 337
2 434
718 711
564 803
53 757
875 274
125 335
177 792
11 840
451 836
937 842
129 381
155 868
519 869
946 247
8 850
243 264
938 940
65 875
160 183
859 170
115 279
312 861
674 699
911 118
501 901
888 530
62 300
554 572
212 657
881 622
701 452
354 942
362 512
214 784
557 643
154 212
716 719
743 643
128 940
305 508
766 212
235 940
621 389
536 83
470 641
844 478
933 274
723 915
371 992
693 429
41 405
140 293
839 547
267 275
112 546
286 166
450 281
400 2
575 312
239 654
676 965
843 107
258 741
612 132
97 592
621 773
431 598
704 173
847 206
456 576
149 767
180 785
365 80
456 150
99 944
211 851
562 493
592 461
470 382
887 75
79 459
132 930
560 830
558 485
411 598
495 361
839 203
712 642
831 444
303 341
567 40
994 968
995 492
566 968
315 213
278 22
240 911
547 579
179 913
55 448
613 498
967 503
806 809
550 418
903 430
763 497
417 977
387 994
316 267
973 196
523 627
173 813
337 572
823 532
766 725
835 578
392 989
658 60
519 442
150 323
651 594
354 605
311 741
268 562
798 176
82 484
982 86
642 305
308 658
613 170
976 581
809 574
944 491
708 335
676 784
137 571
205 366
501 81
884 126
951 514
261 121
353 800
834 721
0 167
345 455
22 915
169 45
855 885
493 102
146 557
958 311
306 1000
709 880
859 213
87 733
407 88
495 994
815 892
142 912
0 548
220 65
576 63
887 477
60 851
821 743
534 222
352 852
35 725
371 333
972 536
792 700
556 236
374 764
209 693
55 393
861 876
221 781
350 974
528 842
137 214
37 267
741 518
655 884
730 830
882 126
933 944
908 191
536 543
288 414
184 382
162 490
877 624
816 945
151 702
426 382
844 499
884 97
691 629
876 19
728 722
371 133
200 613
347 781
820 749
700 954
1000 93
945 229
526 536
483 951
472 37
181 512
70 196
606 675
758 884
672 835
27 260
411 959
92 237
456 458
722 249
45 446
453 536
913 47
90 583
1000 878
62 144
850 494
663 747
143 759
25 985
338 773
165 768
744 29
339 518
986 891
556 102
998 405
187 42
372 133
458 245
23 848
15 410
735 42
214 685
52 109
256 157
561 933
135 681
700 936
119 183
513 391
487 171
419 246
605 812
830 906
33 799
803 273
5 694
253 418
62 185
257 73
222 872
828 162
130 396
368 400
857 216
695 989
977 544
817 343
612 712
395 486
490 925
191 441
758 109
880 583
223 969
115 308
358 924
535 413
711 752
621 943
500 955
589 85
108 903
467 935
390 1000
749 743
885 680
866 433
400 641
995 623
133 993
364 536
111 6
591 735
75 766
251 59
164 636
884 185
4 55
229 210
14 6
124 352
797 779
971 588
647 946
564 674
932 470
402 194
804 736
343 721
982 777
666 634
825 645
734 532
308 314
302 19
883 303
985 352
923 145
106 979
513 184
941 235
994 74
914 66
892 804
590 613
236 556
525 366
368 140
278 673
107 183
561 854
572 815
433 114
120 118
918 424
210 383
381 616
279 918
753 381
218 470
605 272
1 813
879 677
770 73
459 62
753 290
430 406
514 745
538 411
419 643
849 254
571 655
884 64
121 44
862 797
587 389
271 570
484 678
797 575
262 695
380 262
867 800
471 486
60 1000
387 912
657 520
14 457
652 243
456 416
977 665
487 351
937 870
612 45
484 458
451 428
721 649
975 446
293 730
428 793
473 206
831 512
962 717
325 4
93 62
491 247
111 234
436 113
436 360
588 868
186 895
704 837
610 287
85 641
251 996
321 188
787 567
85 961
181 281
790 141
896 37
832 270
180 45
148 812
185 677
397 559
562 451
528 54
800 366
476 998
977 426
129 892
970 494
531 924
545 45
673 384
213 330
851 793
149 347
431 939
347 932
441 625
512 166
639 31
474 510
844 648
867 889
845 764
154 961
646 120
997 988
668 738
895 55
609 605
997 362
7 1
574 641
995 594
761 390
638 180
836 838
440 705
236 200
936 282
400 832
394 335
149 510
689 979
270 984
871 391
786 379
73 549
373 849
483 19
699 199
709 645
69 59
103 339
425 266
728 909
462 443
327 369
966 267
67 393
707 630
632 848
540 644
1 713
168 119
998 384
784 160
961 147
933 32
108 170
875 140
523 761
657 561
951 211
802 819
187 736
75 486
800 5
289 380
927 224
742 345
248 940
758 441
336 301
952 859
429 587
687 296
917 221
751 937
756 656
429 333
228 50
482 787
240 991
127 850
457 556
567 973
579 848
512 625
867 438
752 285
686 41
926 343
392 695
709 732
897 634
446 627
211 363
529 546
578 590
143 981
187 184
389 203
712 198
90 927
831 207
545 246
888 339
239 694
724 209
790 4
953 316
979 601
846 620
725 964
9 131
363 855
54 273
853 166
581 827
310 105
326 111
577 690
330 811
657 539
896 739
817 687
145 163
704 271
344 80
859 659
4 296
201 477
118 663
101 409
910 375
1000 1
137 721
9 71
50 222
261 874
714 340
237 720
234 651
736 253
104 288
986 190
236 740
555 276
140 962
637 269
499 89
902 303
377 8
901 887
777 527
62 961
19 17
851 613
527 624
454 972
67 909
312 586
616 735
401 772
440 954
718 517
862 573
167 602
119 292
704 367
740 942
575 434
452 944
942 52
384 226
545 751
541 765
109 284
376 615
494 575
627 452
571 313
589 359
466 970
211 689
786 211
308 446
161 382
605 139
886 271
350 889
468 590
595 27
945 430
742 810
702 887
764 897
985 1000
258 610
474 876
699 850
119 748
386 843
736 656
760 869
403 495
936 253
61 505
546 15
377 148
66 771
416 235
440 436
118 274
609 124
189 468
427 15
921 378
508 947
998 743
737 487
376 449
458 862
964 895
195 675
452 73
347 473
901 816
280 293
222 732
209 245
866 454
91 240
960 264
67 642
404 694
524 184
277 32
957 280
11 635
671 3
863 476
303 230
359 729
684 702
106 283
654 36
124 271
325 920
588 223
475 172
246 144
811 106
272 179
520 183
680 714
185 802
28 841
269 65
994 895
630 663
623 522
719 400
665 788
535 396
369 670
497 27
820 300
257 189
675 412
672 757
817 59
525 423
573 521
554 682
645 109
603 512
987 483
908 203
723 542
648 140
828 260
545 738
358 511
758 904
186 971
514 754
662 800
153 525
989 604
545 886
68 531
579 339
4 183
451 28
898 954
678 280
836 364
895 838
485 888
670 74
463 121
643 767
103 166
718 671
31 114
198 377
642 62
721 619
936 573
690 946
989 906
952 679
323 596
573 731
170 390
97 270
347 358
271 754
250 134
827 561
83 467
80 559
701 904
383 867
311 384
128 592
971 906
716 652
785 488
280 713
221 360
230 483
576 859
272 122
650 737
651 755
174 866
193 915
283 671
778 675
944 385
567 798
912 91
187 300
547 483
849 713
52 121
66 236
593 592
772 802
877 487
983 872
511 178
653 487
178 822
179 101
600 705
110 204
567 363
16 747
252 838
552 442
398 193
780 538
542 821
85 929
527 833
947 170
80 890
718 798
538 977
719 660
68 953
504 285
489 262
459 938
323 531
141 596
585 210
288 968
456 653
962 899
156 49
855 329
733 534
818 67
717 580
5 434
730 631
870 119
446 308
397 524
900 370
468 135
445 951
325 619
769 350
776 747
716 111
790 429
717 813
77 173
45 267
507 582
326 90
259 96
938 435
704 508
520 643
198 213
999 331
293 863
204 424
523 406
68 962
142 681
917 696
153 696
770 96
259 795
861 507
445 920
143 370
379 203
75 15
471 962
126 699
692 538
294 999
609 694
984 747
741 319
272 189
425 373
849 375
694 643
14 4
799 817
365 55
268 547
258 880
179 850
99 872
936 932
999 673
763 312
525 647
550 502
341 125
85 920
933 604
853 940
790 149
64 147
990 251
582 676
730 268
357 413
3 66
858 476
570 390
446 145
447 411
165 281
394 112
679 165
862 229
708 460
717 59
590 1
40 258
65 250
208 786
865 970
377 153
876 71
357 72
981 987
16 689
530 668
668 500
424 958
84 7
716 148
579 797
131 527
337 704
954 847
469 878
842 876
225 818
762 281
898 792
79 865
76 41
551 605
188 355
632 134
269 122
417 844
836 547
541 511
440 395
514 497
599 802
741 976
347 243
799 969
167 109
115 937
327 245
934 756
657 848
990 494
906 304
465 190
885 503
328 274
28 900
0 519
69 157
560 179
990 739
802 491
875 990
741 86
954 557
581 308
436 295
371 192
821 106
34 670
801 250
513 415
658 512
521 444
164 729
942 536
861 831
568 362
177 745
10 638
85 648
903 430
974 497
850 344
709 65
477 756
666 571
734 30
951 33
925 1000
20 524
456 264
222 194
788 556
349 685
542 161
75 573
312 116
539 7
483 444
358 598
206 330
40 263
937 498
561 353
939 558
445 884
543 372
697 506
440 112
68 627
995 492
233 789
148 509
955 868
262 451
462 397
487 47
869 237
350 372
258 837
346 729
285 195
952 527
684 798
136 487
495 59
334 770
418 172
923 643
341 42
813 968
870 675
698 601
547 610
203 257
232 691
971 851
934 43
175 663
970 474
53 604
562 437
536 912
323 188
523 728
883 777
230 3
294 304
316 35
397 267
171 459
870 363
349 513
228 942
600 862
145 37
799 986
621 548
22 890
115 166
902 237
468 370
660 368
50 122
24 646
649 51
630 493
290 278
446 33
404 444
276 647
532 163
813 18
510 611
815 548
571 176
114 866
858 868
103 347
13 658
954 153
884 380
253 962
228 635
252 894
184 40
568 478
958 494
357 638
257 544
738 240
859 990
59 314
822 517
9 20
699 620
879 366
726 443
783 229
276 745
656 774
232 651
312 867
13 570
229 999
240 176
530 167
171 607
870 48
709 93
68 955
656 70
111 362
157 971
544 569
5 962
571 225
921 21
158 159
859 45
785 560
826 392
292 817
291 979
604 199
478 491
916 371
914 609
808 880
28 78
298 38
962 183
47 3
642 514
906 474
449 332
0 212
540 411
58 879
124 168
379 849
994 500
560 911
764 327
113 266
977 966
44 19
874 85
137 646
302 257
679 363
69 45
906 933
451 759
619 290
77 862
751 207
885 514
301 153
758 955
300 603
614 657
778 594
696 250
459 674
135 499
304 523
548 695
677 330
923 300
299 432
185 933
617 92
548 805
565 105
101 304
165 653
623 287
432 161
37 29
468 124
111 226
494 37
534 684
305 891
513 197
995 146
144 481
579 263
214 295
504 991
794 908
67 384
808 435
695 988
227 564
31 624
903 968
438 352
168 295
553 149
80 581
53 531
494 847
753 684
744 888
13 602
47 760
651 32
47 424
84 610
448 737
436 718
539 142
577 929
970 816
989 928
378 128
821 79
757 396
419 352
592 440
807 688
230 912
61 43
456 2
907 632
632 942
326 421
821 779
903 909
92 82
319 355
443 572
376 667
530 257
490 366
509 562
929 633
352 519
483 693
679 1000
731 948
228 151
338 627
728 166
843 353
963 548
201 293
606 970
337 332
95 813
276 170
339 477
36 551
327 738
749 962
391 957
387 754
863 642
501 252
766 66
306 979
627 32
238 547
195 992
344 493
671 567
655 729
721 188
856 259
789 633
116 133
786 546
388 177
537 109
152 631
907 802
182 756
846 299
246 238
871 648
919 160
771 944
763 325
117 355
684 441
815 935
143 956
301 405
412 911
696 932
282 812
474 736
746 995
433 294
85 752
446 699
792 254
704 354
942 251
999 280
624 165
856 5
455 674
518 510
87 27
317 459
75 481
437 896
539 970
191 141
232 741
989 756
167 558
772 250
186 990
171 576
904 268
606 673
628 167
920 339
596 807
375 503
678 712
112 947
250 368
568 221
878 95
307 89
180 293
275 310
293 108
384 921
290 404
560 54
947 365
336 269
507 433
440 242
641 602
610 493
645 237
968 512
158 838
936 421
876 816
970 48
660 552
293 477
580 819
713 981
968 486
252 706
125 815
621 262
603 852
526 329
34 601
959 31
984 132
856 968
218 31
666 32
380 498
570 475
575 79
938 613
408 598
668 930
735 834
190 808
207 590
7 692
91 384
300 692
121 328
411 466
547 983
195 544
681 982
253 947
464 250
941 322
475 837
191 752
515 382
586 84
722 320
640 840
207 952
874 248
801 992
211 832
205 850
636 881
87 147
791 700
16 359
424 357
356 434
744 149
480 165
517 721
864 591
291 887
641 909
471 781
489 329
811 607
204 719
249 60
657 634
167 89
261 985
614 764
932 338
456 225
895 28
218 41
770 542
333 126
701 987
145 618
820 551
327 895
719 453
474 506
902 112
800 994
950 673
779 510
368 274
206 256
704 114
764 254
373 990
953 57
93 54
441 307
225 935
94 132
959 779
648 22
946 103
830 432
356 739
815 453
121 573
939 858
29 22
807 251
551 89
478 985
56 777
260 85
336 896
336 973
187 285
511 995
585 80
425 760
605 366
940 678
639 772
181 283
260 514
8 84
784 256
670 37
589 376
665 760
478 932
573 561
18 354
453 529
361 817
286 496
757 995
882 484
515 370
921 645
281 687
824 930
782 389
601 631
62 540
70 760
669 286
161 690
381 716
883 494
977 905
520 588
165 659
706 695
467 164
886 913
115 922
733 971
846 435
987 590
863 440
282 548
82 498
545 701
542 413
297 950
405 79
511 64
721 910
826 900
896 416
841 812
229 462
461 13
439 934
863 732
850 449
347 277
383 579
810 95
517 196
413 184
55 607
784 975
274 366
765 21
576 18
396 441
575 299
484 649
530 331
262 37
99 495
448 956
934 619
915 507
968 470
292 906
565 544
676 512
234 155
575 850
798 455
62 637
32 325
547 158
694 619
572 226
883 424
866 480
872 493
356 227
690 834
191 167
235 445
290 804
534 482
579 417
543 752
54 330
751 832
47 248
758 821
871 760
322 243
660 492
547 574
948 60
854 300
209 384
771 188
181 629
122 199
440 494
802 310
909 661
691 416
511 952
405 901
485 780
659 54
733 887
667 468
660 22
246 853
554 676
250 64
293 696
624 341
185 963
195 287
511 344
970 637
924 132
824 452
65 95
507 908
829 520
892 833
42 288
493 58
25 947
34 63
995 336
420 385
514 443
385 154
179 789
826 30
892 851
584 362
811 890
545 136
419 72
780 899
665 220
449 689
57 609
556 77
502 91
540 165
295 712
976 463
437 376
119 965
920 549
353 115
226 7
921 425
452 412
80 107
856 386
92 927
13 845
587 916
711 19
340 694
245 75
921 951
244 319
421 970
193 466
137 701
839 961
935 235
160 845
925 284
799 417
928 25
449 185
291 634
95 251
325 631
971 538
304 461
55 680
574 496
379 801
539 648
53 915
728 206
458 888
610 108
810 409
985 538
471 574
521 188
128 350
402 664
779 539
240 481
788 617
38 131
370 727
603 258
259 34
850 667
752 813
799 490
96 398
699 47
835 967
762 646
279 919
245 665
271 307
883 490
391 202
546 931
465 818
597 785
63 67
79 141
183 190
64 441
57 450
676 157
208 566
388 482
973 567
656 662
731 406
935 600
493 197
406 344
409 277
154 529
227 438
576 943
523 206
359 46
365 517
530 715
697 69
660 548
654 778
980 504
307 50
986 28
304 146
712 949
121 64
644 283
667 875
349 941
870 990
705 571
613 759
535 628
973 14
607 623
549 779
473 758
199 609
372 519
141 673
174 18
293 766
754 446
638 642
880 695
849 823
86 431
644 339
538 738
966 943
293 665
825 168
75 218
644 163
604 829
767 503
642 637
102 570
404 100
323 900
815 360
808 292
789 864
403 479
278 784
296 571
785 70
671 658
119 443
793 329
53 58
649 890
577 740
537 348
220 452
958 172
313 845
639 380
532 422
955 656
804 982
329 487
163 135
214 529
425 150
14 682
573 829
259 656
22 390
915 255
235 460
833 91
250 760
76 306
60 996
406 306
685 844
158 179
733 52
522 110
380 788
570 865
901 261
706 919
916 515
111 371
878 73
444 867
314 450
748 867
686 871
772 880
536 453
844 289
766 132
774 489
384 34
281 465
982 196
748 454
171 130
709 428
567 642
12 288
192 87
818 461
252 413
463 387
399 988
206 606
576 824
810 178
741 193
395 255
950 689
409 569
459 233
989 728
239 829
483 441
13 925
189 187
890 39
211 827
799 516
676 660
271 441
779 708
15 538
687 213
522 167
661 735
895 930
471 269
121 305
250 866
117 113
428 684
214 544
262 934
287 343
239 823
963 273
564 339
677 968
259 91
746 815
484 543
107 286
614 638
989 205
313 859
909 318
333 468
915 746
286 860
571 800
907 218
806 59
692 290
855 2
992 172
41 474
255 885
193 619
149 855
186 888
627 613
324 173
420 276
990 656
509 427
153 565
329 22
638 786
828 601
661 892
396 860
924 235
947 283
835 724
569 846
291 128
409 139
340 74
318 422
382 278
828 526
4 36
68 981
740 872
887 981
55 940
327 469
572 907
581 473
514 323
8 675
409 782
896 999
585 726
594 885
113 222
209 528
529 102
568 938
772 271
62 127
921 54
526 451
763 649
154 272
431 301
999 370
826 288
829 803
482 766
805 735
752 125
542 85
238 159
595 187
183 236
735 573
866 799
378 848
18 328
443 326
621 242
655 793
769 731
3 569
27 815
694 589
160 493
188 85
285 907
307 381
169 870
613 756
698 430
309 321
595 45
223 662
311 380
277 219
685 578
629 890
695 137
600 461
283 912
205 476
408 398
94 586
389 320
641 817
583 426
404 827
768 22
185 136
431 901
53 143
925 916
872 381
140 896
233 488
559 40
423 498
828 102
632 420
486 137
947 543
528 174
808 362
928 754
700 665
14 34
997 531
492 518
606 651
859 599
900 337
625 56
416 520
270 540
389 774
651 656
627 395
84 970
133 81
331 669
574 438
932 907
413 797
686 880
865 674
370 322
643 994
669 156
951 205
364 973
668 610
676 135
826 511
298 894
889 85
142 613
664 742
557 443
327 1
196 73
273 624
875 31
297 228
199 272
982 524
926 508
353 120
408 52
20 520
243 360
565 842
390 227
641 764
311 574
939 179
826 91
556 153
32 832
919 958
517 947
190 975
861 670
890 981
796 256
504 563
810 977
798 217
154 328
426 547
345 865
716 70
886 458
841 264
165 935
508 460
194 822
87 544
485 580
490 273
878 89
423 136
53 268
834 395
233 40
562 3
438 593
974 644
602 522
211 887
980 269
738 24
745 554
367 936
522 648
62 916
175 973
1 129
908 148
468 775
18 822
29 136
614 54
103 338
703 611
9 839
621 565
288 382
716 775
629 941
455 84
60 151
931 332
208 491
747 292
290 217
855 920
9 834
782 400
470 827
257 764
233 826
323 84
18 303
909 149
633 146
345 710
957 327
767 258
398 559
969 923
794 756
335 255
945 372
464 652
24 34
770 981
101 58
277 207
522 948
203 587
692 489
548 634
493 591
797 113
430 362
981 948
903 699
854 486
971 571
995 311
118 4
385 551
816 981
0 462
437 780
814 464
141 763
578 738
724 39
354 700
884 780
22 5
900 314
795 188
619 738
300 221
775 242
618 243
850 366
356 605
414 298
836 531
527 438
221 809
75 549
368 321
258 761
125 420
410 552
387 834
384 828
705 976
250 366
875 17
338 654
193 862
586 477
946 85
265 378
12 243
246 897
398 317
975 464
392 529
377 734
805 268
226 641
11 995
763 751
155 920
573 297
555 114
218 689
493 392
240 797
675 207
943 977
899 162
652 544
374 348
170 942
108 222
639 125
904 101
745 610
525 59
40 553
74 27
978 254
516 734
770 324
426 435
827 285
695 823
657 700
778 117
920 909
389 70
650 809
95 384
116 48
350 762
135 55
206 94
210 143
554 716
600 853
304 278
736 981
318 548
221 410
837 422
989 489
907 375
652 898
332 363
168 548
768 579
680 237
997 282
790 100
325 859
379 347
38 22
639 837
385 175
833 892
693 85
341 16
862 412
868 37
191 842
945 211
742 316
215 472
334 93
728 530
427 140
377 625
508 571
113 764
192 668
503 521
363 108
940 153
300 428
871 319
679 991
540 544
240 77
834 122
951 795
794 578
919 530
780 313
272 38
20 332
223 436
983 542
63 110
491 866
205 692
852 769
817 199
187 1
269 506
176 642
791 251
707 965
363 902
943 236
110 816
261 668
612 247
88 156
687 65
821 181
254 714
811 846
346 384
246 995
939 410
48 145
389 775
233 484
857 12
864 33
539 198
950 651
850 286
911 666
150 911
104 309
344 391
118 957
591 100
80 45
385 758
553 149
518 725
338 422
939 4
203 859
9 809
771 680
612 629
496 565
92 151
379 113
43 692
461 980
969 834
448 404
893 131
699 784
57 694
896 600
508 393
242 661
315 52
670 232
688 731
950 784
409 744
862 297
324 588
364 936
881 237
364 313
1 823
968 762
730 620
849 373
720 784
525 867
306 799
592 135
639 774
597 223
519 382
482 328
844 477
622 717
887 266
214 964
198 624
245 731
365 705
854 605
601 111
645 786
352 423
270 479
545 376
834 409
8 678
820 459
267 333
206 152
395 490
334 301
782 334
821 916
840 820
899 175
248 985
361 173
570 496
421 934
849 611
678 549
717 470
151 977
209 624
980 562
436 535
281 881
782 532
292 663
97 90
42 129
803 910
283 852
234 269
135 954
824 986
490 129
633 728
68 785
656 657
606 131
788 39
931 569
68 308
979 36
816 530
453 523
632 713
916 512
566 361
631 990
435 451
582 671
328 208
818 417
32 723
190 36
193 891
417 578
814 816
628 397
97 358
728 349
1000 292
122 107
851 439
818 766
942 218
471 449
328 842
959 323
202 879
925 645
441 124
704 253
36 226
691 619
652 647
302 788
173 961
906 606
755 985
350 576
855 747
221 528
160 497
726 678
13 391
265 977
580 957
336 276
112 533
783 651
606 45
253 59
455 555
306 198
979 243
182 498
653 123
10 14
522 692
630 819
11 35
169 1000
36 242
506 853
878 599
944 217
723 114
748 190
421 623
223 482
475 632
328 405
538 99
740 108
511 395
183 947
96 399
374 299
779 423
899 568
482 407
81 582
143 772
758 233
747 518
737 355
385 440
825 112
725 221
237 387
312 692
722 622
181 369
401 494
648 909
44 388
640 342
457 941
626 518
373 324
729 36
637 403
703 408
824 837
861 304
763 70
854 861
720 119
82 946
641 474
900 259
916 235
827 962
70 787
619 186
371 638
449 201
233 400
675 561
718 181
760 934
815 645
771 208
946 478
90 847
518 501
373 805
771 50
340 382
616 263
33 291
772 699
219 819
603 764
829 493
315 782
954 53
774 406
772 990
238 437
607 674
684 686
38 983
468 258
863 697
929 685
933 700
328 200
484 544
346 416
271 734
824 38
338 207
41 789
657 641
424 999
517 231
521 784
579 85
359 127
116 752
433 515
879 687
682 918
612 963
541 85
874 261
300 928
581 411
802 435
85 639
278 468
580 130
70 782
355 531
193 519
250 401
599 854
1 205
963 439
690 817
549 7
185 792
367 852
576 563
763 902
195 489
902 9
802 728
527 453
688 858
592 447
761 908
965 133
395 117
445 399
859 843
824 712
131 199
108 17
522 632
758 592
912 660
41 986
306 34
690 260
930 360
34 504
401 514
817 197
275 777
456 742
952 971
179 465
703 1000
820 389
461 252
702 247
349 885
52 903
726 281
489 768
561 200
248 657
415 523
25 571
202 841
883 824
75 746
64 7
568 595
956 480
6 327
682 380
944 781
823 850
502 155
36 337
175 802
172 42
599 964
274 275
610 91
73 179
649 370
291 983
213 549
814 846
547 26
570 301
54 580
90 380
418 628
61 896
775 605
318 722
498 118
207 449
405 440
371 689
940 467
929 141
302 125
966 473
212 685
437 465
209 553
504 953
376 872
797 882
650 513
5 419
698 969
346 997
675 542
308 867
852 166
225 260
485 13
445 610
498 190
803 668
192 908
475 668
288 40
645 683
410 503
220 472
233 710
422 270
281 146
681 144
278 813
532 674
743 862
406 129
167 437
748 162
340 292
273 794
470 88
349 864
542 101
883 363
465 471
112 810
500 2
614 591
821 383
788 745
336 368
904 36
433 388
442 383
765 387
691 960
826 980
287 795
299 378
472 884
325 219
528 883
694 322
738 212
522 794
396 837
99 19
586 198
336 594
931 452
881 955
644 195
500 794
148 850
207 803
18 956
331 92
252 103
506 940
897 898
807 763
301 145
561 978
435 39
522 575
493 854
44 354
31 41
817 737
696 905
166 872
313 120
946 967
255 200
436 860
736 52
344 359
949 61
157 58
792 166
789 60
927 814
435 517
117 866
377 71
57 931
26 213
424 749
332 132
521 753
222 473
964 68
323 757
379 465
187 808
598 243
500 800
376 854
844 18
370 410
261 267
130 114
890 835
653 596
76 911
743 946
809 66
889 497
187 462
76 513
300 597
258 520
764 278
155 611
417 582
67 528
860 443
23 114
60 744
482 963
4 474
157 40
169 642
239 934
373 381
131 37
257 913
22 457
21 645
40 747
263 414
866 931
421 281
717 219
654 758
859 144
824 375
737 455
897 378
343 271
681 891
924 790
597 110
475 437
171 170
627 767
241 167
832 575
347 817
109 986
120 831
2 596
294 197
215 305
316 753
225 474
424 747
187 248
445 529
904 795
967 977
131 581
678 732
71 26
976 92
402 263
683 701
458 40
761 910
891 31
399 489
786 703
453 511
1000 549
790 921
631 300
921 1000
134 613
301 667
931 723
368 164
786 405
326 725
410 867
24 981
468 308
633 822
963 471
553 884
589 317
706 899
684 291
227 145
89 731
920 776
231 649
944 883
833 359
662 263
261 420
465 925
164 198
54 217
554 556
352 898
36 777
582 329
180 882
382 948
517 881
850 346
80 257
223 554
75 368
330 122
475 672
574 854
498 88
325 605
890 498
697 943
432 277
821 516
352 908
607 282
641 746
881 516
298 963
600 209
641 946
658 229
393 692
939 952
177 394
232 153
868 132
1 518
938 679
569 468
47 579
502 400
966 685
999 841
647 540
886 254
983 715
825 179
749 115
507 613
808 872
491 588
225 146
837 65
902 694
682 1
632 117
27 524
88 789
53 900
114 223
179 491
433 769
383 322
156 477
451 610
460 184
661 829
703 953
954 130
448 937
312 857
68 959
928 772
769 56
979 175
419 753
357 889
127 7
677 668
581 23
582 146
993 788
395 748
114 173
52 600
505 488
885 627
704 779
79 33
170 21
919 110
171 355
891 665
272 78
350 752
111 299
663 535
118 240
670 624
626 122
78 835
555 535
131 62
671 131
215 948
521 981
923 455
41 210
738 684
221 33
636 523
455 810
112 376
65 988
71 248
105 911
707 594
289 228
7 961
371 837
124 740
984 768
84 838
682 44
572 357
623 341
254 514
941 479
820 904
954 725
570 453
453 966
886 565
602 85
143 814
630 689
271 191
331 309
102 295
412 690
579 985
846 240
349 363
918 580
274 372
622 699
140 702
919 337
838 416
845 309
309 49
774 998
39 413
826 10
922 704
651 270
501 460
334 238
415 138
859 694
692 82
711 168
392 750
159 334
178 833
474 430
773 81
536 712
721 645
104 788
185 906
268 365
296 60
209 246
495 414
337 144
351 978
393 915
822 337
357 922
594 354
313 189
694 29
585 287
334 800
977 17
303 462
595 58
863 864
452 598
381 143
785 779
968 531
312 39
361 370
466 228
244 668
243 396
402 325
636 486
571 975
854 524
438 189
273 375
967 164
214 799
844 677
656 470
241 607
415 871
9 325
934 186
172 81
380 211
363 723
133 464
782 714
515 916
950 197
863 724
50 631
475 878
907 202
863 545
341 529
7 239
89 380
239 987
897 840
147 92
959 954
875 857
526 21
567 405
517 359
205 254
594 662
774 140
623 856
344 845
827 886
332 394
316 960
294 601
364 72
152 73
663 92
238 345
943 323
161 564
195 16
389 864
119 896
998 26
297 671
405 913
803 362
290 580
0 462
924 62
444 708
240 666
969 750
737 997
876 203
342 308
574 268
16 179
711 692
419 208
659 975
366 696
775 314
140 75
1000 619
214 390
626 785
113 239
886 175
903 629
926 947
335 538
57 636
236 571
67 694
424 300
86 444
317 371
579 135
742 408
332 702
7 965
876 959
265 590
883 830
88 446
640 801
687 387
439 572
75 545
399 866
30 822
520 933
223 126
486 911
959 167
775 181
15 997
832 62
196 635
208 839
232 849
62 139
381 850
562 913
590 882
5 403
503 475
529 925
463 235
994 4
26 697
955 984
841 925
153 269
698 258
155 461
808 909
552 231
768 757
713 490
928 35
211 65
510 964
79 852
981 203
915 631
991 949
41 534
287 758
705 499
174 113
500 30
544 74
926 883
358 298
597 299
76 190
244 531
342 81
149 948
661 342
974 451
63 538
710 639
764 484
814 41
207 385
80 342
446 351
672 196
381 373
522 571
366 779
539 492
830 309
790 637
769 739
124 200
686 444
694 499
217 844
104 693
466 618
827 291
854 977
131 329
861 107
761 290
179 669
345 154
739 731
424 478
582 497
547 666
278 532
820 707
155 679
646 880
797 76
895 977
980 831
818 213
765 903
441 371
488 810
779 632
679 720
288 725
891 483
361 959
592 30
89 28
566 847
444 67
585 124
63 793
528 438
225 386
349 953
762 192
552 317
242 836
480 970
176 181
188 944
703 435
426 447
403 949
454 148
148 610
661 764
103 61
251 64
536 580
187 649
34 159
805 552
337 771
979 775
169 738
74 810
446 659
996 725
75 416
574 836
405 223
631 722
206 708
506 817
838 327
229 196
262 971
813 400
505 284
422 585
369 637
662 984
325 209
161 8
181 537
888 991
710 948
780 236
999 550
288 318
635 576
290 29
717 579
693 249
892 589
32 898
712 833
500 80
541 47
828 541
407 453
54 115
607 955
352 277
371 225
690 990
91 863
50 784
534 190
732 505
766 183
883 687
975 575
150 243
896 570
681 611
182 14
211 910
232 326
452 768
753 5
554 194
542 794
540 864
479 592
776 208
640 265
496 322
663 506
870 895
872 190
840 606
524 140
523 178
540 866
140 814
620 417
232 524
895 774
220 14
895 519
809 565
253 608
572 649
18 251
8 667
974 564
529 983
420 50
299 273
466 609
277 402
480 905
41 670
905 99
474 147
809 195
639 121
208 645
943 638
865 7
608 237
800 45
508 108
157 808
221 805
178 544
298 870
860 566
907 386
773 304
489 713
378 482
63 450
447 187
948 368
928 192
910 917
202 911
266 462
925 392
728 444
849 210
661 872
39 882
549 281
999 541
812 492
608 20
771 258
480 148
243 387
116 442
843 821
621 795
995 770
691 222
827 865
661 284
833 951
230 73
178 657
790 752
654 50
660 907
352 971
63 907
704 207
207 804
822 555
386 165
604 820
284 722
793 95
591 903
143 28
946 781
236 87
535 188
172 687
801 766
925 660
722 818
216 191
411 460
968 538
508 777
563 394
373 255
50 119
703 206
538 189
825 409
338 689
54 935
650 699
840 841
431 389
904 574
682 893
757 132
340 206
775 174
116 985
779 194
884 640
997 846
18 997
994 497
308 75
226 864
75 287
676 205
269 682
359 580
701 346
858 893
323 60
510 168
377 835
462 495
843 616
22 102
644 794
747 290
580 784
914 586
655 150
241 175
616 948
759 669
488 632
421 942
547 232
28 157
813 219
382 142
329 794
19 721
195 456
633 351
394 283
99 746
727 759
134 742
448 115
537 529
74 562
708 295
783 493
362 310
895 884
505 164
317 432
490 975
720 306
741 677
441 791
969 902
124 456
939 242
254 449
455 909
860 590
170 739
442 769
278 916
972 217
225 349
377 994
343 914
100 635
589 423
937 142
982 243
621 714
824 645
165 497
306 749
945 291
747 917
220 752
204 298
358 131
958 286
823 803
146 35
871 335
963 968
436 312
808 969
419 767
395 514
888 875
70 829
104 376
470 565
586 833
738 964
81 341
801 285
677 55
753 118
635 462
188 993
908 485
771 813
917 279
785 291
231 663
239 898
165 785
647 690
397 983
840 220
932 163
551 102
173 991
832 372
541 976
162 52
609 862
414 48
447 75
371 710
536 264
198 23
812 722
777 590
840 685
491 678
446 177
33 495
343 654
912 825
7 909
266 443
471 358
859 795
997 613
761 316
649 157
621 856
308 826
6 992
467 699
691 447
145 1000
416 828
505 100
38 254
266 937
774 692
223 440
754 893
153 190
286 204
308 248
308 867
847 682
405 210
347 842
258 17
587 315
2 318
788 212
34 899
336 505
202 838
560 164
158 548
509 258
647 838
987 738
57 279
394 250
103 536
544 750
651 663
759 198
532 632
665 626
76 106
888 579
784 986
590 833
269 621
699 404
903 648
572 457
816 867
871 794
321 207
915 766
318 181
712 756
862 39
859 750
355 352
898 229
16 414
52 798
252 66
232 53
13 721
708 314
180 841
337 880
50 919
718 440
116 793
527 356
857 298
180 295
520 730
464 438
240 328
12 49
974 756
343 518
783 481
880 867
539 754
444 758
286 432
310 987
54 197
103 629
598 653
527 176
993 657
801 519
291 187
510 45
291 424
275 178
872 372
160 398
703 764
858 981
983 814
721 472
626 756
396 644
207 81
909 983
227 295
614 587
579 906
759 406
481 665
781 304
438 148
379 699
359 477
769 295
941 109
981 773
771 618
362 847
857 252
283 634
202 626
538 71
143 166
747 428
593 244
545 827
478 191
195 775
76 84
598 608
533 652
297 3
4 903
833 628
57 238
782 153
242 666
502 970
767 239
220 197
849 439
208 471
480 891
172 126
413 176
714 875
399 841
549 29
314 757
175 308
576 780
928 8
888 102
892 889
373 37
680 150
966 114
411 894
617 991
474 15
335 507
241 635
902 183
628 646
828 381
952 527
237 960
48 557
59 70
893 8
837 419
864 160
57 359
948 795
561 795
638 676
8 740
984 351
899 568
623 191
404 538
391 31
483 953
554 867
606 297
320 64
892 118
828 148
277 236
972 605
266 879
901 206
684 63
864 227
760 807
65 148
246 917
898 398
219 847
580 452
160 742
287 744
79 520
510 940
101 675
810 570
640 394
471 568
95 691
353 567
483 611
248 720
82 820
297 233
391 538
849 884
385 544
877 439
538 231
224 988
28 400
253 745
644 464
113 590
466 10
760 194
197 601
431 659
356 778
750 161
770 743
299 13
808 743
821 944
294 362
906 961
562 69
211 974
513 869
58 307
423 463
390 322
83 326
884 671
623 387
343 117
159 484
154 533
320 561
758 43
950 519
31 134
714 826
4 210
664 200
436 614
358 855
483 971
577 566
303 165
673 591
179 333
98 95
253 433
610 528
288 786
677 83
86 514
776 960
936 780
570 520
671 189
708 568
906 432
724 537
679 447
985 86
325 778
570 751
522 84
138 207
795 801
833 895
215 101
459 208
791 876
69 433
302 759
366 968
552 951
969 880
443 287
654 999
904 831
381 3
548 844
155 426
319 885
678 158
119 82
162 870
965 213
45 913
40 755
751 243
485 56
597 128
185 180
55 767
602 808
667 561
299 895
34 919
451 73
192 557
206 473
135 89
140 537
484 906
218 169
332 590
108 860
607 184
293 909
217 624
812 400
226 373
25 669
497 234
989 578
583 370
13 941
918 98
887 505
234 869
166 459
257 542
679 365
994 668
267 181
11 684
381 298
476 966
385 67
700 202
475 519
787 232
275 171
213 717
608 70
933 84
684 603
738 51
851 172
679 286
193 317
84 818
127 268
59 781
995 853
112 831
39 47
630 639
18 239
84 812
889 767
355 280
505 709
68 693
574 166
864 310
839 500
48 782
897 901
807 485
754 236
419 844
105 821
912 792
825 165
500 162
872 918
128 643
439 255
251 39
529 77
301 185
318 482
345 926
767 439
457 412
590 299
696 635
730 245
625 339
257 692
937 950
455 628
883 850
54 477
520 851
228 880
25 734
190 949
499 197
60 846
625 548
874 11
708 339
922 729
884 780
23 751
378 483
466 581
140 665
686 29
583 504
252 248
989 530
783 969
125 19
817 25
870 957
958 434
739 965
659 184
648 997
895 890
351 472
223 524
374 918
834 701
875 608
779 446
826 681
184 456
506 344
19 227
154 81
286 302
676 500
35 919
796 205
205 752
788 142
620 280
848 179
345 916
675 382
610 187
386 22
23 872
733 47
165 464
722 49
18 981
95 251
411 341
422 558
158 748
924 835
787 685
37 343
640 44
75 806
408 191
293 299
323 321
617 995
675 16
286 922
924 699
838 493
6 16
672 922
674 992
986 704
363 354
728 789
118 939
422 348
297 473
993 709
72 376
927 290
993 939
846 462
308 431
718 566
248 278
440 561
649 417
766 427
971 59
790 144
577 243
469 544
877 260
228 47
334 616
289 19
407 506
856 779
164 848
515 271
283 914
501 215
964 149
191 827
948 131
16 720
89 114
732 636
461 563
118 536
583 37
970 8
838 861
973 148
172 310
338 415
943 826
887 143
852 911
504 832
809 845
238 732
65 715
423 291
403 892
476 957
736 830
491 487
955 245
919 775
89 679
635 940
232 813
183 985
481 197
392 884
938 574
630 807
935 581
249 591
201 809
783 6
471 780
391 523
780 466
555 444
948 999
893 845
279 240
432 64
223 629
797 773
405 111
822 574
63 314
619 313
492 268
600 83
515 787
771 548
586 997
434 572
909 495
368 589
511 897
230 564
10 0
109 75
161 665
642 887
691 499
697 485
833 953
758 70
928 51
986 375
81 438
932 862
180 406
446 523
295 562
652 468
761 193
347 699
53 882
4 105
474 29
590 251
460 596
907 707
914 526
568 932
169 165
748 322
645 957
742 804
965 866
383 17
828 967
890 80
301 171
70 649
708 120
725 601
120 422
846 734
715 280
636 960
658 866
173 110
954 613
176 126
878 260
551 439
486 913
829 138
220 376
995 906
386 644
253 519
655 804
852 514
329 247
727 645
571 516
380 827
41 815
801 442
472 686
982 68
107 981
441 152
968 650
218 564
157 927
838 372
226 942
106 287
662 735
441 212
664 730
35 506
576 121
757 264
312 867
953 210
168 797
998 391
124 360
902 602
590 49
288 468
21 982
611 679
83 51
568 36
180 31
531 881
353 676
424 725
227 194
207 440
289 99
399 787
158 171
432 438
897 626
872 347
575 137
536 852
929 841
25 229
36 99
626 257
108 388
709 588
678 973
288 879
785 409
3 85
744 347
550 274
905 752
810 97
271 38
325 220
510 184
815 182
291 416
497 263
78 802
34 119
386 822
916 409
508 813
118 5
55 387
452 855
811 305
843 39
198 404
120 244
678 188
311 975
254 293
733 149
358 944
566 267
229 211
238 574
643 156
328 132
427 285
134 330
207 311
123 15
731 479
741 89
896 90
49 348
292 470
821 635
613 409
915 559
361 649
495 750
262 918
916 940
988 95
459 743
420 269
788 486
560 492
494 615
702 986
935 546
858 136
517 545
944 941
193 374
78 811
172 260
203 942
44 393
502 523
47 874
371 48
483 295
321 245
493 149
740 890
749 948
616 930
943 286
916 352
33 211
737 309
895 216
649 661
580 986
442 81
436 873
61 441
24 131
226 901
810 101
162 626
330 839
139 215
503 269
748 862
848 111
255 406
452 85
666 565
18 797
746 888
973 148
15 352
302 677
490 649
390 8
197 528
704 871
177 14
728 639
577 979
46 947
968 534
786 163
559 19
69 20
773 442
778 888
887 160
979 576
428 996
267 909
738 174
716 647
452 224
561 682
59 172
235 679
528 489
263 340
318 624
826 175
252 642
780 214
634 884
235 769
545 557
653 208
409 992
114 657
468 464
105 881
670 405
780 723
546 358
533 995
635 953
245 374
668 698
684 693
627 615
767 672
530 594
844 162
539 588
922 317
764 973
45 924
144 844
577 735
932 355
152 817
375 310
435 713
594 414
211 784
477 78
588 448
216 551
210 462
238 34
52 779
150 877
252 399
614 44
945 119
159 735
193 702
194 101
80 714
950 767
132 340
448 133
658 873
128 396
960 977
29 586
252 957
503 811
429 38
389 76
923 100
859 916
880 570
55 967
401 846
139 784
703 671
998 62
454 944
112 496
495 124
627 269
291 589
946 261
460 278
798 184
211 630
741 628
710 921
970 415
603 519
885 853
848 63
946 154
526 957
403 667
146 908
838 289
427 687
656 895
606 372
0 310
12 825
729 147
346 182
847 124
38 422
197 65
375 555
822 137
889 713
918 454
178 578
733 466
831 75
974 337
716 424
245 12
13 980
200 749
643 839
59 620
259 384
308 486
82 902
532 423
943 510
819 964
483 319
985 443
451 543
977 553
406 189
790 543
355 713
959 556
645 330
858 276
42 349
389 673
202 124
568 396
892 255
484 275
347 383
49 711
285 404
896 208
302 677
155 211
914 986
258 367
63 531
286 435
908 854
45 495
58 104
834 945
639 10
316 483
121 442
573 70
268 739
893 25
472 841
973 812
717 570
578 684
885 281
456 116
652 353
44 57
741 501
118 989
976 62
551 643
66 578
360 710
492 284
350 940
683 86
816 147
390 654
877 760
813 626
775 447
282 738
341 635
510 919
488 29
442 855
623 517
498 336
777 786
619 876
459 580
851 262
165 173
411 772
309 733
730 696
210 270
866 922
503 657
389 544
549 101
817 226
629 589
295 408
236 170
570 890
897 536
584 223
570 540
643 930
154 79
186 993
528 913
977 540
208 595
352 14
786 203
273 988
705 607
102 894
174 870
132 320
177 688
759 172
229 810
152 460
178 287
823 623
194 343
217 97
602 334
866 298
918 590
943 637
611 883
689 662
987 815
7 583
72 894
373 178
110 152
120 398
144 705
384 186
834 833
735 475
434 301
178 385
136 619
281 4
550 63
712 634
866 238
230 330
354 110
568 267
746 683
772 170
666 951
473 756
348 73
798 466
981 792
614 347
336 589
497 122
4 820
923 248
414 126
23 267
238 109
111 785
74 101
763 550
275 247
525 151
755 445
815 559
116 788
612 909
715 864
501 960
576 187
156 425
194 384
429 116
948 546
205 70
685 89
110 215
705 421
946 381
147 726
806 177
5 501
931 712
43 243
786 121
486 225
789 750
858 381
465 950
866 890
620 548
861 778
708 323
908 875
152 417
426 19
278 214
359 642
260 54
390 450
815 88
963 479
135 207
947 231
126 516
943 814
11 886
457 65
561 125
356 489
104 166
169 578
822 282
560 51
872 563
421 880
660 437
513 933
161 547
271 911
861 310
737 769
840 750
690 335
413 818
919 249
298 203
528 368
157 940
588 591
128 236
957 499
992 53
503 693
6 473
651 317
440 310
637 956
178 50
398 46
898 441
912 879
874 190
744 737
227 868
368 608
36 899
485 841
166 603
567 798
728 458
654 920
32 192
834 940
195 682
511 584
289 972
842 141
608 602
807 690
161 790
247 34
597 495
86 583
408 540
301 122
988 431
54 376
444 259
255 125
799 598
74 724
747 132
929 822
654 317
637 433
555 714
42 225
891 916
399 265
311 166
772 156
710 251
448 473
287 712
415 44
98 63
493 829
573 722
901 523
905 534
223 287
572 152
924 908
329 379
133 23
735 755
578 760
480 940
532 308
922 320
639 702
604 443
846 738
969 565
266 558
40 208
505 728
636 904
117 198
592 363
225 768
996 389
403 928
131 818
433 221
411 967
933 33
54 289
888 426
702 880
511 796
934 628
627 559
827 15
985 38
103 160
543 604
50 527
35 618
114 254
436 181
279 911
560 153
234 263
12 228
235 858
543 916
917 641
441 293
228 238
513 941
101 927
237 839
821 821
901 243
623 987
473 216
112 265
923 678
373 16
109 232
675 62
711 114
283 325
825 917
514 379
759 949
665 614
509 590
274 145
505 943
835 701
793 350
424 903
919 883
226 69
51 119
641 9
306 885
170 654
176 51
241 32
52 843
566 798
10 201
458 366
701 200
833 614
766 853
883 697
321 201
681 258
687 907
326 828
124 164
209 418
910 440
661 944
714 561
3 521
81 64
391 855
807 148
976 34
616 190
479 993
899 884
474 537
0 370
513 706
521 647
691 733
7 95
305 344
220 638
517 422
109 104
183 65
158 415
835 278
566 986
783 548
63 611
542 574
172 655
243 189
483 506
300 970
263 13
231 433
571 172
926 261
473 677
747 407
103 715
907 944
305 510
687 747
149 979
651 659
795 234
568 497
447 436
503 326
388 553
628 249
674 398
30 321
245 812
513 312
8 631
982 107
991 330
382 461
902 561
585 857
641 812
238 964
106 620
678 628
786 247
256 797
817 413
589 645
463 357
518 360
810 440
731 554
478 529
69 897
59 265
268 202
927 771
412 469
56 96
437 554
457 262
372 243
685 926
479 59
116 386
212 43
935 738
448 182
436 625
562 353
317 350
292 141
988 116
388 85
450 89
501 958
396 780
792 257
158 55
759 382
756 335
641 42
723 76
1 701
207 754
327 912
675 972
463 635
13 949
359 688
57 312
998 428
151 62
986 409
748 379
581 218
673 553
92 997
214 885
61 384
678 946
496 943
721 923
11 948
79 806
973 240
347 50
333 548
261 711
800 827
248 958
886 935
43 119
167 950
534 299
681 566
969 994
386 417
57 648
290 933
734 204
29 653
786 607
383 789
101 978
513 309
408 75
264 614
836 790
503 292
451 904
370 271
678 733
632 162
470 450
588 708
148 397
933 460
36 166
161 890
3 443
459 888
527 250
283 424
417 717
99 362
884 953
939 195
868 312
943 22
612 497
527 918
326 146
724 762
307 173
192 191
836 912
175 191
509 757
109 643
670 42
171 10
859 657
793 787
676 810
778 654
607 925
937 347
49 602
319 253
594 183
308 99
895 281
68 273
784 515
334 604
79 478
974 186
950 40
319 758
326 615
716 698
164 551
860 737
714 654
159 694
137 20
902 1000
575 867
118 905
37 50
581 208
739 647
936 440
276 202
657 32
721 880
907 120
59 660
48 95
780 60
279 249
481 655
5 355
423 598
959 634
620 466
867 895
355 969
451 753
357 727
905 508
821 442
712 526
371 905
631 119
326 629
649 75
212 906
831 715
1000 266
988 132
410 719
322 248
634 417
952 660
126 451
424 367
164 139
12 856
934 2
963 165
802 790
249 926
883 555
150 141
459 603
704 866
330 303
438 935
573 268
599 561
457 959
550 400
459 623
201 950
140 160
894 87
401 941
282 107
282 378
971 768
25 396
724 848
432 953
869 453
100 491
919 725
671 7
209 855
923 874
849 436
475 530
527 982
991 141
604 423
156 264
815 795
518 203
994 284
943 902
448 357
215 714
740 789
439 806
959 62
134 192
143 976
991 892
257 843
813 646
562 586
212 728
658 901
357 545
568 342
856 825
385 334
73 32
291 52
914 961
141 470
148 541
153 407
478 404
424 364
980 973
85 865
778 854
807 148
598 792
301 117
658 555
225 613
114 718
208 691
527 535
802 561
375 93
114 260
652 632
316 745
597 332
451 313
709 89
812 567
724 630
628 125
895 489
663 831
8 943
7 828
818 239
515 315
263 403
780 176
862 592
678 435
89 932
883 865
145 153
778 86
398 319
175 382
541 734
534 490
376 101
983 578
670 139
159 340
640 692
185 984
116 336
292 307
200 340
974 524
643 572
728 236
198 44
122 506
765 820
278 842
240 329
421 776
578 167
910 174
451 497
426 305
252 1
169 938
429 7
491 281
378 780
557 459
488 816
58 235
276 715
259 645
389 404
651 357
668 791
105 192
885 154
130 266
486 752
602 972
951 207
700 390
889 975
529 608
917 879
40 292
1000 325
98 193
610 905
946 172
441 502
956 718
273 432
705 7
145 320
25 642
767 959
49 802
606 897
664 352
730 313
375 793
756 7
581 278
139 846
893 639
689 782
659 863
741 831
309 211
164 615
601 838
141 660
337 940
609 624
515 299
676 40
968 622
69 960
339 473
325 473
212 403
480 308
52 889
562 706
979 832
848 793
921 579
151 470
864 538
69 774
697 866
59 186
448 765
282 98
153 969
151 176
385 258
443 433
322 111
580 268
6 250
493 477
635 397
442 557
563 848
4 944
871 892
485 999
397 116
775 388
606 207
182 365
650 347
642 540
460 209
640 106
655 573
869 151
755 356
684 696
320 706
953 683
516 277
392 678
891 98
116 961
69 607
791 762
146 441
700 839
232 854
997 85
796 433
93 579
495 602
901 807
388 207
346 182
482 96
17 372
779 949
643 435
482 819
435 223
661 44
452 87
52 694
273 450
340 750
213 595
294 126
283 556
103 624
490 125
50 631
854 681
254 736
942 61
965 261
193 190
921 688
42 569
501 677
791 627
492 98
180 770
643 417
737 145
551 46
889 129
14 873
907 601
183 829
877 55
896 562
704 94
773 887
752 710
720 7
629 645
707 124
988 985
981 42
545 232
37 76
646 890
295 631
129 195
52 552
916 346
855 38
417 937
314 710
273 653
860 858
633 710
353 703
215 973
386 948
995 20
853 128
134 855
656 398
664 134
352 660
592 746
22 447
471 395
586 754
879 904
801 921
346 867
164 818
869 378
193 452
320 580
25 255
597 742
879 574
5 491
963 281
650 837
480 230
52 674
987 733
429 962
253 231
992 161
306 661
712 404
319 208
576 938
339 340
863 410
894 95
850 873
339 231
391 260
663 933
283 61
263 252
713 669
54 225
716 232
921 946
706 564
664 490
588 833
555 201
528 644
736 13
432 970
346 357
638 62
568 329
418 211
428 507
588 105
601 248
421 966
686 427
490 579
502 99
731 226
312 147
5 325
432 674
926 902
525 8
166 632
605 236
580 761
763 823
988 105
86 252
212 870
390 58
738 184
428 118
478 479
310 234
434 467
548 698
778 430
52 351
718 56
786 42
875 479
667 473
693 914
269 573
422 459
520 325
419 263
437 929
432 64
774 394
999 740
774 16
77 692
735 537
773 556
965 680
440 834
412 744
252 985
505 148
396 381
605 921
52 902
893 843
220 930
560 528
401 189
914 849
378 293
887 568
363 220
239 309
257 132
821 850
391 982
24 841
758 999
981 943
821 533
114 605
846 996
177 377
948 384
893 831
446 482
760 914
436 563
899 17
184 276
995 341
918 594
354 43
934 324
618 172
724 996
268 534
324 678
380 489
995 233
705 859
644 764
537 807
885 571
511 901
130 764
946 866
576 212
993 45
255 184
409 723
959 370
689 664
866 957
706 792
21 990
471 252
214 775
956 320
189 12
698 151
678 710
717 566
364 569
490 122
35 60
114 883
801 785
123 251
984 571
96 840
79 113
152 481
663 149
818 728
758 326
163 195
987 469
316 564
16 285
592 800
964 517
263 194
308 93
184 666
22 454
262 413
604 563
141 483
59 494
275 468
776 928
810 107
864 971
338 234
45 802
938 290
954 778
808 617
145 760
464 365
62 192
59 928
214 321
488 517
577 8
170 61
650 721
704 375
243 487
459 687
69 585
8 915
128 873
996 889
865 977
178 550
927 893
212 549
784 218
64 90
419 770
238 428
90 26
872 608
363 943
67 812
441 557
553 518
114 830
676 163
896 823
61 311
144 208
221 218
976 525
628 698
85 155
616 855
747 889
829 305
829 63
793 624
931 870
736 252
534 705
822 649
750 820
818 713
769 819
83 708
742 688
514 83
127 456
584 369
916 354
312 533
805 6
302 951
981 398
358 413
314 342
515 698
790 110
75 281
349 963
44 735
446 388
643 414
188 743
461 319
736 321
552 414
840 40
305 374
428 795
715 648
668 727
342 811
141 504
354 479
703 165
148 706
970 267
754 627
147 827
846 860
371 333
349 362
542 744
224 925
905 950
445 247
413 263
212 931
795 986
12 514
714 548
113 77
888 600
153 989
650 584
144 627
441 320
402 548
808 601
768 510
681 235
549 936
62 183
430 722
930 622
360 525
52 436
861 67
527 47
498 270
909 353
124 917
796 57
298 937
682 574
126 386
855 554
183 555
917 711
564 624
304 958
439 363
509 407
759 461
714 606
408 61
308 484
272 245
495 66
357 221
771 163
201 411
926 943
351 160
628 696
572 684
478 174
927 611
79 647
326 225
613 128
414 562
164 675
382 661
645 608
693 748
213 647
114 95
510 567
605 511
956 450
450 247
397 986
610 613
285 423
211 178
328 62
495 150
329 941
480 104
788 987
793 298
931 226
578 340
679 966
806 857
154 740
565 605
223 204
130 834
228 992
51 280
259 682
359 43
876 919
502 910
587 3
773 251
30 143
26 888
542 356
301 887
667 382
967 641
711 187
473 507
444 536
111 501
840 737
334 259
507 534
806 488
375 765
761 995
503 302
350 434
391 63
862 513
216 999
603 284
99 614
683 224
432 680
980 912
570 720
905 891
752 936
320 681
48 280
151 58
196 442
588 595
562 447
319 93
597 965
275 207
702 629
802 122
146 313
382 868
323 502
886 601
408 646
37 502
171 726
669 622
947 625
839 838
55 671
944 713
999 717
433 123
251 502
511 538
74 451
845 977
904 531
514 217
646 705
502 671
493 207
660 737
415 342
714 711
15 791
432 126
320 350
4 202
341 182
826 687
68 38
949 266
39 178
272 619
381 818
18 211
389 821
459 903
807 93
356 898
465 259
72 944
567 743
251 242
588 339
2 222
935 338
243 707
845 450
189 468
337 370
379 706
47 821
304 240
726 773
625 366
833 635
998 812
175 554
464 730
472 251
688 316
878 365
505 832
82 823
605 244
999 801
677 225
119 28
663 643
862 802
878 148
488 463
871 559
211 13
430 675
878 495
413 460
289 196
528 918
112 570
964 708
482 932
868 208
133 100
651 896
423 451
247 149
115 110
404 796
98 225
670 223
439 536
281 604
219 623
214 550
853 626
763 228
183 659
37 271
207 548
306 520
671 897
633 751
31 673
492 486
358 237
447 677
724 24
814 713
268 667
755 269
685 171
575 633
337 621
209 941
115 640
679 609
618 10
597 63
579 178
68 28
263 498
95 500
88 969
401 257
283 692
257 25
158 998
110 136
217 221
381 83
518 373
698 208
40 705
270 673
639 887
774 46
715 339
335 62
475 800
920 361
524 394
48 145
984 882
910 480
349 116
951 900
830 159
623 274
713 863
229 414
221 233
168 64
18 594
530 599
937 241
804 49
671 546
73 397
641 297
850 454
477 896
1000 47
181 261
270 161
520 781
706 502
564 661
453 659
932 107
923 593
508 175
586 75
401 532
601 93
46 446
780 571
855 925
9 201
123 507
202 528
53 962
362 833
515 464
427 710
970 172
142 235
276 528
203 683
671 586
529 118
346 350
161 981
153 819
281 259
515 859
206 604
723 879
738 809
159 49
766 158
0 817
207 515
173 578
475 861
775 789
529 731
720 771
235 469
388 978
917 358
391 406
882 784
518 993
967 742
459 94
40 499
261 442
130 592
576 317
597 570
9 457
750 741
666 521
821 362
452 954
398 176
27 40
0 707
812 955
787 442
336 397
515 652
283 881
705 565
290 781
822 27
87 350
531 215
931 104
490 676
293 19
764 760
288 510
833 629
44 725
304 50
49 695
813 854
629 858
151 965
111 845
837 96
147 955
322 368
177 409
504 289
485 516
163 431
646 954
665 221
831 475
118 89
339 109
444 925
314 755
277 698
279 616
751 541
114 54
407 704
744 593
218 287
49 625
298 572
606 348
512 175
332 346
292 257
190 426
104 907
471 622
580 133
167 86
782 336
66 161
1 586
753 607
77 768
136 559
613 996
405 384
783 261
911 718
994 241
67 801
321 969
845 990
740 229
468 341
337 804
497 287
494 898
455 273
497 846
258 373
320 334
341 992
456 419
384 400
857 556
47 652
757 974
666 740
543 456
118 830
410 12
968 970
603 914
160 926
26 526
426 237
54 423
64 475
35 453
870 733
493 881
195 555
772 864
204 111
216 500
807 64
150 138
797 904
868 165
463 123
829 587
126 729
382 151
604 670
178 196
674 621
507 780
503 304
943 443
666 2
65 831
536 52
162 483
207 634
989 899
880 431
414 132
79 613
351 947
625 131
784 662
441 843
865 1
512 254
0 404
679 728
724 384
975 901
249 382
574 356
607 217
101 946
548 8
59 446
10 764
904 436
337 109
472 703
913 721
724 495
958 305
614 531
82 473
732 899
190 847
729 68
873 20
158 742
16 109
445 938
930 951
935 256
255 372
971 243
812 603
431 66
638 615
776 612
306 2
696 499
968 755
958 946
459 828
243 472
454 264
361 490
245 77
493 849
507 336
431 430
675 428
287 271
407 622
220 463
546 230
660 780
902 620
858 999
444 673
317 657
470 866
164 816
666 915
697 134
718 945
397 159
512 945
162 680
427 918
845 173
127 371
467 848
208 120
396 669
455 222
603 721
70 433
515 445
306 861
555 93
134 120
995 900
445 468
570 938
732 628
235 319
448 179
636 760
382 440
790 592
464 746
965 109
538 604
489 895
399 318
29 353
91 915
385 468
489 438
727 686
431 229
299 204
914 857
665 470
19 498
120 257
304 778
398 768
377 229
997 987
357 969
493 419
844 198
356 959
479 787
628 215
696 409
958 396
587 366
481 903
277 379
515 558
146 955
520 569
338 917
93 228
849 793
306 957
707 829
830 974
11 59
740 980
840 545
637 621
493 838
263 210
942 830
354 258
86 321
271 910
73 269
96 711
338 184
782 295
967 816
108 418
951 994
795 201
940 19
645 122
444 161
579 272
514 659
970 842
225 438
243 573
35 357
340 982
99 676
812 176
472 947
872 505
528 104
365 129
625 3
618 590
962 651
300 591
497 391
71 727
54 732
823 998
363 675
33 984
643 133
848 417
626 484
127 852
531 326
630 924
837 177
29 642
936 133
619 152
337 775
687 568
40 572
570 297
107 335
115 683
923 879
775 198
337 900
64 820
304 145
983 716
213 834
428 51
26 781
470 611
389 732
834 513
82 822
451 876
415 32
690 685
425 44
150 384
633 599
641 690
413 868
761 780
431 626
481 752
936 598
276 73
795 510
114 91
602 120
764 45
145 50
587 943
448 451
158 397
934 863
315 273
678 258
690 723
139 211
986 749
803 663
11 347
494 643
861 174
245 116
747 946
312 453
150 935
590 225
142 203
406 634
618 877
425 386
46 782
912 84
707 320
401 130
88 588
65 860
534 513
954 703
313 154
285 316
499 51
537 296
942 228
780 875
184 660
957 573
864 282
343 636
182 245
836 999
645 287
525 336
482 682
374 665
67 741
741 666
698 183
427 16
342 626
173 307
735 502
640 962
926 865
11 716
505 100
731 918
586 451
823 51
879 175
231 681
942 120
209 610
517 280
806 292
92 728
653 850
477 62
795 915
399 395
636 162
236 237
68 464
312 813
784 200
458 969
626 131
187 92
939 61
928 287
405 955
55 344
868 191
42 518
496 245
39 884
942 810
337 769
978 953
627 960
347 463
602 299
129 132
859 592
223 229
967 634
673 100
210 564
150 903
617 446
380 150
623 701
877 777
687 234
68 348
165 562
372 28
393 757
480 378
899 496
741 415
136 662
901 943
721 116
10 257
251 304
827 897
31 387
984 931
702 933
647 729
376 962
266 250
723 872
86 692
624 91
277 417
112 397
864 365
766 943
477 635
118 858
945 785
145 574
407 48
85 322
463 784
511 435
874 137
181 571
966 156
723 7
606 463
222 794
119 807
614 265
571 392
564 149
367 91
324 950
141 818
746 435
426 623
74 69
294 637
29 696
779 830
900 712
873 452
215 259
554 3
599 619
806 678
252 417
972 482
593 548
670 490
173 586
215 42
770 344
867 74
617 895
767 648
245 631
533 20
810 422
862 773
180 383
658 316
563 395
886 793
266 562
119 425
247 581
887 307
785 836
969 33
378 507
976 127
403 742
355 268
882 511
191 190
863 538
140 794
174 819
447 524
976 497
974 553
608 487
762 757
534 141
253 707
656 67
570 985
873 527
658 140
988 580
202 223
703 617
796 818
281 247
531 0
944 548
256 137
931 795
962 21
409 476
984 651
445 259
90 625
220 308
334 991
189 68
46 762
105 485
1000 790
418 103
749 673
6 220
876 875
792 71
225 7
224 20
551 547
20 275
857 513
303 693
597 853
560 384
933 7
897 143
782 170
611 265
197 414
501 207
284 451
0 937
846 720
862 92
764 971
955 220
583 523
282 331
387 445
325 17
284 190
898 429
940 575
309 213
327 908
127 790
696 722
860 875
948 705
586 438
697 730
71 783
655 498
320 49
378 540
849 844
972 298
134 76
440 134
216 149
109 270
277 20
398 5
131 656
528 69
686 646
389 37
525 948
119 737
524 143
519 159
61 414
115 982
619 500
327 134
461 714
105 138
445 604
736 334
570 785
292 366
552 251
891 251
870 345
670 964
775 925
104 290
850 892
135 764
140 75
710 764
955 655
718 9
605 321
241 551
976 232
420 730
191 234
594 623
97 992
927 218
556 384
551 270
771 808
912 447
967 448
167 909
987 407
964 23
481 168
96 989
509 281
986 594
794 833
51 791
804 856
424 384
684 829
733 949
751 44
440 181
696 889
781 674
920 649
211 146
344 840
913 677
502 570
173 997
715 259
245 132
596 930
484 265
741 544
920 221
162 596
515 744
264 5
140 255
551 389
256 258
286 167
368 594
135 922
382 559
574 510
554 674
186 204
860 714
90 807
305 614
469 376
752 279
539 962
454 585
396 314
730 345
801 615
624 10
399 103
484 455
728 340
549 169
641 456
815 237
54 989
662 742
168 422
539 874
521 117
755 320
520 466
97 97
931 132
263 465
469 290
901 369
797 905
662 873
438 380
836 245
258 597
159 540
555 544
629 574
111 395
323 24
43 531
388 919
559 310
155 86
767 322
866 600
9 303
418 570
801 25
868 167
959 821
802 6
253 450
193 426
965 290
794 94
141 926
169 196
641 567
371 514
72 422
465 109
483 992
244 223
510 640
983 816
605 84
791 873
111 346
758 916
285 92
689 501
874 326
386 620
86 627
885 543
109 912
643 248
113 170
711 118
638 256
540 45
136 244
548 566
55 818
422 581
448 722
638 200
875 593
479 273
906 543
910 395
6 805
877 447
519 572
474 359
243 239
719 153
827 695
750 63
476 401
837 501
76 124
222 295
23 88
998 973
553 136
889 860
106 683
826 186
538 756
335 424
280 689
512 599
49 292
186 214
555 591
835 577
639 88
306 392
409 551
162 495
980 191
451 165
277 747
66 799
853 622
620 76
626 427
141 596
411 19
176 86
908 972
211 91
166 682
866 990
347 500
507 539
635 902
838 177
530 27
682 585
221 534
166 683
587 85
462 483
110 129
995 187
285 698
962 442
292 912
565 939
451 202
865 614
769 795
112 19
210 367
122 402
939 60
293 538
807 920
546 361
791 579
783 561
515 163
329 285
852 956
298 67
773 152
375 947
123 225
352 316
243 100
36 536
168 380
167 215
451 405
862 37
438 538
186 278
242 1
132 796
649 785
643 5
704 622
156 675
479 541
409 962
465 822
780 77
443 666
882 409
610 712
510 338
423 599
586 191
526 947
635 960
409 922
801 648
27 368
446 290
738 846
994 957
51 976
215 184
379 748
195 909
228 542
468 14
979 335
337 777
506 345
745 169
925 226
622 252
461 937
920 463
107 91
989 14
738 777
736 278
456 48
294 569
352 655
164 528
148 570
598 396
246 219
570 877
278 229
693 117
755 137
689 625
979 205
506 417
177 77
607 725
745 413
561 196
110 547
992 548
755 127
931 32
917 395
527 802
451 883
581 874
127 508
562 400
991 983
261 831
185 886
670 812
118 31
10 296
715 299
255 259
925 1
363 932
176 523
572 716
173 237
318 375
633 458
123 101
894 579
887 34
716 482
403 778
673 383
363 335
649 116
175 378
314 221
325 672
783 919
828 249
630 435
144 701
275 342
818 622
713 992
328 599
837 978
431 177
662 847
952 31
733 208
387 887
823 547
404 824
381 178
8 337
213 909
718 33
561 475
146 456
136 750
982 400
104 992
689 892
537 582
319 89
65 347
591 24
61 524
675 999
172 665
216 475
206 415
85 69
516 110
175 179
88 297
838 581
838 830
739 872
114 70
902 598
556 539
772 488
630 698
478 419
754 101
191 267
583 75
998 503
832 927
161 900
468 477
774 278
105 892
866 662
738 502
997 621
263 937
209 62
662 574
728 492
265 897
698 897
440 803
535 680
905 654
627 445
409 274
140 27
826 900
95 335
798 999
515 461
792 685
310 957
25 574
458 892
924 922
398 724
876 661
664 513
248 4
539 387
949 189
893 159
784 541
720 537
849 91
196 203
895 738
899 38
639 844
732 648
282 622
693 683
150 122
115 237
182 510
561 934
2 266
485 236
932 610
744 19
378 544
144 498
989 975
587 706
716 276
117 911
94 808
464 567
424 484
493 533
50 634
65 877
505 164
771 619
401 837
950 353
882 708
728 434
479 650
526 907
679 773
98 852
388 851
211 301
597 746
311 575
958 235
905 396
227 77
885 435
639 728
597 813
689 171
926 739
790 704
530 208
592 61
866 68
307 618
114 753
936 335
704 324
375 345
989 926
690 237
172 258
718 33
703 763
445 113
964 878
176 737
409 447
206 897
97 134
610 643
191 967
976 179
883 124
377 968
47 205
390 166
967 567
826 357
548 536
662 231
930 285
544 96
998 230
888 712
257 473
741 621
981 501
558 418
614 500
792 947
545 641
506 109
392 371
636 590
881 686
135 964
332 229
746 685
165 880
377 659
569 504
611 762
306 10
383 713
918 793
230 721
202 322
423 968
832 879
604 851
928 924
302 58
656 354
92 166
557 163
995 58
973 885
622 784
114 198
453 375
127 840
775 537
153 205
520 861
709 681
234 491
17 290
84 520
498 328
994 45
145 276
429 230
510 135
687 75
121 735
651 201
65 165
570 471
677 916
202 176
411 306
647 773
360 948
715 369
89 345
484 641
29 669
278 362
581 597
776 738
61 756
591 883
90 930
505 327
760 92
938 438
599 784
792 907
926 367
633 543
417 347
662 228
454 110
192 726
193 638
608 692
846 691
957 926
557 184
368 968
473 268
570 151
474 220
337 52
584 464
955 449
957 475
882 482
20 798
817 412
664 688
791 199
674 478
989 58
653 408
39 754
850 387
564 766
122 781
486 412
583 33
691 935
152 134
134 710
472 586
774 672
609 367
186 592
640 968
876 121
374 975
649 365
785 603
404 939
19 484
892 349
550 166
393 584
700 841
209 213
541 556
935 703
659 285
410 310
626 199
774 291
749 649
691 758
678 20
641 379
388 635
235 564
926 513
327 888
999 120
918 156
924 672
299 915
371 667
970 626
204 365
442 731
17 553
146 183
480 224
436 847
902 651
94 30
18 270
592 125
224 285
774 269
25 459
252 971
236 593
440 850
698 788
730 42
138 528
783 486
833 167
920 357
874 983
28 936
823 239
372 440
513 230
183 99
844 763
496 584
179 40
273 18
558 761
551 501
824 841
443 233
842 207
555 579
940 854
624 336
544 21
864 957
984 176
941 683
815 382
812 201
237 701
833 292
851 726
702 878
504 885
471 199
765 289
339 172
812 685
369 181
66 465
823 306
513 907
731 311
11 176
636 470
958 445
88 581
994 716
467 624
72 906
10 834
142 348
450 944
55 969
874 55
47 742
367 717
307 516
652 884
231 824
768 373
344 479
305 898
991 113
656 194
22 150
418 408
542 596
822 37
36 887
744 277
991 730
339 988
922 788
868 589
632 622
521 105
55 916
181 794
952 24
30 33
869 749
807 374
30 746
678 149
250 169
765 1
88 905
749 169
644 711
486 602
418 356
314 26
421 261
52 713
155 380
281 614
86 412
445 973
666 161
669 79
435 285
935 703
103 663
742 423
338 384
484 64
479 66
564 173
56 21
438 845
717 877
270 531
164 206
96 412
93 501
743 197
687 524
292 477
724 370
907 942
741 772
96 562
704 213
762 133
653 866
519 497
448 879
20 492
209 956
853 71
67 573
604 210
970 198
586 164
991 627
736 549
736 290
979 127
676 475
744 304
164 78
1 806
767 881
862 521
780 168
542 817
92 292
907 239
804 931
763 879
332 779
252 668
124 301
199 53
502 167
892 747
78 209
950 193
596 321
54 180
11 206
156 679
785 540
169 737
259 456
228 600
720 222
940 740
857 718
195 56
819 953
837 620
763 506
458 716
996 546
260 692
653 483
820 402
678 367
651 304
913 699
704 127
785 860
451 436
514 627
17 443
705 604
29 514
425 516
457 394
284 519
246 546
97 638
529 130
504 207
284 616
986 720
881 3
890 629
947 314
309 815
357 802
311 647
157 798
445 218
251 480
651 343
706 385
571 568
912 334
261 577
672 338
81 486
529 227
998 545
784 118
177 61
467 725
87 448
238 404
663 34
552 620
125 568
526 857
14 76
10 349
578 944
271 840
570 391
109 659
126 67
562 618
721 661
961 403
255 287
176 672
276 192
911 414
731 591
705 403
277 904
111 233
534 496
309 204
413 569
717 751
686 570
398 997
622 49
386 919
716 575
688 759
261 787
349 282
494 834
445 336
670 964
194 402
905 633
876 411
906 727
711 460
720 316
163 211
117 824
549 953
68 961
233 647
4 403
483 72
906 367
938 514
524 364
166 919
635 875
629 156
264 869
510 857
526 480
887 385
41 576
102 468
789 391
320 481
695 692
877 443
9 341
250 853
76 112
355 458
177 854
709 303
229 469
920 306
267 449
37 453
699 49
321 521
222 59
587 819
138 96
768 852
876 61
845 106
607 899
617 441
344 708
982 821
121 569
358 25
880 326
894 457
636 640
821 780
490 173
437 637
572 552
279 555
659 250
494 993
820 950
813 55
802 751
547 253
109 45
835 516
628 930
828 467
955 944
751 203
365 700
465 864
556 975
243 419
66 718
869 941
183 571
143 253
504 562
764 410
526 951
501 950
305 469
47 905
106 960
97 398
328 260
661 28
968 11
837 26
362 68
374 168
389 389
201 433
278 670
62 173
123 624
315 304
468 314
839 273
744 350
214 987
186 911
362 689
449 586
615 25
934 825
642 564
79 259
116 282
150 574
813 924
488 188
102 340
848 304
368 695
755 898
207 152
654 221
467 453
619 913
271 677
565 982
174 943
173 600
876 0
773 620
294 413
541 519
149 330
512 677
677 883
644 875
422 570
256 715
824 485
872 86
950 810
365 755
401 121
182 419
554 91
969 715
168 545
216 631
368 851
220 169
617 15
245 552
310 34
244 229
860 804
964 143
94 504
930 604
639 200
784 917
579 99
443 529
504 365
929 948
688 556
764 613
284 595
511 276
827 989
823 131
716 184
605 980
479 952
468 185
589 310
346 678
417 282
217 22
478 747
305 633
898 781
727 298
240 476
93 72
406 364
128 15
347 276
848 236
136 632
739 926
285 504
221 743
830 626
991 988
248 166
632 802
149 124
631 569
433 171
31 807
841 320
373 2
511 116
647 282
172 552
295 326
385 661
707 629
384 418
897 763
912 520
212 157
227 532
873 697
98 158
109 734
817 996
432 553
330 578
662 617
789 992
567 1000
33 395
124 817
788 905
188 730
546 67
648 165
140 731
789 514
750 251
482 802
821 908
828 929
907 825
142 774
720 984
673 191
173 774
390 608
51 500
556 460
740 547
832 610
701 34
245 909
863 947
541 87
656 534
183 612
964 139
177 239
19 62
163 169
57 626
454 425
76 394
127 575
232 933
231 72
626 443
750 475
923 478
320 258
156 381
465 55
599 798
41 663
958 983
565 839
34 784
674 532
705 290
373 213
14 300
174 562
363 463
161 835
267 777
82 823
272 505
163 495
375 927
846 173
110 773
687 884
118 776
271 221
189 222
162 10
484 814
371 181
764 614
794 660
515 516
360 177
283 621
559 918
507 795
776 931
345 845
154 50
295 497
360 57
67 570
502 255
788 579
523 776
97 40
926 993
269 950
534 955
342 296
652 416
982 213
349 963
718 849
71 372
161 914
486 470
63 77
39 535
593 894
663 692
47 760
441 6
833 327
988 753
996 928
596 410
232 269
396 476
357 585
465 554
892 991
285 581
733 656
195 587
767 769
941 999
956 359
733 582
304 188
798 424
941 688
221 563
739 854
820 450
189 223
564 940
706 877
592 461
530 351
29 319
65 385
59 206
424 872
0 242
635 740
168 322
440 942
460 689
372 627
52 706
45 189
46 477
391 378
194 288
84 785
403 632
405 66
717 582
912 477
700 355
513 872
150 505
210 641
8 591
664 939
339 114
813 37
549 559
382 958
30 142
164 890
372 467
992 594
778 754
312 504
679 276
185 4
956 848
662 220
709 969
943 194
286 673
796 866
956 214
759 697
265 766
605 821
659 693
867 281
308 425
751 130
174 840
813 943
181 636
833 4
832 998
344 512
916 194
223 138
193 204
236 645
955 230
435 820
110 767
331 375
713 756
648 134
199 270
841 409
664 302
165 960
335 320
890 661
786 98
182 531
694 908
118 162
517 143
800 879
247 349
343 657
116 618
409 811
689 875
994 697
971 454
567 592
903 993
158 662
903 992
534 963
329 685
616 119
502 527
970 897
454 632
943 145
442 616
610 734
756 302
930 9
238 568
405 83
542 913
621 932
182 643
771 517
811 811
660 43
855 71
20 576
816 203
614 167
185 771
263 604
183 129
554 173
917 668
902 641
448 359
732 118
219 801
32 924
850 96
761 967
328 849
741 400
749 368
38 91
946 790
791 523
566 411
302 563
206 961
268 609
41 586
603 380
278 789
291 162
469 264
45 798
223 373
95 441
762 135
742 652
399 249
750 984
833 838
330 531
992 375
290 380
148 730
649 478
492 833
936 374
982 35
158 745
575 159
710 989
696 133
913 990
847 999
500 734
10 836
904 921
746 197
817 294
816 614
684 309
707 116
453 708
981 696
247 993
265 570
990 505
354 868
215 181
986 740
717 675
701 685
971 210
676 370
477 839
374 947
121 417
720 198
624 319
228 524
84 471
739 98
17 299
266 991
261 492
620 921
692 459
429 663
824 662
355 551
907 481
533 832
387 922
62 458
167 563
685 877
204 673
364 724
950 866
773 865
276 574
696 608
879 339
493 241
523 330
600 463
728 924
271 323
523 125
978 312
544 218
47 187
944 351
580 68
720 229
964 714
893 642
189 155
415 590
785 320
51 816
216 503
335 65
935 829
967 639
407 742
284 604
980 274
671 97
452 28
244 932
792 295
980 530
790 1
918 624
640 344
941 764
362 271
180 268
359 488
959 223
723 836
284 229
554 597
84 134
188 942
156 702
141 921
254 595
301 890
459 958
657 477
267 826
615 48
651 286
409 610
869 116
604 295
591 45
341 839
969 340
873 359
774 676
263 238
101 235
94 733
842 479
584 994
599 731
663 148
158 155
212 75
350 833
742 246
666 428
756 560
625 29
691 903
995 732
931 985
808 698
894 781
137 39
75 101
776 259
971 969
426 823
536 169
726 738
882 3
728 36
134 749
725 139
394 180
793 925
109 282
248 417
699 238
967 634
719 952
755 819
210 285
287 298
37 177
276 935
171 344
2 247
312 716
948 186
564 486
871 570
452 645
706 566
735 448
775 161
666 240
878 936
254 599
429 957
49 633
422 278
321 385
949 820
770 20
767 996
401 763
848 68
636 976
984 17
437 807
184 91
87 289
960 733
944 478
289 447
711 730
484 499
200 219
761 107
4 470
117 867
530 605
709 554
560 442
389 459
595 579
481 765
434 999
464 483
670 833
501 979
379 123
414 184
226 335
10 440
69 138
926 653
975 123
382 960
451 858
219 609
60 112
701 781
732 347
193 624
726 761
432 122
809 730
845 815
953 617
533 11
925 400
686 338
435 448
818 702
718 397
934 675
224 514
550 765
599 264
220 853
532 211
376 883
247 709
747 75
874 716
116 777
52 897
666 283
102 145
933 553
854 201
647 235
188 613
572 107
39 130
843 895
715 145
402 484
281 347
5 616
469 384
565 58
45 342
160 456
493 600
733 549
351 197
228 651
360 846
396 903
616 660
371 1000
51 44
595 138
338 960
360 592
964 247
38 743
26 670
452 231
147 409
489 465
389 314
723 689
19 475
93 286
155 636
765 318
485 862
285 518
141 420
57 714
42 178
656 994
549 633
951 500
128 284
149 557
737 18
370 906
333 896
500 315
982 381
430 817
784 688
294 901
920 666
262 10
960 79
570 837
401 536
478 197
124 626
207 220
405 527
538 632
690 525
780 820
937 710
824 786
597 211
58 114
681 464
740 782
606 99
78 978
539 427
478 547
866 642
532 97
915 62
267 554
739 196
645 705
987 729
927 645
130 166
318 407
173 439
347 638
227 772
255 509
939 37
967 429
195 818
59 272
639 600
784 638
640 689
554 987
252 734
879 201
121 587
469 993
82 488
766 653
431 651
492 325
685 981
109 253
698 510
253 222
38 988
513 823
611 939
894 220
414 307
92 633
361 935
690 883
894 62
448 469
784 561
678 408
688 467
767 690
565 266
374 978
150 200
848 632
94 515
998 894
708 945
871 453
286 749
982 233
289 889
795 678
502 884
604 842
56 917
747 161
163 826
445 671
22 209
814 126
212 372
476 652
45 306
396 903
244 247
169 7
680 848
625 998
466 46
863 418
64 211
635 584
814 272
766 897
965 670
409 174
66 55
115 883
719 927
707 724
110 357
529 78
896 788
227 492
223 123
286 395
973 726
397 743
343 477
635 4
393 470
880 735
574 912
370 598
765 611
429 721
260 624
423 385
573 533
481 920
253 984
35 211
862 777
188 769
522 140
743 701
241 910
274 285
434 366
707 37
673 69
1000 617
712 598
657 555
888 529
93 472
915 994
930 167
65 385
298 10
876 581
122 199
928 955
678 419
247 180
190 718
730 442
290 886
914 371
389 504
237 128
767 623
710 65
192 584
691 795
59 88
668 959
459 42
503 293
836 933
574 705
916 861
627 121
900 608
238 557
303 12
632 361
669 720
878 977
176 506
845 855
722 693
93 95
538 372
874 463
511 224
728 121
350 470
216 600
559 892
215 517
367 286
316 352
641 735
248 255
332 640
143 772
173 956
813 926
255 954
493 698
397 534
660 645
823 766
526 307
883 508
573 852
497 146
339 306
806 665
973 127
348 743
810 295
912 906
416 476
857 903
610 139
921 205
749 927
354 504
463 1000
96 264
734 564
907 444
92 141
300 666
785 802
736 518
371 595
228 869
431 743
843 75
1000 922
755 577
692 662
624 507
747 402
11 229
972 315
936 655
52 794
551 406
28 233
293 19
600 75
979 64
870 420
636 255
831 332
251 187
609 811
342 452
931 5
630 816
891 559
669 345
606 122
348 939
249 405
99 53
953 469
453 45
598 363
994 986
660 694
128 69
325 861
77 124
374 129
777 833
632 881
981 739
64 444
289 409
435 931
924 367
276 515
416 518
70 544
506 473
140 46
449 378
788 262
863 285
690 353
703 805
750 471
844 163
119 200
248 878
540 575
254 975
55 270
519 214
42 57
715 957
741 778
130 544
189 356
586 923
852 836
634 759
286 302
390 191
23 531
233 158
136 784
315 307
339 273
923 953
579 140
440 642
19 880
480 48
397 654
486 548
576 339
678 452
724 742
695 997
257 71
962 513
807 954
623 729
897 691
997 365
72 217
833 573
722 952
783 664
556 405
559 467
367 97
293 940
147 607
658 412
253 252
49 697
85 151
30 533
422 290
984 761
776 702
577 862
268 312
156 738
72 828
258 942
760 790
904 9
308 486
315 929
302 640
65 232
926 79
209 67
109 476
823 665
873 272
903 126
953 374
908 444
70 293
988 295
593 417
156 122
116 327
666 994
24 594
482 942
261 404
28 66
497 914
121 411
149 55
17 513
530 8
309 632
214 775
513 992
881 131
941 822
252 472
980 17
881 130
610 592
308 373
121 18
377 801
524 367
442 345
296 550
329 864
96 458
135 826
373 81
209 712
89 624
880 714
560 957
748 564
426 705
668 208
277 857
944 434
877 527
973 563
51 610
830 63
326 540
813 69
175 801
264 231
829 436
937 628
732 977
808 399
631 492
248 974
605 309
374 266
32 629
929 444
71 73
252 234
926 639
529 407
830 874
716 883
526 669
258 973
616 563
684 838
83 729
292 827
306 443
264 499
387 295
712 600
966 248
441 685
455 197
389 189
874 150
685 165
477 533
825 344
72 792
37 666
207 759
306 365
664 511
423 179
441 745
241 791
206 285
993 476
686 87
91 609
832 627
15 89
853 311
16 649
911 783
53 863
971 505
130 653
619 331
514 416
664 349
700 287
345 247
645 968
927 813
66 437
837 771
219 834
841 265
975 852
733 961
76 849
846 573
860 315
588 632
89 505
289 851
265 836
975 890
639 489
695 853
669 464
757 612
602 109
678 183
999 128
637 963
71 488
860 480
556 327
916 904
666 772
220 852
936 244
577 986
596 65
313 121
18 888
927 813
368 419
931 62
383 355
535 483
135 238
273 755
943 746
137 251
491 136
771 730
240 417
808 626
688 932
600 230
984 581
255 363
602 915
118 380
715 762
145 190
260 452
60 15
626 102
530 245
391 89
84 241
20 732
806 347
499 919
389 536
277 104
108 597
95 381
573 895
882 99
131 876
224 71
189 996
611 12
293 180
123 635
499 320
60 756
351 962
850 818
995 597
264 991
808 535
98 256
694 396
650 432
989 530
194 896
805 856
303 799
1000 571
688 370
186 739
851 762
717 431
266 847
599 411
610 975
961 665
871 969
571 684
675 845
982 629
477 856
482 181
829 728
581 50
1 358
806 989
703 40
428 797
227 494
123 498
621 51
499 685
63 892
189 931
751 443
283 236
570 571
717 74
467 154
451 776
185 920
218 309
863 798
766 813
932 485
814 201
553 214
159 164
63 578
811 990
797 781
45 796
970 542
909 825
336 544
563 746
668 214
698 524
808 797
965 769
440 53
628 466
670 178
798 160
998 79
953 540
759 205
78 420
515 645
535 295
613 375
318 533
598 512
504 403
326 632
201 873
688 388
34 834
961 225
43 578
268 424
890 856
543 808
940 417
321 825
712 787
49 239
489 643
230 798
885 301
802 56
818 311
482 400
953 460
223 892
33 480
926 561
845 830
743 1
919 116
516 289
471 920
2 878
61 72
151 153
340 414
245 767
607 789
594 689
807 933
815 210
224 619
61 288
238 686
283 581
510 79
656 527
605 10
267 325
431 440
941 752
529 163
917 958
429 887
446 622
967 976
23 242
930 857
233 649
809 561
414 563
355 465
937 408
550 115
727 30
754 422
780 786
122 174
750 622
451 899
920 900
720 796
335 843
237 840
938 26
0 804
491 656
57 931
108 40
639 681
618 152
857 620
419 855
95 497
327 608
41 878
88 302
478 962
543 880
958 920
988 759
626 391
206 920
528 626
677 408
776 975
700 191
264 660
360 283
341 949
802 186
156 498
231 948
710 654
308 169
976 325
615 538
848 612
68 698
161 899
209 105
990 955
710 690
96 367
828 971
436 29
867 98
539 324
33 844
280 43
802 307
796 272
164 568
425 974
270 684
782 63
308 907
542 384
814 602
801 306
617 866
260 141
793 836
301 720
775 738
860 41
507 111
855 121
759 180
994 63
864 411
742 708
660 122
694 38
171 412
364 713
689 420
548 459
3 136
622 267
492 444
142 68
758 922
542 121
802 743
383 76
156 442
790 720
843 788
126 79
687 777
763 455
19 585
660 829
946 651
888 249
454 569
385 397
833 777
787 699
279 444
703 925
940 633
815 620
235 478
562 80
909 973
927 662
370 68
826 886
361 283
973 634
946 745
37 498
657 918
89 579
372 909
425 733
997 478
723 82
563 698
338 593
218 1
625 297
952 462
813 463
187 261
487 941
647 712
253 823
428 276
509 723
743 308
3 671
535 122
26 911
685 193
728 653
263 243
503 39
315 285
91 652
562 406
580 582
9 78
855 803
147 430
268 384
410 426
594 671
342 32
868 29
748 774
174 440
429 610
502 702
957 508
353 740
582 56
971 464
678 70
599 37
453 373
832 435
695 399
342 32
184 836
49 127
788 170
398 920
122 964
437 557
335 966
264 912
506 355
837 596
410 348
215 150
92 71
254 575
415 533
352 543
860 745
20 350
67 935
558 463
348 559
958 364
742 472
397 337
600 52
333 129
239 666
558 392
579 507
157 643
721 606
340 879
703 601
298 741
968 988
292 448
368 666
371 459
502 459
686 322
831 158
946 142
967 528
504 884
665 763
49 83
47 460
644 293
512 504
315 346
793 646
662 950
73 321
331 388
730 358
215 370
890 497
57 396
586 686
398 196
761 598
519 759
222 333
83 707
868 53
654 145
52 198
269 471
955 914
637 5
282 836
289 939
575 727
698 2
695 135
224 386
465 278
551 546
677 274
543 949
647 972
86 901
369 446
61 73
513 628
964 449
578 901
359 422
813 676
326 212
311 220
536 451
369 192
898 750
301 17
626 876
298 501
588 966
844 158
459 300
589 800
305 804
565 217
921 787
55 397
115 801
602 871
242 31
501 817
601 179
783 528
574 508
52 933
379 672
431 986
233 807
71 491
892 890
658 314
842 573
343 441
276 800
186 524
949 603
245 338
356 46
744 893
944 8
844 742
696 446
758 588
440 869
359 715
846 815
233 977
917 345
675 676
295 715
590 949
601 951
731 76
730 130
448 101
435 249
552 800
590 678
269 763
550 14
677 1
435 917
344 181
713 415
366 127
88 585
269 201
124 667
131 318
945 651
893 87
287 366
638 188
692 352
321 964
254 681
339 999
946 175
914 80
911 235
187 994
729 591
374 659
711 679
903 30
950 61
783 957
768 724
521 762
816 539
640 118
992 956
312 426
534 341
358 62
335 194
735 576
945 554
77 83
156 316
655 1000
802 204
854 269
98 597
352 45
515 925
689 40
252 775
543 27
604 238
954 806
337 525
658 911
603 644
323 675
536 537
923 551
282 715
806 851
517 626
51 350
503 44
882 992
672 169
709 852
212 335
877 430
99 768
106 255
344 972
372 540
622 633
59 666
66 167
105 509
376 584
70 59
868 735
763 931
121 238
22 324
423 128
169 649
89 109
553 473
229 276
259 4
144 659
653 508
52 781
82 262
624 209
399 820
551 931
335 234
612 254
897 277
379 128
960 175
604 182
749 621
344 402
578 115
906 379
31 572
704 256
425 865
213 141
506 707
15 907
743 669
649 726
746 398
52 59
898 534
242 169
521 956
418 360
359 826
440 261
863 420
790 967
313 877
555 73
865 240
291 727
131 774
471 312
216 809
475 55
999 397
120 206
436 248
756 112
36 627
641 402
239 13
872 505
334 418
279 244
608 839
885 225
96 199
656 882
839 574
342 267
892 979
134 417
259 399
968 503
66 978
299 519
260 92
727 42
154 369
95 477
910 739
39 734
967 848
678 90
101 225
502 113
801 435
976 192
612 954
126 744
709 336
520 5
556 965
439 289
427 772
302 543
758 312
30 206
526 150
23 662
275 651
643 863
365 619
504 914
412 387
432 173
500 103
258 564
386 617
205 667
782 461
722 471
769 642
499 184
184 272
510 310
537 187
101 217
755 698
286 570
573 720
613 164
400 344
515 843
57 331
423 795
425 67
738 983
596 753
236 689
258 773
921 736
418 804
18 590
225 182
922 113
763 632
929 640
321 44
215 541
543 81
474 546
555 732
237 842
301 494
7 760
1 312
701 625
558 582
296 757
363 268
508 800
296 311
501 33
648 749
19 466
353 783
995 344
720 848
294 951
146 740
41 314
177 932
358 368
295 981
648 554
729 102
606 798
159 910
6 148
674 795
285 771
190 413
906 142
466 843
579 258
669 549
116 342
135 542
275 577
617 300
790 359
544 37
601 859
199 925
701 528
199 828
992 253
217 196
877 202
411 73
38 70
935 187
51 659
613 338
207 260
724 183
590 366
640 814
36 461
438 298
747 280
174 537
817 671
383 730
380 400
899 864
877 436
530 895
491 593
896 940
371 372
771 155
990 51
342 376
104 314
446 253
851 59
544 746
934 216
336 938
48 753
668 69
78 218
282 291
687 446
707 596
614 839
237 755
702 256
285 364
810 376
78 752
147 43
79 103
998 921
350 234
306 46
681 101
10 800
277 192
382 979
652 599
417 650
897 693
866 971
927 19
422 197
769 445
296 135
246 324
900 351
972 686
313 135
621 965
779 25
16 702
870 91
698 660
405 993
861 217
895 200
377 450
270 150
323 640
319 673
66 172
807 493
642 908
95 593
481 732
604 375
717 829
786 503
108 878
708 290
376 822
148 517
328 245
663 351
814 186
541 436
398 357
354 174
106 345
500 592
965 6
662 819
260 316
511 200
243 797
766 143
916 995
981 999
604 381
110 293
513 461
167 520
466 887
951 899
170 938
790 695
480 308
902 558
855 762
264 1000
390 560
990 306
380 425
467 679
259 830
50 862
458 350
199 659
869 575
739 356
843 939
588 969
555 875
356 851
746 144
275 341
863 817
777 495
197 86
825 121
955 722
481 535
688 145
410 675
857 687
670 996
688 539
208 131
326 883
687 219
237 551
482 865
950 321
415 667
104 64
57 890
259 916
400 553
743 906
369 603
89 311
41 896
569 279
512 911
903 383
958 333
181 490
785 518
226 782
944 337
179 890
728 898
609 720
225 365
799 957
415 173
202 89
868 933
656 523
981 328
797 350
781 652
618 806
809 499
194 847
514 970
738 352
612 762
918 333
749 186
273 687
694 803
389 827
399 553
802 493
258 675
785 165
829 191
372 519
946 442
972 890
24 373
506 664
943 897
517 974
94 557
642 228
569 902
864 236
202 95
857 756
350 277
122 333
470 441
226 751
445 107
89 474
644 220
956 735
591 315
127 569
374 118
803 580
930 391
351 394
627 28
410 701
463 154
617 521
670 151
180 545
48 85
894 448
820 904
915 743
665 773
313 523
308 866
330 570
505 692
651 325
104 329
850 140
923 919
162 828
741 122
408 33
102 586
109 685
969 42
856 776
328 505
84 308
764 796
225 959
29 860
23 826
831 402
928 635
761 259
364 55
14 570
148 673
799 728
686 4
210 529
608 67
78 827
920 761
635 81
755 795
284 915
244 455
480 461
916 379
549 8
162 978
119 976
622 913
416 619
112 501
961 982
96 611
1 739
333 70
5 512
561 436
651 993
834 409
520 920
193 765
700 639
529 204
65 964
756 381
300 402
89 797
505 312
961 835
609 6
603 176
15 489
222 867
604 732
737 534
307 508
952 575
725 918
745 981
154 941
45 366
673 341
853 763
773 303
195 831
128 321
445 837
685 211
134 263
758 404
327 961
85 571
892 387
891 61
170 257
805 523
213 375
342 212
894 674
14 885
645 622
311 590
408 881
232 571
160 429
503 506
790 351
566 760
250 401
781 123
900 677
353 647
965 694
980 570
757 518
597 285
958 736
911 239
544 917
111 705
373 861
961 930
604 50
192 355
306 755
320 968
773 860
965 972
107 1
729 514
186 762
297 975
64 495
125 640
240 92
150 116
223 542
172 325
727 825
939 580
709 584
446 382
586 43
557 841
679 388
565 24
959 286
778 649
782 384
6 777
673 901
116 301
733 272
227 115
86 518
639 97
952 851
162 24
854 106
866 477
15 111
522 72
440 922
592 99
155 344
847 107
296 600
547 19
164 853
599 441
0 52
669 960
871 43
882 197
264 492
471 249
862 506
3 362
592 923
888 57
715 461
931 510
53 771
333 281
101 253
417 29
525 198
867 334
632 710
653 832
255 682
427 515
953 614
936 338
872 78
225 400
447 503
140 518
297 242
608 721
767 953
295 446
182 979
399 702
249 941
627 124
678 335
996 900
666 825
634 83
22 799
726 600
110 774
348 953
951 752
733 587
821 493
370 478
948 226
913 281
339 485
748 861
495 916
189 121
866 891
204 419
345 533
926 150
620 314
758 177
742 348
139 441
702 342
946 208
446 359
776 400
204 637
684 408
301 118
111 60
480 104
806 873
694 349
452 564
650 198
407 399
104 27
833 190
802 889
968 585
134 552
118 442
334 881
744 768
549 692
375 942
186 454
535 582
386 90
703 838
359 424
161 868
251 787
418 426
764 426
115 627
852 759
211 544
358 154
981 582
948 149
842 414
760 502
926 292
908 741
537 117
314 703
26 660
6 242
27 795
416 795
782 564
19 508
24 501
251 397
483 546
779 200
215 172
104 133
283 321
973 811
525 191
19 937
796 374
774 87
429 352
660 471
439 870
654 778
938 934
79 743
999 331
403 807
216 996
336 562
439 769
674 491
330 704
987 168
235 392
620 923
967 318
946 389
852 2
742 869
497 249
985 627
967 216
152 355
233 847
552 25
637 133
228 212
827 493
903 195
138 908
690 243
520 332
339 731
79 16
617 165
365 673
319 587
167 105
645 769
89 7
457 107
446 294
918 834
114 446
794 806
9 711
753 625
742 715
369 569
435 252
902 139
362 569
238 581
785 977
246 569
157 409
660 844
806 340
461 838
870 242
59 326
336 569
27 569
193 775
862 381
661 280
944 200
935 927
192 330
497 783
218 692
571 585
117 704
90 321
412 756
738 895
205 867
537 567
891 649
704 77
188 714
67 522
989 546
421 129
641 762
582 8
299 146
549 629
51 88
975 745
72 963
879 533
643 349
938 23
49 17
136 87
263 668
330 405
533 627
611 797
880 64
608 343
195 660
337 567
704 773
58 792
334 191
884 51
448 79
913 546
859 471
299 165
405 309
731 287
886 53
676 121
320 895
978 62
249 871
873 907
713 34
323 864
699 822
190 232
836 822
437 67
875 202
405 636
171 358
20 657
255 437
237 408
959 219
457 331
600 136
734 26
595 409
800 821
374 138
738 525
660 127
704 168
913 142
818 20
416 122
192 381
266 19
860 557
717 355
992 864
426 245
884 1
208 240
319 477
571 416
325 762
944 909
324 675
614 840
322 129
97 108
593 169
952 182
664 442
926 567
499 216
740 323
522 27
736 681
612 870
984 664
852 370
419 241
709 354
856 822
237 799
96 384
468 687
368 389
592 726
913 475
102 637
409 874
974 669
148 726
744 867
908 520
606 807
401 443
699 454
87 583
698 350
88 297
281 766
491 171
616 349
162 849
245 968
888 829
201 855
762 885
40 376
292 238
278 525
797 401
118 599
773 989
450 383
401 656
575 308
464 806
371 881
189 75
288 844
715 357
362 427
404 462
709 57
214 200
786 437
912 394
735 373
201 222
101 385
630 457
821 919
744 217
890 554
142 267
642 702
429 419
818 804
886 711
358 437
713 428
876 416
354 748
371 895
763 219
709 772
129 981
782 628
669 65
514 408
593 467
649 628
451 101
953 75
2 870
737 341
246 586
896 892
379 564
805 971
522 597
190 994
656 462
311 47
651 42
100 115
135 643
909 24
840 246
935 555
102 780
644 632
180 294
136 350
508 49
928 934
570 604
200 271
831 154
608 71
886 920
339 642
725 127
754 993
762 836
597 772
196 998
265 922
311 563
451 126
218 421
579 831
524 98
709 545
841 647
877 454
404 537
639 95
670 747
891 437
704 264
292 173
541 318
486 596
54 77
713 945
397 403
157 54
223 615
92 324
285 236
470 263
290 518
655 440
199 728
742 339
510 525
547 390
292 541
707 470
398 380
392 408
245 23
326 388
365 792
544 367
504 125
570 457
579 673
283 320
240 878
275 682
854 2
185 575
249 835
40 2
536 327
428 97
926 125
109 863
173 162
611 789
303 974
483 865
596 756
653 427
497 158
516 758
652 339
359 867
590 132
248 942
178 855
956 619
217 758
994 70
60 538
142 977
196 462
953 512
34 230
180 466
433 947
412 571
327 111
663 306
624 226
307 248
524 802
207 836
729 634
376 685
789 151
575 473
667 507
771 352
56 659
30 937
219 387
717 892
700 395
875 350
671 732
249 685
159 572
83 133
270 848
215 724
1000 435
470 810
837 614
495 433
907 974
808 208
807 814
30 101
638 564
248 991
495 358
311 965
751 129
539 719
276 319
20 925
434 288
497 667
802 935
915 242
485 696
569 1000
28 709
512 192
556 172
101 906
931 917
662 521
397 935
570 997
676 589
546 101
81 495
830 71
560 228
721 314
875 841
243 408
943 887
990 673
505 222
800 647
643 901
161 639
600 576
257 768
668 301
396 895
930 336
525 724
26 636
567 936
256 572
586 698
265 753
431 432
146 230
189 635
73 734
274 531
484 397
516 394
387 757
619 591
621 349
196 142
765 834
941 144
873 55
553 101
175 274
643 673
501 107
49 951
639 838
248 750
344 806
882 705
908 953
26 745
441 295
739 967
979 960
112 619
442 718
697 801
439 212
246 806
682 234
745 342
276 199
506 704
755 752
161 31
478 230
305 421
871 170
801 727
995 49
621 978
655 403
342 289
128 402
891 980
49 591
96 393
206 43
292 875
21 814
875 336
470 104
804 268
606 62
928 969
395 222
574 296
882 558
795 236
102 567
193 742
902 514
68 885
40 600
257 554
53 107
562 605
471 624
79 953
759 106
313 698
446 552
933 616
416 435
682 21
449 769
223 724
385 624
334 706
939 265
356 787
206 219
336 35
943 496
44 793
52 851
254 928
355 740
680 814
695 757
513 475
426 859
294 314
453 778
114 634
455 414
186 33
839 31
190 959
939 405
338 120
477 886
509 909
641 764
675 553
306 603
110 624
809 408
312 715
460 269
378 917
718 624
483 442
402 737
9 919
701 938
940 478
804 377
67 185
253 393
646 803
959 897
707 578
436 509
47 133
519 329
948 624
929 61
301 506
437 437
129 767
655 60
825 115
51 416
637 198
381 58
997 775
489 404
971 249
371 828
792 841
177 760
219 822
70 723
905 685
660 260
508 509
443 701
869 712
967 178
506 594
24 124
973 725
316 734
951 98
101 515
476 143
675 555
128 873
565 75
600 504
92 422
155 147
270 102
505 683
270 71
244 38
268 470
812 465
736 165
809 734
457 335
989 423
723 401
19 136
867 108
932 999
25 697
800 234
347 499
205 453
411 630
552 419
132 964
857 312
511 448
797 866
829 484
185 989
446 692
761 888
439 494
177 756
907 101
478 155
45 379
249 992
994 645
927 188
174 173
217 426
695 160
887 724
811 559
665 80
738 543
128 773
120 328
118 457
741 365
132 397
233 40
356 684
39 92
490 875
886 476
609 767
874 209
204 712
500 810
450 625
769 625
77 273
132 299
575 463
738 547
902 781
697 281
294 663
922 747
199 214
941 962
462 331
739 60
225 352
986 688
946 807
356 837
920 224
312 938
821 233
261 701
57 6
234 23
283 210
834 342
584 892
381 628
883 233
208 257
262 495
994 992
665 569
852 24
846 327
108 982
289 80
304 40
35 403
289 593
370 173
452 230
270 604
983 986
502 798
14 704
491 569
143 690
283 144
571 234
646 332
178 47
202 64
532 137
246 229
553 379
283 721
173 106
157 281
39 550
920 115
240 283
313 98
260 16
830 227
445 725
602 144
610 517
508 302
598 264
341 259
746 286
153 637
605 73
348 414
632 994
696 960
407 473
426 473
241 660
736 719
33 132
928 988
919 161
70 289
979 946
950 514
463 628
765 695
902 832
475 640
291 631
164 924
133 561
937 555
922 912
774 319
792 869
548 924
997 579
129 366
773 388
196 189
463 483
646 289
140 979
770 741
116 959
217 570
206 555
466 465
528 170
44 104
7 304
488 71
447 973
176 600
894 778
325 228
571 287
224 163
85 4
300 121
388 700
691 728
956 359
399 870
947 810
592 165
388 114
734 305
649 233
768 370
519 581
90 19
853 259
787 13
563 635
958 0
274 925
537 40
769 82
782 393
472 481
483 434
668 350
543 638
610 383
251 219
876 656
646 749
35 544
229 95
961 677
458 315
962 162
759 347
485 166
779 538
336 195
569 781
677 322
312 794
251 995
964 46
227 520
937 803
544 743
439 36
813 358
721 61
6 553
911 557
746 707
893 821
327 67
15 499
864 574
593 168
917 333
832 748
936 150
97 513
263 346
702 460
306 118
649 880
73 107
171 189
331 225
66 402
604 278
681 860
119 358
18 12
680 516
54 520
665 421
199 665
338 365
979 583
909 879
119 652
267 990
72 513
579 554
783 347
977 403
874 758
11 593
410 222
351 28
724 312
970 107
315 960
689 198
148 154
577 189
989 82
682 462
915 884
849 444
259 672
385 539
632 980
984 993
844 883
640 22
393 182
212 412
237 643
952 39
942 962
75 286
29 63
441 37
340 992
724 139
884 0
72 791
844 572
361 260
347 862
693 238
746 330
855 649
382 625
509 111
190 782
435 720
785 532
859 983
900 243
983 255
275 26
478 150
379 565
500 97
698 503
387 792
701 595
249 91
896 214
227 738
375 938
737 781
27 900
110 353
667 584
9 513
346 293
789 23
619 900
225 565
228 181
889 857
108 789
180 540
880 628
188 674
837 371
967 901
660 530
770 561
136 20
429 992
63 514
113 871
82 725
476 923
128 366
684 877
17 765
398 812
19 412
551 999
872 818
596 155
970 945
841 417
604 143
740 246
263 237
663 693
492 70
131 679
169 84
882 390
278 910
202 737
598 492
253 859
523 640
443 946
635 830
319 340
453 497
574 540
342 426
615 606
401 129
347 875
451 599
320 941
655 883
939 513
825 688
811 653
783 177
664 173
321 344
763 594
238 84
903 666
625 511
904 429
208 750
529 652
890 395
379 976
880 234
373 787
972 452
65 562
726 642
843 554
278 47
917 637
997 941
556 328
698 668
40 289
926 35
209 538
108 679
561 793
204 701
101 681
828 127
232 755
951 443
122 476
406 1
497 554
27 357
239 656
620 15
983 788
921 128
455 86
900 404
44 782
808 438
416 526
720 616
140 637
777 863
584 473
983 603
126 638
924 837
730 999
843 397
305 173
10 50
136 78
748 403
362 205
628 899
302 406
795 203
462 163
853 691
279 137
89 850
776 828
269 701
272 564
448 184
624 334
712 439
42 775
755 609
297 119
433 755
370 116
52 125
569 834
178 872
22 308
824 8
367 226
883 247
19 769
722 859
268 728
147 304
530 861
41 338
550 751
376 265
102 710
96 617
432 357
412 183
446 176
465 653
544 388
481 848
508 728
744 726
95 411
935 1000
200 540
209 445
881 873
224 344
809 724
493 597
145 372
624 20
195 347
141 815
638 77
674 562
14 645
758 973
346 745
244 967
320 829
304 661
90 993
563 670
89 450
735 401
402 646
757 736
877 513
625 172
145 660
762 251
148 540
400 923
138 910
362 510
672 924
523 628
178 933
919 993
412 465
646 289
203 200
458 22
38 980
949 993
609 320
837 394
524 777
391 893
824 910
189 413
203 797
522 800
172 39
33 500
381 253
522 105
408 845
364 663
914 827
873 467
419 843
680 510
827 24
199 239
86 24
64 445
62 712
862 58
740 590
903 988
973 26
501 717
893 918
722 142
408 405
68 184
48 937
334 406
686 983
590 483
586 689
847 400
716 708
444 136
381 354
768 17
881 771
961 129
331 210
919 231
266 828
545 197
59 56
293 650
524 451
46 60
343 431
417 191
751 708
170 655
296 140
856 63
105 516
325 207
846 691
918 181
36 75
208 879
872 909
949 590
164 838
645 101
298 147
673 747
503 679
832 188
943 331
847 66
932 811
49 456
906 444
164 615
723 196
382 591
966 842
215 648
298 751
998 457
205 436
763 143
184 584
693 567
588 970
844 607
296 789
517 884
832 595
198 24
885 377
240 407
968 813
774 271
860 153
9 407
800 301
36 173
894 757
591 530
132 647
895 723
445 207
701 428
58 327
598 397
797 121
892 20
862 645
748 376
240 987
785 635
788 811
704 211
988 441
366 781
180 956
202 939
456 749
352 567
773 122
203 13
937 279
336 595
132 382
881 594
256 912
842 967
738 943
762 114
181 320
536 425
823 515
928 973
438 333
983 124
526 298
425 147
68 999
506 42
486 418
939 698
459 55
141 82
863 366
957 932
156 406
886 408
147 576
238 750
610 842
881 845
607 656
407 904
95 647
653 592
147 484
577 841
781 663
430 77
713 159
880 394
286 429
744 439
898 691
438 495
565 965
93 774
977 322
294 148
400 276
811 354
432 243
675 688
488 207
840 811
459 214
887 679
647 130
41 76
52 670
279 784
983 887
789 704
599 368
684 630
424 3
547 446
157 676
32 595
203 171
195 378
665 436
321 404
213 139
168 293
32 66
187 591
462 147
692 608
667 782
165 159
973 879
600 840
526 71
721 330
475 499
920 632
545 850
141 416
793 425
339 639
817 792
249 227
503 181
31 25
590 432
601 730
422 961
519 287
928 481
80 942
915 639
9 518
509 549
308 293
328 171
709 709
942 882
19 547
908 244
635 783
905 204
244 18
617 328
296 339
106 926
88 582
773 929
594 994
900 748
755 836
31 250
992 495
834 561
735 842
233 418
210 913
264 196
748 274
644 870
79 375
635 569
67 287
210 220
155 321
660 561
783 854
341 756
848 126
380 624
691 305
795 689
81 906
47 325
736 211
326 954
358 44
766 37
477 814
795 877
865 177
128 269
997 622
369 366
997 346
300 305
235 309
382 392
458 94
199 155
970 977
899 886
328 736
894 380
775 957
711 726
672 940
969 252
791 154
182 316
137 62
937 309
318 111
205 465
864 97
265 191
557 534
22 604
196 56
333 24
551 984
207 987
722 99
611 63
407 636
339 194
578 724
936 217
380 527
209 442
190 13
702 971
172 964
179 880
639 676
469 363
676 291
692 785
133 570
101 298
167 79
982 111
970 652
509 618
709 604
533 502
531 468
896 419
391 869
660 842
445 1
288 535
78 553
584 43
143 873
442 115
249 362
800 679
469 888
953 827
127 881
670 918
248 345
82 648
946 658
449 200
42 855
32 844
406 40
438 510
413 822
197 707
608 286
203 223
466 723
113 738
496 497
564 541
38 920
82 846
439 74
130 809
538 539
697 672
672 175
858 136
249 950
891 779
711 229
790 249
202 629
902 790
105 411
990 2
840 440
598 311
564 650
399 557
167 952
466 310
636 396
366 912
416 332
421 65
438 624
744 615
323 640
830 524
907 507
207 845
0 967
305 979
518 550
646 252
682 675
387 348
126 732
964 332
823 866
623 538
716 979
653 585
808 532
578 637
840 505
476 877
658 133
4 332
697 934
514 88
233 833
802 17
991 719
687 484
161 883
309 307
105 801
678 143
396 311
947 142
112 491
404 259
585 515
475 939
405 743
270 331
809 316
503 511
356 172
958 168
497 979
971 941
364 185
778 982
957 461
558 323
242 923
776 513
133 947
983 119
959 337
730 995
712 394
304 273
854 441
696 190
945 245
432 574
145 804
226 123
725 77
89 589
29 762
995 753
55 409
203 916
158 349
886 470
883 58
55 125
822 994
379 13
611 818
175 564
701 207
81 458
895 359
696 947
38 494
21 873
439 680
249 572
868 583
950 707
192 827
944 871
187 706
813 938
740 935
887 232
359 257
95 536
93 350
595 8
584 424
779 12
865 546
631 530
618 577
787 528
870 378
312 366
519 124
878 103
732 236
649 721
70 607
481 37
498 713
38 144
137 658
516 94
8 371
305 888
617 714
253 507
665 958
792 3
939 174
488 48
803 723
261 304
752 509
308 403
948 847
52 401
94 20
627 848
642 806
434 348
217 923
156 102
482 753
244 853
408 392
109 469
887 418
692 300
170 516
778 229
797 485
568 880
432 993
574 174
668 34
835 62
350 317
540 818
96 662
257 783
992 218
822 767
603 794
719 676
289 363
937 684
831 630
850 813
673 980
780 766
733 549
741 305
277 923
430 457
324 219
716 538
329 581
534 665
934 40
863 277
170 704
212 574
595 62
972 24
474 926
916 580
625 349
327 439
72 584
67 564
285 442
20 954
268 184
759 955
145 585
138 21
416 245
53 245
280 215
933 721
276 931
103 929
89 546
499 629
455 198
668 837
187 606
65 109
398 396
526 771
393 556
39 749
397 68
108 269
588 898
904 192
926 819
470 428
454 151
332 600
535 324
270 222
998 99
802 145
670 588
778 900
288 225
593 629
888 816
508 19
172 26
815 823
471 432
502 781
67 507
590 515
603 179
579 67
464 676
750 586
791 388
215 421
37 461
844 790
996 43
815 586
900 767
512 280
537 840
695 343
503 601
518 686
993 848
750 18
668 632
493 244
772 573
578 301
101 686
671 543
285 418
498 192
640 401
650 700
967 194
398 61
296 147
146 43
634 896
566 152
911 359
460 462
610 786
83 927
798 91
8 480
123 767
117 624
90 724
639 177
628 842
73 148
245 534
912 701
917 225
604 397
147 138
616 122
687 725
407 683
257 69
304 724
84 637
990 570
800 601
501 578
484 931
969 682
21 578
799 457
345 474
495 100
732 395
71 743
364 329
556 553
917 255
145 786
301 322
424 743
514 725
964 235
270 163
399 279
410 537
456 682
417 590
286 215
429 475
349 482
630 304
685 43
666 209
481 85
45 344
490 472
390 550
181 210
635 83
628 999
435 827
335 409
208 487
286 587
414 811
283 341
503 599
502 935
268 93
427 58
500 859
838 199
423 157
201 629
300 586
744 498
629 977
381 979
263 986
705 598
67 645
872 980
336 469
699 772
46 247
763 383
287 266
13 356
728 773
668 595
521 586
322 149
918 46
180 300
451 899
175 93
173 94
972 465
794 763
30 962
819 808
558 798
117 3
570 614
705 981
831 725
24 31
706 724
283 133
752 2
117 504
685 858
259 382
657 507
82 805
829 336
913 522
294 617
645 195
621 405
63 393
380 516
566 51
9 580
878 648
652 24
565 468
333 85
914 325
125 592
181 244
680 448
499 614
180 791
318 359
291 152
666 540
616 927
834 997
952 865
448 714
167 805
0 747
731 311
427 384
564 899
804 839
550 723
634 605
5 761
79 948
350 509
569 836
520 330
640 78
718 165
585 778
543 704
151 214
21 324
640 984
328 630
998 693
65 563
748 901
415 633
322 453
952 237
701 348
369 505
950 764
712 233
959 455
637 563
859 625
420 886
64 786
808 780
587 798
52 550
61 296
135 63
98 144
645 798
248 850
119 632
597 372
885 963
913 461
535 968
316 320
690 535
73 716
302 426
955 1
173 436
730 593
856 596
373 628
875 896
505 415
988 654
572 258
373 419
757 805
698 940
590 413
762 535
238 856
320 97
751 327
866 571
308 711
503 45
827 627
531 330
833 849
569 780
750 57
793 124
833 886
535 378
403 650
456 139
833 540
436 864
616 264
68 761
211 334
10 833
144 864
466 935
433 597
475 115
685 969
179 790
249 152
962 67
79 352
461 481
179 481
693 786
84 176
78 607
988 104
695 408
389 568
139 924
345 283
556 125
217 535
71 174
221 221
691 918
934 83
85 217
442 278
774 512
324 214
154 73
637 991
537 714
43 792
900 752
577 644
587 304
76 851
547 348
876 418
266 419
979 114
529 389
495 311
199 200
725 55
446 977
722 927
417 799
933 729
550 512
563 247
310 431
488 76
111 334
110 393
201 489
862 37
814 421
620 983
381 422
825 262
567 100
333 662
132 655
705 10
919 681
915 361
831 376
568 435
41 979
609 512
464 5
755 995
733 457
738 271
72 227
388 598
67 827
183 601
665 859
48 628
625 3
820 746
400 70
422 414
759 625
786 217
205 869
206 362
560 18
37 786
878 402
684 283
974 656
950 669
878 107
566 745
882 811
936 215
117 825
144 884
309 376
774 397
471 456
57 683
884 923
514 150
377 617
742 533
755 699
351 267
325 494
175 670
942 815
889 485
792 183
692 882
713 98
570 654
426 883
702 136
242 116
643 926
308 408
660 152
623 416
18 392
806 252
18 465
83 8
582 197
143 73
421 860
865 203
499 192
116 556
62 329
25 595
344 933
938 746
298 358
661 878
84 948
724 921
533 995
996 718
338 614
411 92
960 76
969 742
52 326
684 50
734 903
694 764
183 718
357 676
181 340
857 785
202 871
553 151
370 364
53 290
335 33
812 979
593 374
976 254
572 379
350 774
94 211
483 543
928 541
84 865
476 968
863 478
576 606
792 372
907 483
100 116
214 770
663 995
785 802
241 807
765 29
134 568
519 621
104 743
411 523
719 284
380 195
946 320
751 620
672 585
768 491
59 246
234 783
896 822
968 960
664 66
420 625
802 798
18 981
356 828
682 271
829 892
614 611
1 188
859 597
222 796
460 176
805 219
897 946
547 336
864 940
858 215
128 966
30 410
287 344
128 257
205 506
638 56
679 233
98 265
124 658
849 84
754 114
590 327
62 717
384 513
902 749
679 455
439 489
8 54
906 748
809 301
62 888
284 645
172 936
511 402
219 505
325 427
335 942
596 627
508 413
896 451
225 233
921 368
861 549
438 641
598 950
342 753
437 97
556 986
497 37
482 377
753 519
616 810
630 684
222 848
467 523
308 294
203 982
287 97
758 256
453 641
436 781
117 570
755 140
665 499
817 472
812 237
810 256
573 509
991 849
424 572
441 221
669 988
214 546
701 15
662 205
116 456
747 311
931 483
58 773
654 363
658 811
347 150
334 129
559 474
874 435
846 343
850 453
486 308
206 979
962 280
478 402
266 579
577 398
447 222
63 328
381 321
909 472
524 253
194 161
648 612
635 281
448 444
774 27
756 734
789 108
159 718
445 121
898 537
588 598
305 984
461 300
644 379
734 395
564 654
5 582
423 251
136 377
496 307
312 298
139 965
531 473
948 962
92 750
44 480
474 453
171 935
283 425
872 955
552 116
229 675
159 726
628 828
443 122
314 37
507 441
789 327
718 944
989 685
988 506
31 547
567 943
935 21
79 324
304 646
33 728
997 628
394 9
322 303
192 378
877 155
276 91
338 393
592 978
165 852
87 761
947 562
428 876
499 728
686 842
35 894
122 387
271 800
365 668
974 208
442 272
444 133
582 866
126 484
510 427
337 178
181 744
739 534
972 232
589 230
665 565
239 308
406 382
130 610
684 498
389 75
409 502
401 646
154 613
591 199
624 893
75 173
958 180
493 594
696 767
244 924
423 852
246 450
864 537
939 518
655 815
738 896
759 695
806 482
526 785
178 266
823 679
625 240
356 241
15 103
478 471
296 477
246 537
289 83
212 295
118 999
878 519
414 67
93 580
900 574
255 426
462 299
977 340
762 221
46 803
137 651
822 775
152 548
761 156
747 758
649 535
207 191
719 611
710 406
552 527
940 249
217 667
704 712
734 537
98 626
364 699
402 839
504 211
929 990
685 550
123 766
893 470
84 893
679 939
764 752
819 420
585 601
197 82
912 835
408 88
736 984
797 632
468 153
311 634
229 951
257 443
728 987
600 565
979 305
396 9
869 53
107 751
182 458
31 173
143 640
365 719
674 715
654 79
898 692
630 572
962 912
242 573
889 876
973 292
859 532
143 274
237 252
653 671
817 51
30 968
875 911
977 642
965 781
501 397
247 300
949 88
879 326
521 113
254 632
98 609
216 620
68 481
970 700
358 292
214 440
670 706
356 942
260 756
164 119
555 932
702 919
475 494
443 443
660 872
4 893
38 965
125 110
655 216
306 490
756 511
406 448
167 298
425 711
953 97
621 605
507 100
867 603
169 985
417 208
205 414
696 372
920 361
783 82
492 82
786 851
350 907
310 422
949 734
499 861
790 154
270 769
689 717
347 220
699 159
783 9
312 287
563 124
417 149
482 879
619 850
444 117
858 87
939 898
625 426
115 786
712 625
609 942
99 885
883 52
438 723
326 842
604 253
391 20
60 666
135 899
526 446
20 711
849 36
167 179
834 317
733 510
3 822
125 939
569 322
675 183
654 457
348 345
965 542
509 787
389 909
172 648
222 706
369 988
680 625
151 599
790 722
807 534
385 469
321 859
161 385
737 621
995 302
990 466
796 778
589 33
431 645
863 404
445 203
620 745
483 595
387 928
664 952
460 132
133 868
391 812
42 540
410 879
275 939
836 944
256 431
604 934
803 367
927 913
142 424
537 190
856 54
534 933
53 777
722 137
289 825
753 827
421 969
661 352
67 5
412 771
763 758
757 860
887 454
900 76
611 55
599 567
556 722
252 490
823 647
468 816
474 746
857 194
681 445
391 19
553 227
695 398
199 591
537 195
906 789
351 430
192 493
517 504
317 607
134 964
568 54
615 609
165 576
583 650
766 532
380 739
714 466
636 851
706 580
510 349
195 115
884 12
995 560
366 192
654 534
840 282
67 277
20 145
907 999
90 713
409 672
983 172
431 80
128 201
428 607
122 250
891 474
139 77
868 470
862 264
243 282
495 503
776 629
823 700
835 866
356 864
65 956
772 450
823 754
687 921
144 956
674 666
71 340
117 880
243 390
496 788
342 527
802 498
883 331
803 405
709 198
642 120
879 605
502 312
258 846
777 485
422 172
8 961
181 522
341 907
730 512
605 155
172 231
75 432
959 234
517 446
457 843
264 437
348 734
459 196
497 259
413 539
642 51
470 866
684 464
889 43
780 100
976 575
947 597
12 453
215 963
74 872
491 592
589 973
165 299
992 217
289 790
422 234
640 200
148 788
517 564
346 76
865 89
155 457
45 712
738 704
240 662
4 74
688 381
265 761
19 22
594 332
687 567
870 334
742 448
952 569
198 511
87 541
583 522
470 684
460 828
881 119
620 504
793 437
622 573
86 400
795 198
168 81
955 136
160 337
331 617
541 771
838 582
561 418
197 149
846 503
502 861
251 823
65 765
352 817
904 41
517 698
478 891
115 663
780 846
978 621
469 205
735 984
111 874
638 118
840 288
236 156
921 467
117 901
42 637
919 101
841 573
79 403
136 736
629 40
535 771
234 728
71 73
471 831
749 620
510 345
985 550
45 375
143 249
713 857
462 645
803 479
57 885
415 891
855 375
148 365
696 573
588 512
219 935
511 733
378 543
51 275
412 871
497 35
552 171
368 323
94 637
931 540
200 779
869 24
250 302
821 620
314 314
558 234
115 659
175 156
35 426
468 242
923 167
92 735
149 945
300 763
462 844
72 195
631 794
851 951
903 888
235 813
167 721
9 389
189 867
48 418
983 221
95 947
567 278
888 201
144 440
189 47
793 568
538 266
250 16
685 745
984 334
44 956
167 12
505 821
209 37
191 516
789 233
105 585
1000 654
858 798
281 893
667 725
757 40
720 459
21 823
175 332
178 666
284 426
960 787
183 32
98 627
630 9
997 817
280 454
152 296
40 543
468 848
335 176
864 556
394 688
833 975
517 320
308 584
204 257
68 978
371 645
36 12
591 181
18 544
12 286
257 794
838 92
533 609
171 824
852 309
408 130
734 1000
828 899
525 86
877 495
998 152
518 421
403 512
439 728
295 595
522 468
804 731
781 895
71 878
28 624
881 426
220 291
455 193
427 277
137 280
737 283
167 310
945 767
363 344
161 348
300 324
512 11
676 436
527 162
689 391
917 651
431 832
628 687
771 794
961 679
309 627
521 60
212 784
20 260
567 0
174 692
446 1000
41 754
151 309
197 277
474 692
717 306
886 563
69 380
336 308
907 200
493 416
37 581
542 30
193 706
631 570
211 492
758 583
996 457
240 994
173 476
442 462
803 799
928 994
937 458
982 199
570 371
255 325
278 684
894 116
54 220
513 647
234 337
954 148
15 370
537 73
370 97
23 483
715 288
326 761
102 834
667 855
753 680
433 702
80 813
321 531
22 807
474 296
147 353
383 877
30 818
33 993
604 270
132 496
46 529
795 153
412 487
260 763
946 287
395 444
130 143
533 730
955 683
946 396
993 435
94 303
590 419
642 319
610 443
48 363
644 637
484 511
706 255
967 401
170 990
165 539
614 311
712 752
152 415
724 747
28 982
491 783
277 77
107 109
267 280
952 17
908 841
333 171
483 833
833 391
155 203
232 819
821 329
532 916
137 582
569 314
388 263
343 616
394 756
817 226
922 289
129 534
958 149
134 628
558 676
353 76
448 536
961 544
519 251
464 482
659 722
659 772
119 625
731 496
147 20
113 102
31 642
236 727
612 38
69 779
740 349
8 271
953 693
223 542
284 645
856 403
584 812
73 249
420 371
473 291
607 330
149 0
309 164
105 78
901 337
124 830
992 99
199 785
496 646
469 128
726 155
245 212
956 86
861 77
458 787
295 541
819 608
37 872
535 33
261 837
454 91
913 409
596 126
766 305
21 75
822 840
726 151
453 121
626 687
75 743
284 663
53 738
627 726
918 883
210 265
515 849
40 969
946 721
360 70
239 290
410 426
948 631
316 524
600 63
335 477
286 609
945 808
347 32
433 910
305 321
28 431
704 989
392 491
481 397
536 630
753 33
227 870
296 324
450 14
977 601
792 306
628 234
236 445
735 251
435 548
896 261
50 286
875 799
495 839
730 705
404 803
809 441
205 288
571 583
677 704
503 490
151 169
101 113
135 856
462 586
301 768
638 719
155 40
681 384
75 989
933 934
472 684
106 838
142 218
935 694
847 881
685 26
486 51
520 834
903 61
84 682
10 97
59 847
972 293
206 510
439 667
369 475
391 150
196 630
600 981
750 135
693 129
791 626
436 646
118 644
510 901
275 894
318 672
958 775
402 671
219 879
839 607
59 540
676 116
900 972
70 84
962 64
446 923
609 471
796 396
724 500
365 500
510 376
690 826
949 438
670 115
825 505
841 654
848 614
981 403
982 676
419 405
570 516
221 649
313 430
112 877
81 403
118 776
532 449
939 238
337 11
730 652
947 787
69 453
395 393
914 865
275 503
565 462
828 404
716 439
85 454
857 82
171 880
681 374
355 142
241 321
917 100
981 977
699 72
774 127
200 52
825 166
944 604
525 423
942 817
354 233
625 980
209 117
506 500
951 110
394 247
419 999
282 699
95 151
877 775
542 972
419 387
470 952
502 940
452 114
631 86
90 437
528 571
974 157
192 499
607 936
184 93
257 505
666 81
509 93
972 122
751 917
115 598
782 418
567 978
834 543
3 878
817 823
438 42
171 445
795 95
146 310
93 597
573 287
318 142
954 288
784 964
729 209
587 400
29 549
827 88
710 159
803 728
739 570
653 751
110 391
508 695
683 498
779 870
131 399
300 228
417 86
804 316
777 810
52 519
437 993
166 338
174 746
587 541
862 784
700 385
481 213
453 833
221 977
174 903
552 114
914 696
53 847
110 812
348 769
580 47
414 105
83 90
177 424
220 254
647 625
291 980
902 754
715 279
471 917
222 151
313 212
399 539
810 737
193 621
51 161
91 621
472 756
678 763
766 70
9 483
243 555
962 538
23 945
153 986
652 725
67 622
284 451
107 959
793 630
576 950
921 214
394 979
702 105
649 580
545 184
91 141
528 400
438 504
42 775
426 718
576 122
303 333
666 435
857 74
592 641
911 113
455 475
585 846
564 232
653 867
678 983
926 635
20 183
648 835
82 982
291 674
584 562
574 929
826 35
920 158
506 636
442 121
943 856
259 951
393 35
825 207
439 141
955 137
462 412
838 341
291 57
885 915
154 189
793 590
533 456
191 707
230 623
164 512
949 685
108 748
572 395
360 599
756 79
799 610
336 10
941 669
315 957
829 331
96 94
224 632
579 668
850 860
392 798
535 166
270 557
239 540
321 907
654 129
604 762
943 486
17 737
404 743
505 766
438 546
884 664
470 869
764 428
241 756
687 998
861 297
45 42
241 725
744 809
342 907
776 454
477 202
929 278
92 359
169 457
281 573
227 722
735 184
111 693
984 91
491 11
197 349
313 302
549 734
355 241
292 346
662 416
27 680
590 456
472 656
216 231
369 191
458 723
915 122
764 791
485 246
229 916
369 265
634 20
438 482
872 503
2 642
154 887
446 669
18 506
344 895
846 498
751 607
262 90
769 592
681 61
210 209
115 179
640 901
132 92
543 772
383 834
56 285
325 258
894 375
393 279
833 156
791 45
963 613
205 149
43 19
880 826
63 779
966 197
815 709
840 792
710 8
598 103
935 658
147 61
872 160
405 292
852 382
661 291
379 223
682 850
153 931
429 268
267 728
554 285
786 679
848 509
939 183
16 94
513 783
5 406
267 383
13 292
864 47
758 547
821 427
69 819
677 499
577 141
1 228
68 920
522 326
777 332
891 56
144 17
26 874
111 915
364 784
869 664
15 939
44 261
699 109
582 275
2 798
974 580
706 486
523 581
664 687
735 374
996 976
561 337
240 316
177 316
598 714
732 196
271 409
131 795
573 314
10 735
437 641
951 945
512 961
839 818
349 659
297 218
507 539
734 900
173 430
51 755
744 472
99 785
517 905
882 473
98 973
854 456
789 300
210 312
491 123
941 249
386 490
20 2
952 10
837 86
6 487
661 10
69 407
655 76
88 781
44 315
899 29
425 474
871 879
661 917
97 936
582 120
637 87
852 110
443 302
821 628
256 944
392 838
305 187
386 996
922 452
638 422
56 526
97 43
639 542
683 668
246 70
5 992
353 349
843 62
248 757
158 713
266 463
689 110
661 726
722 859
999 280
825 326
524 322
253 84
8 304
125 449
573 980
27 761
183 131
287 993
231 653
523 559
303 731
447 572
94 716
934 639
24 539
392 526
335 237
740 638
637 399
159 665
75 178
333 157
474 139
697 435
26 355
216 843
847 529
692 617
479 922
157 651
441 918
133 192
746 825
191 650
395 11
21 67
383 226
786 590
35 633
847 611
354 469
55 246
29 892
99 289
334 724
611 332
974 490
581 396
333 334
842 818
39 543
275 711
333 323
727 173
126 164
375 716
345 804
327 158
1 182
898 713
619 298
499 411
20 933
41 588
860 353
144 176
230 433
759 91
901 701
11 710
103 415
943 299
141 998
561 655
370 281
797 810
515 57
387 536
692 1
750 766
830 557
258 214
934 221
153 451
794 646
307 996
219 496
896 612
955 908
430 931
573 923
976 724
694 132
810 569
191 593
432 653
201 246
905 387
665 817
940 846
811 779
749 642
770 27
547 690
492 558
624 897
449 496
494 703
575 815
851 877
209 875
416 344
170 571
67 52
569 147
953 327
973 675
334 662
652 515
484 225
606 939
537 916
981 677
522 781
694 73
672 161
19 351
614 301
696 758
622 102
25 234
878 953
159 390
570 821
398 368
97 917
855 463
615 982
680 214
435 34
162 563
569 157
473 665
741 16
967 388
539 745
484 958
706 568
73 229
176 656
797 198
202 971
194 869
897 552
547 641
317 370
599 669
473 378
877 925
666 337
125 849
926 879
60 753
886 293
401 852
255 12
207 796
342 860
860 68
875 873
818 255
22 885
829 907
783 651
812 760
638 68
615 455
386 263
758 268
831 699
238 837
246 509
132 504
303 46
510 37
454 426
626 889
646 968
447 481
984 570
651 960
947 493
75 285
565 142
667 550
23 413
293 564
421 803
634 323
499 26
353 347
983 476
808 984
231 581
750 780
754 886
478 198
911 855
334 714
674 434
617 889
517 245
387 646
108 362
972 220
622 107
20 847
120 497
748 345
10 17
950 800
513 190
100 210
419 956
177 355
101 319
367 526
843 396
953 436
101 258
793 189
927 330
182 304
965 34
931 888
791 723
804 205
850 902
987 921
465 687
315 942
713 550
734 840
367 537
391 482
71 824
12 232
94 693
87 175
924 572
626 189
11 588
363 516
568 852
137 516
458 2
108 413
937 687
577 505
247 187
809 366
370 493
368 619
870 329
735 538
889 511
194 750
593 173
780 856
408 716
636 254
362 523
382 912
333 948
711 324
848 990
945 763
191 148
315 398
882 395
829 817
611 9
640 550
865 981
522 294
37 254
617 3
802 252
266 151
524 165
786 881
777 863
559 776
193 136
587 193
286 49
783 178
782 210
468 228
335 170
503 431
192 116
618 298
522 941
599 844
506 828
86 643
455 914
679 424
123 128
52 677
944 985
917 809
530 594
701 762
128 18
182 316
985 783
297 617
700 637
141 433
111 865
611 746
806 295
660 701
477 50
634 67
497 695
844 84
248 879
556 71
157 808
279 511
389 16
64 288
556 27
711 190
201 654
468 449
4 67
162 808
904 342
588 718
202 666
861 222
20 485
113 401
608 777
76 332
243 30
778 931
225 672
732 920
279 572
388 97
186 167
443 587
419 228
609 454
732 896
202 276
226 240
346 243
915 112
436 636
722 999
442 751
762 649
279 469
755 222
134 324
663 593
929 476
809 794
901 924
274 794
458 484
720 301
68 62
274 423
933 885
582 868
465 80
37 74
736 523
862 992
107 18
646 720
651 457
282 376
483 517
155 727
387 720
554 679
210 451
829 295
687 533
735 287
947 661
80 354
257 424
26 150
475 419
294 84
939 398
358 896
385 193
304 978
67 734
755 115
686 294
900 664
910 414
701 552
770 70
67 173
124 630
925 14
860 408
64 156
522 272
401 199
294 58
781 233
179 244
535 684
534 978
772 752
306 607
823 542
366 8
556 150
498 733
94 350
600 670
364 850
193 34
599 68
164 79
611 731
933 184
129 928
612 912
265 2
412 712
94 621
465 9
311 758
916 562
858 1
915 814
210 277
915 166
209 647
680 99
404 996
537 77
895 694
696 840
106 201
697 289
824 234
482 185
416 672
664 485
332 159
828 608
767 932
877 653
186 567
833 162
228 146
250 779
423 813
184 359
893 756
664 922
575 494
464 968
0 126
227 532
644 591
933 166
879 210
849 887
434 463
853 344
138 90
366 878
26 710
937 824
659 82
139 718
891 269
477 696
578 560
92 816
843 358
882 18
421 304
51 360
977 532
235 181
590 256
733 88
943 206
959 903
198 52
395 820
608 30
483 304
790 788
282 694
41 28
463 343
955 561
991 619
358 381
441 220
565 521
309 681
82 995
804 841
78 536
95 14
378 997
435 93
24 884
435 526
336 385
282 286
415 720
272 806
343 44
269 596
168 119
678 971
353 256
13 288
414 236
639 222
125 502
631 288
275 652
381 199
744 833
960 364
729 84
30 236
405 525
335 87
712 907
564 579
962 93
890 254
104 168
100 359
911 642
467 761
449 934
513 990
656 776
796 261
642 780
310 882
696 532
564 269
585 630
263 755
713 712
3 378
820 943
967 54
122 455
598 861
778 218
272 564
893 84
858 557
156 574
229 188
462 258
820 405
853 325
785 953
848 469
968 437
23 475
211 118
702 695
237 886
985 333
174 661
852 183
12 1
80 831
934 469
274 984
216 133
306 80
533 209
593 611
642 226
671 202
447 104
674 618
492 620
189 148
463 861
998 70
43 296
818 398
255 122
402 937
376 494
964 50
762 541
339 736
26 923
78 411
49 531
274 909
582 945
187 512
195 700
41 781
895 928
588 876
456 841
393 219
388 71
717 409
887 435
961 334
438 386
112 648
244 275
965 391
332 74
537 815
600 341
467 640
850 827
801 438
374 193
642 751
8 693
263 617
311 713
776 200
89 152
397 265
420 615
31 654
882 438
307 185
54 892
315 342
60 179
562 112
37 273
55 2
65 280
614 640
923 661
81 648
595 379
387 769
60 584
851 987
327 727
620 305
343 549
942 489
800 739
422 439
558 679
586 641
811 396
273 403
962 136
26 864
11 845
179 346
429 842
783 913
943 932
557 422
382 530
679 532
792 211
213 184
620 746
348 469
510 454
933 297
557 344
924 539
485 556
313 635
330 125
388 751
364 637
634 28
883 916
602 923
625 342
96 304
404 156
522 572
264 155
427 542
288 202
652 713
656 173
775 626
210 788
160 215
875 789
603 834
401 531
756 430
625 212
371 528
950 57
266 570
749 850
39 676
846 998
266 337
441 892
339 363
759 566
342 920
259 606
107 592
444 70
253 207
168 556
514 892
996 613
457 275
912 533
694 770
25 849
99 703
838 440
351 890
820 307
550 379
345 876
573 848
570 691
958 156
963 702
409 647
651 701
181 749
378 294
463 111
716 695
573 498
31 761
803 758
564 679
634 533
396 587
836 641
175 747
797 16
673 437
31 225
888 737
517 594
653 624
55 761
19 415
399 432
743 370
641 45
950 729
300 622
290 792
792 465
705 349
907 282
587 723
220 335
436 172
180 954
551 28
165 670
45 807
651 329
714 858
977 822
443 69
646 143
11 266
984 678
44 357
303 737
453 619
597 657
880 490
629 863
548 912
185 496
104 651
339 421
992 449
676 509
995 132
95 479
129 861
815 417
377 412
76 259
107 962
313 567
466 905
798 914
912 714
887 429
396 287
386 337
306 901
756 945
388 241
778 775
97 190
276 879
762 206
663 515
478 510
897 626
639 264
937 87
543 629
881 27
109 338
930 873
865 18
750 630
17 364
23 200
93 514
900 287
785 760
365 327
701 837
438 52
702 584
568 167
82 331
388 204
146 982
471 352
965 695
982 326
187 271
607 603
950 181
730 775
845 149
750 656
783 422
130 625
433 798
6 651
910 136
835 200
292 298
649 140
482 742
959 532
784 920
395 497
314 454
419 91
67 578
31 177
817 501
957 653
814 931
285 937
194 656
31 168
51 640
788 125
185 447
204 380
308 729
893 616
327 240
871 228
56 677
518 612
954 591
585 263
870 389
442 48
115 381
531 47
332 10
685 30
175 542
168 819
262 499
35 941
815 711
564 670
102 559
784 531
241 165
223 337
359 670
491 421
771 178
134 142
587 80
892 811
952 90
330 900
411 837
758 284
174 650
105 876
942 118
690 94
98 190
32 4
751 727
16 723
721 57
246 816
417 866
52 756
179 218
100 794
403 519
416 913
931 290
911 54
424 368
35 313
131 220
215 371
379 593
183 815
623 2
270 582
473 194
428 766
735 935
459 487
69 630
105 742
152 390
500 974
786 608
201 711
704 851
449 150
516 516
855 219
492 304
867 610
399 308
467 590
878 938
335 279
943 955
495 975
63 837
291 126
183 922
318 264
854 676
769 286
419 736
468 600
992 382
499 449
86 606
671 718
472 595
594 164
476 278
701 751
893 6
990 83
130 48
3 922
739 62
954 852
965 583
496 74
80 898
348 891
654 655
190 716
203 688
107 422
814 21
140 702
729 221
486 164
354 887
755 923
132 285
952 724
650 481
639 585
153 977
278 784
816 848
682 923
960 984
166 524
345 734
20 563
209 401
998 42
340 613
111 373
15 587
465 151
431 346
579 88
624 688
688 525
350 597
46 513
26 592
765 506
157 989
604 58
511 958
233 969
734 822
860 613
951 589
236 341
124 291
79 556
125 495
678 420
532 376
237 714
410 454
710 729
305 243
893 824
366 616
263 650
445 756
756 945
902 797
78 257
628 397
930 488
267 907
12 159
641 320
754 865
336 492
804 183
246 221
130 868
433 328
11 293
775 768
837 433
711 635
913 979
426 423
669 193
267 481
522 583
811 839
961 908
226 587
182 368
575 285
573 24
778 668
207 313
634 804
296 574
400 544
658 575
295 864
510 713
899 934
957 969
993 369
662 44
612 843
620 344
134 710
355 870
436 960
407 673
835 93
540 330
927 217
635 391
25 930
358 109
879 508
943 530
944 244
600 309
169 838
973 534
180 643
506 175
452 900
142 437
801 451
267 458
965 134
464 106
659 448
99 528
90 964
523 40
721 198
800 727
505 873
375 354
731 574
301 954
826 157
705 433
670 979
882 759
222 743
278 364
326 141
431 900
874 524
398 985
127 961
938 881
315 767
427 920
121 365
985 774
73 218
210 363
654 457
754 497
928 941
807 361
972 147
18 289
638 398
969 322
649 501
348 151
585 972
223 755
107 894
189 486
366 339
323 802
459 511
228 540
606 847
253 652
840 676
192 982
941 426
825 401
219 810
583 458
80 337
123 633
704 525
310 447
917 416
761 569
982 193
949 995
240 967
858 244
784 592
442 627
904 704
553 135
572 378
779 899
155 194
107 961
463 829
561 708
482 212
964 928
1 768
314 766
902 21
702 586
187 76
821 312
435 218
48 501
354 340
851 927
788 252
613 551
28 887
957 972
799 333
252 999
322 468
77 760
503 243
560 756
951 154
728 493
977 385
269 904
833 11
439 120
157 383
176 52
45 373
471 484
862 841
964 147
136 835
62 517
6 884
633 206
951 33
276 954
683 995
889 208
468 910
20 463
80 347
258 271
831 135
83 137
253 412
154 521
513 671
810 995
340 550
937 584
333 801
746 966
517 509
509 476
532 251
591 143
981 740
117 502
939 862
210 869
182 410
979 360
623 743
1 143
991 962
761 889
213 488
273 203
624 123
172 495
239 732
563 979
64 959
8 350
483 811
97 57
15 74
536 193
449 141
700 357
163 778
49 376
931 104
102 941
578 218
265 859
251 570
785 875
187 207
588 34
758 675
841 17
220 116
759 846
849 821
359 705
237 868
30 211
596 942
607 61
156 548
648 107
75 70
928 398
655 207
902 290
213 362
895 597
435 214
575 899
398 518
950 757
19 308
163 446
330 600
66 406
288 651
650 75
986 356
14 13
622 223
158 959
460 12
515 729
789 911
827 990
510 818
333 70
514 545
777 294
808 418
351 16
112 242
58 304
660 549
236 311
822 443
537 462
168 527
544 81
884 389
246 763
217 232
772 737
183 247
974 66
826 22
330 978
295 154
415 423
262 390
907 917
750 818
510 479
42 998
874 419
603 182
736 387
777 823
242 106
967 958
799 899
851 657
157 42
660 479
976 621
529 483
405 16
153 81
292 537
496 1000
570 876
325 516
812 528
194 945
283 435
232 370
294 669
350 884
689 913
233 304
363 899
253 627
798 966
444 584
903 847
582 769
606 570
69 895
675 87
301 844
69 977
105 337
335 822
396 317
562 79
547 546
899 442
496 889
27 697
417 955
119 169
432 610
606 590
36 268
366 385
298 945
514 318
599 811
588 19
432 423
218 856
577 157
445 461
819 408
899 781
987 77
962 10
33 761
789 183
695 742
59 149
194 252
58 691
3 231
881 924
140 47
163 182
100 197
154 646
400 103
202 353
642 22
127 137
411 680
19 885
695 534
140 593
959 796
125 57
587 999
179 927
535 487
286 553
30 146
118 833
287 289
369 294
552 447
780 889
224 33
34 641
96 489
213 428
165 660
434 771
202 101
329 353
33 227
247 87
372 6
212 786
138 135
370 869
642 568
92 226
557 179
207 223
371 420
194 176
505 992
847 820
579 105
303 707
912 316
889 642
131 859
395 623
221 124
425 727
505 328
594 453
958 309
607 542
542 920
795 416
611 352
507 29
408 321
911 824
394 982
545 390
384 981
736 499
144 842
726 557
279 9
77 959
447 503
889 699
736 490
514 849
825 485
646 650
586 801
897 189
243 72
923 827
865 375
986 908
111 906
276 26
755 266
296 998
507 112
837 992
243 319
870 179
105 634
10 607
87 653
382 611
14 278
152 996
413 642
7 908
887 611
833 271
439 774
392 466
679 627
553 486
284 964
791 47
825 59
823 460
493 698
634 339
95 843
11 680
761 798
927 765
63 192
658 494
162 962
880 531
225 454
50 807
230 300
820 620
759 818
621 313
514 508
155 811
257 947
762 720
647 64
683 322
985 943
198 159
282 481
544 557
93 909
168 102
709 841
73 836
74 971
81 467
521 900
940 339
961 933
979 226
436 145
794 50
533 540
524 814
407 76
838 984
629 707
728 843
212 725
972 454
576 115
783 218
936 687
993 881
559 734
103 897
89 293
726 400
490 867
50 288
919 160
75 313
555 741
117 937
460 250
489 654
7 913
975 484
175 460
8 493
929 49
701 349
583 580
578 674
179 320
654 390
151 742
325 37
396 146
219 875
735 815
85 510
266 872
799 908
908 565
43 160
597 637
78 399
380 447
173 833
681 292
873 168
560 862
854 883
737 205
214 283
134 355
568 190
950 91
268 121
532 559
372 816
711 118
804 517
685 775
393 488
977 396
520 776
880 353
364 534
693 651
91 507
760 472
477 162
624 993
927 761
391 524
971 106
853 131
953 295
286 61
274 200
371 927
561 140
462 874
193 493
257 244
983 49
422 807
205 750
465 470
510 970
932 586
282 710
240 508
454 302
265 259
140 293
288 964
805 858
371 376
565 307
727 19
605 363
238 35
184 194
63 48
899 995
303 654
472 499
812 116
111 260
80 315
668 2
218 802
984 880
142 876
165 656
621 91
470 182
696 239
558 460
762 366
503 335
133 667
793 543
316 815
890 883
667 507
566 458
753 439
904 642
755 511
225 539
361 878
136 434
847 284
326 447
74 891
738 575
166 127
699 604
367 35
691 301
946 652
701 198
50 835
368 569
428 62
937 778
686 626
380 332
761 937
989 363
922 547
574 992
984 637
971 846
214 289
280 481
871 916
445 276
724 382
105 815
644 323
599 809
375 825
663 301
422 185
485 870
979 682
350 22
362 321
943 829
844 901
188 223
210 100
192 767
578 749
589 897
307 803
870 232
781 514
383 924
159 159
548 109
677 911
46 423
80 441
792 798
683 753
494 862
72 49
333 721
634 455
704 464
665 751
718 344
418 708
655 756
730 846
633 538
368 56
764 644
336 291
837 658
970 976
488 568
582 286
788 154
427 137
158 395
822 162
136 707
29 703
723 120
370 788
676 496
779 968
732 982
312 553
730 722
305 78
657 520
925 73
724 56
225 804
274 289
873 281
180 234
729 922
261 874
46 514
873 872
894 79
174 908
178 649
493 952
961 535
34 926
440 178
382 847
459 395
474 504
746 343
572 751
204 220
886 741
984 348
676 361
917 788
938 80
921 211
571 887
594 410
797 756
777 575
738 778
873 670
529 533
760 905
168 692
509 77
41 14
285 40
754 549
343 182
698 177
843 55
585 471
357 6
946 791
271 232
962 445
525 665
754 619
92 564
744 835
38 163
320 999
835 842
520 986
319 851
810 420
524 100
677 579
279 818
103 115
399 234
749 596
393 660
31 590
875 767
708 150
374 704
956 874
844 774
273 493
588 215
400 24
882 171
375 290
585 470
744 979
670 699
464 908
671 864
650 475
528 224
483 52
657 201
463 897
221 681
886 510
632 5
115 741
900 328
724 37
749 430
314 789
620 437
982 94
608 148
83 146
444 555
513 726
647 493
80 929
893 240
49 570
217 408
523 489
231 490
514 400
286 540
739 644
241 16
516 969
198 284
71 934
464 912
444 944
890 15
751 251
993 655
124 404
517 184
493 863
828 79
701 512
906 760
928 616
367 124
758 680
261 238
616 29
495 359
225 567
973 504
792 734
613 779
226 893
617 401
579 488
36 788
616 351
321 342
391 719
381 238
837 471
271 464
242 593
157 142
893 111
232 950
602 215
452 114
431 779
737 478
881 54
356 429
616 244
638 291
572 317
514 819
92 777
746 521
637 845
224 3
324 474
679 74
944 508
226 485
822 111
597 749
931 150
548 867
247 234
691 977
975 615
883 679
356 508
364 25
258 807
225 771
631 990
254 594
813 470
82 48
685 101
759 467
820 747
803 527
352 902
143 630
383 115
448 556
192 404
148 613
889 941
670 76
768 627
168 838
443 562
941 979
335 130
886 900
551 122
802 183
629 230
297 957
988 69
482 723
106 495
932 938
26 561
621 455
453 95
710 984
234 6
683 319
719 675
656 566
858 185
553 965
314 351
831 322
74 274
750 572
27 460
434 34
92 716
228 225
302 794
283 672
734 397
159 788
680 566
379 679
811 709
516 705
646 489
714 949
931 301
725 741
779 460
512 67
785 290
294 457
403 723
345 798
424 340
99 395
572 689
485 231
595 922
907 262
726 580
309 284
508 809
122 290
166 661
809 435
980 619
224 532
824 482
276 34
675 604
546 125
867 730
657 631
118 446
845 911
37 950
884 315
907 442
606 773
485 373
406 642
43 772
994 670
26 886
169 655
824 585
855 801
222 553
559 355
917 913
524 459
149 958
196 215
252 87
99 894
462 631
15 725
122 259
39 648
874 629
536 784
321 287
697 108
998 223
100 25
580 38
994 15
496 978
34 617
111 300
199 546
73 812
114 518
681 460
852 152
925 793
948 576
621 649
687 659
203 660
84 634
579 933
517 562
806 32
531 442
54 791
66 453
631 619
732 443
515 785
192 770
221 836
523 890
549 878
162 271
704 257
291 606
159 729
201 102
311 657
449 992
834 353
174 483
599 627
139 422
607 164
410 629
621 259
407 917
876 627
154 548
58 830
707 411
621 955
730 94
726 573
684 820
442 277
986 223
331 954
26 300
780 335
791 464
159 115
518 170
981 240
400 794
239 998
198 386
552 749
766 926
517 557
998 261
751 482
469 407
463 36
856 801
666 873
337 813
387 153
672 711
142 328
176 844
272 345
479 358
149 381
138 943
244 867
190 78
276 823
406 794
753 922
100 898
253 228
433 692
953 386
710 479
312 791
471 974
397 426
977 553
232 687
597 587
923 910
694 377
692 454
914 258
288 96
989 194
824 344
745 495
889 513
7 860
688 852
484 683
485 250
651 468
253 886
520 855
488 609
897 393
28 634
18 582
952 840
175 658
380 774
943 535
69 753
129 237
646 494
812 72
159 40
96 42
114 626
629 996
168 504
785 88
826 418
651 931
465 815
535 800
692 376
99 179
37 415
189 80
943 971
654 933
811 659
144 534
55 158
976 233
232 593
870 298
526 813
241 174
331 697
898 200
21 465
785 715
496 300
471 898
368 24
828 181
216 942
134 346
596 53
673 73
162 926
791 236
704 716
893 296
482 590
165 413
490 444
937 512
938 948
999 921
263 581
463 34
320 709
57 51
855 167
75 81
288 526
249 934
746 426
505 170
918 389
684 869
301 683
222 675
492 257
524 612
804 719
453 818
253 117
166 36
159 930
907 282
854 971
203 667
272 886
77 629
53 340
671 123
438 688
202 402
516 254
913 694
556 541
236 607
650 108
347 820
650 213
143 807
145 961
606 690
572 122
556 381
811 923
789 116
456 560
492 64
304 256
442 224
15 29
146 719
453 238
781 175
506 308
474 144
532 645
499 379
766 977
120 970
534 296
661 951
30 287
404 225
986 145
575 741
248 643
117 100
210 24
210 956
184 581
21 852
638 868
877 411
727 638
825 891
491 135
734 211
924 382
564 626
584 828
777 288
223 841
841 800
677 673
372 714
982 967
933 78
955 371
204 815
423 620
325 918
227 491
849 169
18 729
114 458
604 223
491 890
285 116
195 409
55 429
631 389
156 909
433 660
934 536
455 325
485 174
215 67
325 140
936 524
501 794
774 457
251 984
38 790
679 666
258 535
144 577
339 347
72 955
239 687
171 422
818 420
252 138
20 136
676 61
722 943
579 841
298 713
700 653
41 803
472 353
377 884
758 332
727 366
460 372
714 116
246 960
723 872
680 97
861 521
230 561
444 343
933 318
249 896
731 233
989 781
203 497
526 749
840 550
1 848
101 611
169 825
557 420
944 385
349 394
830 388
608 209
847 422
597 349
872 925
840 314
4 984
610 421
789 460
586 586
298 528
621 416
243 528
330 579
273 29
798 888
808 93
485 959
926 1000
297 274
290 528
146 835
6 825
288 985
268 850
321 739
768 212
442 488
201 5
763 633
310 872
159 985
59 785
114 614
811 615
994 840
530 303
906 869
732 784
228 142
714 20
926 198
687 247
93 726
117 180
482 344
924 196
122 75
742 450
246 41
506 530
291 646
816 192
121 837
672 885
1 344
476 422
826 678
467 477
606 437
513 495
793 296
603 73
774 422
409 170
477 197
971 318
407 654
703 300
830 716
492 30
957 545
48 381
990 694
593 891
558 305
63 400
263 165
737 91
910 158
737 768
497 775
720 155
667 407
7 597
550 412
330 274
557 199
825 775
159 643
356 711
886 760
845 117
794 431
354 49
295 454
310 57
821 91
761 212
119 74
639 167
284 856
337 24
150 575
64 424
137 928
48 752
689 580
948 523
18 245
657 632
323 18
396 508
816 890
404 760
355 200
537 0
745 516
870 238
566 860
205 192
912 212
950 113
454 782
158 78
1000 748
926 832
886 827
15 421
6 125
479 180
423 586
632 612
509 514
330 391
697 351
294 332
978 438
362 167
750 427
791 385
319 128
1000 21
29 280
705 569
29 566
577 467
85 268
695 566
804 193
834 984
699 440
308 453
828 734
526 679
86 738
677 951
250 458
198 590
904 418
386 719
203 809
34 314
164 825
399 227
685 345
28 324
164 364
522 951
800 61
8 203
224 386
54 534
774 26
785 839
437 708
128 876
425 478
412 653
266 781
549 0
267 179
523 762
287 240
961 904
307 229
780 588
81 229
408 269
914 464
2 832
753 427
550 461
650 884
483 891
718 44
881 367
525 110
395 684
712 12
36 971
629 350
942 651
119 843
860 484
722 197
787 574
106 957
260 193
151 917
378 615
609 88
658 849
142 559
444 824
348 513
88 91
840 915
18 938
670 459
911 11
818 397
174 659
886 200
448 194
413 38
635 423
282 239
563 325
285 231
673 289
870 839
211 749
984 383
358 824
932 156
720 636
975 357
630 953
519 59
703 72
123 537
977 483
511 403
16 240
845 920
517 821
994 71
252 75
66 881
65 20
272 211
130 550
213 673
492 348
719 323
830 781
501 396
552 329
644 511
785 989
993 340
651 186
776 277
375 435
861 964
277 517
201 503
767 520
337 25
790 630
636 178
79 980
433 165
894 954
446 401
731 364
637 260
136 545
339 248
299 405
54 57
967 808
195 620
743 251
576 661
980 185
866 365
359 578
151 528
426 528
627 312
443 163
717 38
800 1000
217 775
488 478
202 886
457 710
647 817
683 131
244 692
693 209
662 871
409 357
422 514
378 140
945 705
21 934
458 520
545 116
710 998
107 548
140 882
823 456
155 478
922 805
905 797
72 406
80 256
252 634
841 313
756 922
189 309
489 858
817 501
957 646
343 551
472 217
972 495
697 46
962 879
717 159
368 430
320 275
782 722
819 124
315 744
46 394
804 823
58 985
499 487
620 275
991 194
697 268
176 5
48 404
560 901
42 452
433 661
741 889
806 483
5 688
284 600
643 413
199 735
534 484
977 113
432 593
962 286
405 698
912 66
761 263
43 86
363 635
200 227
200 989
818 170
153 381
796 266
515 705
347 393
432 575
568 671
114 26
702 187
334 930
20 746
447 844
96 177
659 13
23 614
714 379
107 47
898 822
834 56
430 276
152 457
937 701
427 56
46 370
157 741
224 7
217 204
789 678
550 237
589 406
286 724
486 146
801 843
315 367
395 120
659 188
3 258
985 572
951 811
526 395
914 843
734 697
181 264
193 183
268 803
940 152
163 507
407 963
868 718
551 80
621 771
45 211
480 243
927 735
587 97
602 96
959 495
241 751
2 306
761 430
434 42
412 336
165 804
927 370
911 947
156 211
316 336
77 561
228 842
528 118
265 763
255 709
258 466
343 311
695 974
631 853
235 120
98 252
892 934
723 357
624 267
280 856
828 428
884 365
327 475
313 11
150 795
390 182
878 307
56 197
654 900
925 682
170 85
854 400
696 464
138 673
807 373
689 312
313 451
690 973
816 54
760 940
823 225
601 219
675 976
301 709
162 226
437 944
133 218
402 942
360 964
601 88
503 416
680 380
87 957
846 115
961 673
380 317
121 929
687 77
230 982
977 599
107 547
27 474
975 318
485 901
104 928
82 62
727 88
914 204
271 536
163 263
541 839
407 422
221 81
80 284
402 245
911 734
609 431
502 318
66 747
332 766
464 18
484 585
866 414
568 495
548 813
35 252
756 288
982 180
715 594
584 137
651 373
842 943
469 252
812 818
22 103
115 512
559 125
177 115
625 267
876 278
741 545
102 870
708 771
522 732
88 298
306 261
315 894
772 783
445 141
324 245
474 971
329 951
112 929
433 604
477 815
372 983
806 267
326 923
213 898
867 230
34 362
983 810
792 985
669 540
5 428
36 82
975 285
147 60
239 543
475 376
711 342
324 787
187 20
67 875
847 60
390 377
278 622
161 982
140 339
521 452
707 652
853 677
781 744
520 73
451 444
67 988
716 389
100 157
983 321
880 344
315 405
838 484
585 361
137 786
596 845
455 688
678 823
670 960
353 194
654 616
47 173
222 466
6 138
605 966
666 606
449 579
980 416
259 834
939 524
195 205
691 311
281 445
857 165
311 721
832 673
718 144
23 37
803 966
249 265
736 750
146 203
197 224
962 656
582 819
303 50
654 913
890 341
303 718
127 433
399 47
571 637
280 887
976 816
990 501
308 44
187 858
477 684
748 788
616 70
409 303
759 789
980 291
742 207
319 330
770 42
447 802
801 793
923 511
621 969
62 25
9 686
863 856
1 690
92 751
911 538
675 135
131 293
878 20
620 326
32 236
481 760
481 731
494 617
243 519
443 272
530 636
37 685
623 383
415 687
429 621
722 123
838 303
898 854
924 854
124 23
633 603
973 34
327 313
479 691
560 683
428 531
549 826
87 959
40 560
376 429
547 330
35 849
963 245
131 764
255 79
879 800
77 389
350 267
815 21
359 262
885 370
782 645
314 391
649 285
160 380
565 192
186 905
368 938
933 816
924 731
925 903
412 6
691 295
218 962
474 408
519 465
588 198
899 325
815 870
136 225
810 670
287 921
246 241
587 626
676 759
842 446
289 755
986 439
901 488
744 84
676 472
505 135
512 324
161 861
480 548
725 798
389 553
572 449
752 476
396 729
174 695
788 42
92 611
829 385
185 988
870 915
443 265
897 67
896 989
140 508
380 149
1000 872
873 471
384 84
959 60
948 292
896 9
175 235
111 409
56 686
161 198
33 200
388 160
451 290
640 524
165 176
214 666
745 864
132 349
486 254
34 546
921 879
660 457
698 46
227 413
506 827
163 877
831 975
290 471
404 754
555 522
847 425
738 538
751 654
107 598
411 836
479 25
463 221
649 63
507 429
424 807
930 688
296 931
904 207
247 898
106 161
111 842
262 900
332 635
85 523
933 555
628 435
781 861
403 111
283 539
596 449
76 897
134 388
177 311
25 57
611 734
8 310
392 34
548 549
895 400
527 30
415 426
321 184
652 68
947 20
876 206
390 3
315 231
352 387
680 41
472 716
473 46
99 835
478 925
649 843
709 981
569 704
11 795
782 683
698 714
129 422
575 558
560 750
529 547
431 494
564 502
547 233
360 321
294 868
72 124
186 418
710 508
662 550
100 211
497 328
357 742
25 715
565 581
9 879
422 69
244 335
917 7
761 83
34 739
604 432
560 452
828 828
507 682
70 359
449 93
474 243
773 334
125 303
585 30
71 271
307 213
250 347
83 617
734 402
444 241
148 539
661 500
362 716
979 72
333 319
345 916
436 402
484 496
656 577
416 634
156 426
757 239
864 549
628 780
576 865
31 580
182 503
853 652
217 291
385 42
495 245
961 976
619 854
332 541
42 911
580 464
839 508
990 359
743 431
64 317
554 871
961 963
267 8
71 822
573 783
879 583
831 298
479 94
507 945
29 985
596 67
404 964
479 808
891 873
214 189
263 225
953 824
927 96
939 723
734 70
358 33
440 677
598 213
303 395
494 861
719 742
671 775
903 413
210 863
980 101
943 601
447 405
973 626
55 237
757 670
130 656
294 855
860 994
222 406
940 19
462 20
571 851
337 23
815 401
825 545
233 813
357 542
16 620
497 717
353 930
289 393
158 400
400 137
950 435
914 754
70 759
266 633
863 282
602 563
387 379
318 511
841 986
718 512
334 319
43 879
130 229
278 834
91 975
385 732
480 535
891 549
621 986
297 43
545 685
483 860
428 197
346 836
956 935
856 720
105 613
447 963
231 532
256 997
870 658
776 234
639 506
38 926
910 740
198 316
831 851
284 413
496 175
875 88
447 590
592 523
262 398
972 482
546 682
874 100
482 341
731 398
882 736
683 245
380 946
662 761
793 847
251 991
809 181
290 822
712 83
736 808
334 961
302 304
283 81
432 677
159 492
317 12
88 196
900 537
46 594
888 469
288 363
143 308
552 801
667 1
648 14
392 657
1000 664
89 465
707 217
558 46
397 136
609 967
442 697
491 699
868 603
80 805
464 440
401 892
399 859
545 541
134 936
419 356
152 235
996 713
259 456
534 521
402 182
945 573
651 998
43 310
583 464
675 930
600 90
197 925
860 130
900 406
151 524
947 32
82 425
39 288
133 629
604 949
110 361
732 947
899 446
733 572
172 134
379 803
939 637
56 180
564 793
363 290
679 880
188 11
571 280
176 413
898 383
261 313
195 458
495 586
283 643
850 589
214 154
332 5
108 348
429 651
25 286
428 683
826 763
954 981
174 540
117 902
158 23
533 340
692 600
828 260
164 38
988 900
878 293
679 401
74 5
698 388
515 256
762 587
168 839
614 880
884 5
714 1000
662 319
19 510
411 717
350 857
928 314
140 487
659 275
634 474
820 728
112 64
175 457
778 581
830 530
982 392
138 774
847 588
610 63
536 469
742 119
807 474
226 523
508 363
118 668
488 604
469 653
489 261
721 841
264 536
637 847
982 743
110 486
192 900
214 468
845 238
547 221
408 629
432 136
957 447
48 642
301 62
645 167
835 820
68 656
305 693
540 510
907 600
342 51
956 393
423 948
400 974
718 281
88 629
919 246
748 602
852 77
146 651
707 798
895 726
491 655
402 860
798 874
515 77
19 713
155 326
236 903
804 532
104 569
721 0
792 526
493 154
798 876
177 347
494 383
152 809
691 984
673 859
766 382
164 305
989 117
116 260
721 8
345 119
370 129
621 682
904 208
878 871
882 37
937 953
374 555
583 80
578 263
210 766
293 84
513 31
36 304
11 735
34 537
920 152
794 193
304 1000
194 769
897 254
856 26
579 346
41 356
740 690
972 721
340 782
269 285
736 525
886 671
115 351
184 809
673 442
404 679
818 934
592 795
132 340
956 450
501 90
574 35
937 366
426 668
676 734
790 527
355 774
713 732
521 446
473 273
684 309
150 715
999 417
96 825
149 190
551 688
331 16
719 282
634 29
529 810
240 549
163 287
54 113
519 479
433 777
253 977
193 716
914 609
765 367
216 981
934 508
224 0
73 414
234 283
321 432
602 45
960 132
406 30
484 83
393 247
770 260
46 397
69 637
900 429
3 211
151 961
873 384
747 142
823 979
711 524
784 335
707 519
970 968
589 602
841 894
754 627
400 577
467 319
792 534
113 650
573 682
832 462
493 155
412 554
599 429
390 265
1000 957
42 255
259 957
217 649
694 446
611 475
879 281
215 444
283 213
311 120
767 398
495 896
583 150
202 535
276 749
931 830
483 747
30 335
391 509
25 789
82 137
670 160
316 470
743 160
672 17
771 5
702 640
159 259
916 962
792 925
569 106
552 283
50 716
570 804
310 229
608 914
553 426
928 954
668 663
400 861
860 403
247 743
949 741
154 50
717 94
290 865
406 874
579 394
932 12
677 927
734 763
177 856
191 705
77 225
404 386
364 607
427 637
427 631
85 413
884 556
726 257
694 16
299 729
859 144
513 179
913 85
343 506
344 488
643 451
886 156
396 958
593 566
970 546
672 825
445 38
410 578
849 65
189 793
81 216
94 167
227 103
143 315
645 50
59 211
261 652
561 453
714 559
665 339
891 962
775 314
322 4
803 135
203 986
991 87
385 421
767 836
595 387
221 324
40 747
498 558
73 316
159 470
188 77
927 931
16 655
289 644
57 832
941 782
346 596
845 314
632 799
765 750
256 549
612 447
968 920
264 762
728 364
638 247
847 420
142 960
891 857
5 434
262 86
459 525
213 127
23 238
230 332
567 209
493 949
405 788
419 377
363 470
358 389
758 342
11 962
86 563
901 212
686 60
286 346
402 734
189 953
35 113
787 415
328 755
871 712
604 239
866 623
91 897
729 701
670 505
679 12
453 408
600 641
136 87
539 763
918 134
972 227
280 58
473 270
226 169
712 167
505 44
67 784
563 255
742 711
364 566
112 366
848 497
809 829
808 175
909 328
908 159
254 903
959 978
386 37
349 766
185 0
952 844
708 48
229 405
776 730
957 510
617 121
75 419
102 338
555 943
897 231
50 998
5 116
961 750
688 335
473 734
717 419
68 92
210 849
455 305
728 279
806 193
327 251
720 379
138 151
203 154
811 575
375 151
580 458
38 185
678 211
525 443
426 20
209 977
67 883
121 201
360 694
150 796
190 293
207 104
297 231
28 563
799 692
934 833
722 594
420 217
624 194
525 853
180 681
624 420
494 209
539 480
14 688
432 805
122 187
903 489
49 458
259 783
408 675
621 104
314 963
592 262
980 320
538 946
291 220
283 206
665 828
73 73
807 123
438 2
795 816
752 772
487 956
525 825
504 598
227 698
931 426
99 599
309 261
19 971
470 237
295 125
811 186
924 243
866 331
86 15
236 223
767 87
986 342
367 500
125 513
152 380
224 355
549 683
718 296
943 870
467 130
323 466
373 259
339 846
675 586
918 838
382 538
989 364
245 377
518 371
778 633
74 787
505 759
785 259
837 936
112 287
998 316
534 847
911 36
220 68
127 564
410 737
830 568
157 540
12 423
523 817
249 548
462 176
474 388
542 22
951 279
355 881
194 935
686 923
78 170
62 972
552 218
198 513
45 713
599 169
998 114
911 743
449 107
919 406
730 405
898 563
105 906
697 80
800 937
263 185
411 290
378 171
79 578
113 61
314 879
664 16
325 332
919 881
634 573
652 772
44 692
584 419
594 570
879 243
41 597
852 14
220 811
348 203
279 305
5 575
942 845
722 314
981 157
430 934
917 51
133 52
718 392
258 979
224 344
690 423
375 408
107 168
568 430
424 960
851 932
597 370
817 699
593 305
853 31
474 944
966 984
495 590
168 684
139 134
933 608
496 929
20 441
214 436
344 687
239 847
341 212
913 682
597 465
639 266
869 388
671 245
878 696
77 840
749 289
884 987
327 358
873 988
75 423
591 34
900 90
82 75
459 852
776 452
54 223
39 989
386 306
883 44
870 639
779 415
254 294
226 399
44 581
754 14
843 6
515 144
562 489
935 80
717 569
406 843
555 752
878 79
303 931
613 372
454 606
692 274
494 962
515 326
292 113
176 63
717 935
576 629
701 444
175 583
1000 808
356 268
203 589
678 172
695 227
566 766
620 752
291 474
276 934
983 843
963 843
976 570
976 143
114 761
183 19
157 210
987 562
840 276
380 422
97 801
414 45
817 748
268 60
729 755
494 298
433 726
933 547
698 553
376 702
990 207
452 995
251 476
867 279
875 186
867 563
160 369
174 659
425 215
699 837
175 58
236 206
217 76
803 977
238 95
720 986
35 653
587 654
236 698
153 421
210 158
738 322
755 48
3 336
267 616
658 518
948 522
362 580
179 811
827 806
103 357
362 968
714 639
180 59
204 775
793 547
929 106
687 773
552 439
342 550
771 292
519 755
759 327
713 275
192 428
86 442
181 708
791 277
182 392
911 341
279 150
92 192
737 963
4 715
732 190
719 691
599 172
937 584
173 227
449 781
202 887
147 308
483 759
651 746
931 899
289 897
928 164
553 659
285 54
101 664
128 740
105 447
936 392
141 720
411 931
935 149
497 439
580 253
405 883
635 758
946 930
77 525
631 963
780 884
759 938
154 915
406 43
5 130
477 532
583 614
239 427
222 824
542 229
317 43
862 952
84 529
843 595
711 670
948 205
272 488
944 302
639 932
765 408
807 886
464 930
619 3
899 114
6 800
571 415
36 403
771 748
758 978
964 93
617 126
209 946
555 634
458 744
45 791
821 285
400 751
659 245
769 864
873 204
945 921
684 838
712 503
957 594
161 677
400 787
487 778
828 370
599 824
876 79
508 831
505 931
97 585
844 842
441 449
960 103
610 24
327 805
695 856
142 332
53 962
930 448
608 754
339 171
902 399
550 512
581 427
876 884
481 33
817 561
253 170
775 207
1000 157
855 980
218 415
597 210
993 901
583 770
27 969
597 352
237 439
221 444
44 709
846 574
426 751
544 23
891 987
560 116
57 757
228 586
843 591
696 643
65 350
257 226
988 226
243 601
318 507
490 135
142 43
647 421
307 566
844 514
510 165
774 53
131 851
408 214
768 962
973 813
452 193
195 749
879 356
239 540
74 313
105 567
246 663
237 279
825 679
371 369
324 567
333 938
951 139
880 485
146 451
971 611
754 627
505 365
125 857
933 935
137 608
804 149
199 330
206 326
886 447
706 178
272 55
152 5
437 50
929 458
860 13
526 850
980 640
329 281
729 256
284 381
564 827
236 557
367 212
988 84
791 551
29 383
487 390
703 951
5 823
953 147
52 31
366 752
262 420
792 285
862 209
560 506
519 642
3 691
74 986
220 518
993 114
909 350
641 933
288 336
91 90
183 549
526 979
156 794
816 835
447 454
842 566
678 683
837 345
848 907
313 838
660 660
607 1
150 682
948 970
753 575
492 183
612 560
426 577
544 651
224 312
896 592
430 910
617 320
505 626
594 59
831 12
798 316
373 856
316 366
254 717
273 190
937 990
123 604
988 17
901 108
813 532
856 524
625 730
566 693
336 529
336 981
109 943
251 320
81 160
868 574
422 207
446 31
102 857
118 163
477 580
972 27
946 943
793 50
488 589
649 911
392 408
359 140
647 281
572 530
182 659
45 267
159 861
595 958
396 399
956 473
375 502
243 685
12 921
421 811
909 666
613 657
151 138
678 667
950 584
390 815
384 252
330 221
357 689
57 686
747 686
863 700
191 40
767 272
222 918
589 721
516 548
367 804
40 285
477 209
934 466
187 181
636 415
788 284
619 968
441 478
330 583
528 909
613 499
146 324
501 852
119 833
690 845
139 433
800 563
661 30
158 370
852 35
214 423
688 100
159 74
206 767
338 977
54 696
125 73
76 912
219 190
546 304
967 538
939 308
157 280
599 69
279 655
426 895
886 77
125 983
144 518
640 263
988 283
365 841
336 480
25 603
166 514
976 392
572 779
428 734
582 635
151 404
343 828
590 609
68 267
295 46
178 129
546 49
336 918
853 490
67 386
753 274
471 57
928 754
997 513
838 178
586 1000
888 754
309 715
280 71
299 659
542 953
486 630
808 798
879 677
141 824
155 110
363 662
320 293
428 334
787 59
275 349
986 635
324 88
148 592
884 160
631 904
230 882
697 976
142 853
106 817
115 200
325 931
327 721
827 237
360 949
382 288
61 150
361 39
480 981
954 548
371 292
448 223
13 999
558 359
660 461
391 500
987 161
8 393
835 161
37 480
88 410
535 928
281 605
80 893
293 803
141 4
674 953
971 459
246 487
831 548
185 743
826 565
747 813
141 283
62 828
68 652
435 820
104 186
41 92
516 212
304 681
578 279
824 867
921 964
926 891
908 740
7 65
600 574
798 829
515 174
639 205
162 231
466 257
952 318
130 40
969 363
926 590
136 91
527 71
564 990
327 526
911 829
960 811
408 136
398 224
717 902
888 321
676 662
431 561
252 676
956 987
694 745
622 474
250 475
455 417
845 577
353 374
767 621
142 423
910 225
535 204
751 283
479 59
100 87
742 128
199 746
722 355
363 899
563 951
792 594
535 996
810 692
948 190
262 472
812 523
172 720
987 596
928 777
910 899
241 773
391 953
541 128
890 872
704 314
728 54
454 141
396 402
54 496
802 341
142 988
228 325
116 941
485 632
820 543
857 848
596 550
114 177
377 488
757 899
768 690
653 12
669 926
220 743
223 222
566 879
258 33
458 696
544 27
405 287
630 492
52 237
797 951
833 934
106 284
552 489
767 907
881 236
897 329
944 595
701 47
970 967
529 238
212 191
353 316
169 900
621 599
176 155
204 339
707 74
85 619
666 771
345 324
149 639
833 739
845 473
380 687
322 75
170 279
181 8
889 514
797 343
804 169
568 364
827 570
715 33
990 564
648 586
229 747
551 188
983 53
202 56
491 530
45 607
775 706
598 965
501 49
230 226
599 174
847 318
701 373
974 290
851 345
452 828
340 948
603 520
62 128
982 239
264 827
923 359
559 953
131 489
381 656
727 344
321 572
52 108
381 866
953 502
70 131
342 958
778 53
978 627
436 743
180 705
597 702
286 830
582 222
965 190
259 220
274 945
689 270
324 985
441 774
401 963
938 260
662 426
748 712
550 340
97 315
75 882
95 621
655 209
80 932
563 248
501 789
509 141
561 696
110 672
850 247
861 49
246 673
786 160
563 459
472 640
326 992
847 946
226 873
403 163
341 27
532 428
495 811
433 950
21 204
532 137
726 889
895 860
932 909
49 666
10 606
824 880
712 817
988 147
86 737
345 293
224 349
557 373
537 346
646 723
347 246
315 757
561 508
319 920
116 389
708 798
96 132
622 896
127 912
261 517
913 329
446 301
171 148
810 73
33 544
194 395
665 615
338 73
953 833
185 207
299 223
140 206
380 397
721 651
560 791
112 957
594 165
935 990
953 820
476 84
170 901
634 220
537 281
881 360
881 588
498 892
960 373
334 377
864 168
958 19
509 74
654 899
704 813
651 106
468 516
247 660
311 642
281 907
823 37
723 956
600 14
417 30
500 179
311 382
681 957
713 968
376 175
104 970
669 985
252 18
613 534
773 123
874 433
82 211
722 693
906 35
604 429
730 763
36 907
34 125
535 671
462 130
925 29
311 231
448 685
647 396
525 39
205 261
919 110
11 276
27 31
342 88
531 416
212 678
981 288
988 751
665 63
989 181
315 783
743 139
619 72
516 311
188 47
795 878
140 413
275 745
327 473
326 301
764 842
480 553
546 433
650 458
686 459
605 967
770 474
345 772
780 996
142 701
927 459
608 301
924 66
359 854
638 34
809 755
357 519
128 851
510 198
363 648
146 641
293 135
251 695
43 245
860 433
8 415
14 989
158 176
855 739
796 779
779 442
223 729
84 628
848 465
573 587
846 373
681 881
989 298
344 148
118 147
235 741
884 530
46 716
782 785
485 343
772 387
71 654
547 915
559 293
58 994
142 208
968 907
758 325
375 663
437 824
637 723
689 367
991 677
916 765
450 837
652 798
987 622
651 758
211 279
408 275
110 290
431 23
594 47
86 124
187 376
129 406
836 200
790 639
736 672
524 747
83 814
612 716
336 549
111 10
633 159
168 415
282 680
240 227
311 835
800 859
34 101
302 81
364 749
503 383
619 298
508 325
308 174
51 334
969 828
542 2
603 133
395 173
795 743
171 399
403 441
537 35
627 286
17 649
244 802
723 127
762 325
934 352
881 974
899 615
161 308
373 564
877 444
180 1000
998 163
591 551
576 548
446 5
608 149
422 579
923 220
411 835
209 840
882 40
208 972
907 402
132 952
57 823
574 269
15 581
304 25
55 397
787 594
842 180
502 458
716 298
767 416
876 698
334 74
463 277
574 280
819 629
591 168
22 966
288 251
211 632
980 623
602 458
65 417
518 717
399 867
316 623
975 231
381 965
593 56
81 471
531 505
149 499
741 927
158 935
425 458
798 861
430 961
207 277
140 163
103 194
966 251
615 836
17 934
686 139
114 340
363 999
566 333
695 235
470 688
215 229
559 90
408 74
345 42
968 739
344 134
439 381
524 326
663 875
481 585
604 682
215 555
846 434
938 207
451 247
556 795
121 384
219 609
961 915
387 404
609 631
998 588
433 281
183 401
366 87
438 714
939 202
461 567
570 575
629 162
383 428
556 473
442 74
711 623
261 835
662 508
400 944
693 978
480 307
206 434
870 589
80 271
659 104
41 910
619 943
523 302
201 983
426 220
471 190
447 918
725 58
518 977
841 277
275 156
814 582
993 24
407 87
868 330
177 396
566 456
596 24
270 716
220 282
845 795
225 562
24 337
203 592
163 819
509 198
553 779
619 643
76 535
206 48
533 852
91 708
874 625
778 692
939 854
262 400
385 261
353 68
935 821
97 782
245 740
554 756
296 960
395 901
493 681
29 396
617 255
753 151
417 938
637 403
836 733
467 40
220 450
539 643
350 253
527 910
445 821
874 513
142 259
53 898
904 337
452 793
30 104
383 419
115 999
265 224
882 956
782 607
719 994
564 791
149 840
581 905
950 272
870 866
793 450
773 497
810 270
775 930
32 399
755 873
500 943
316 81
987 747
350 57
953 832
830 116
813 43
676 972
9 689
794 238
763 308
805 861
105 612
662 224
514 915
683 748
794 106
882 533
218 589
682 484
841 249
87 949
774 274
998 269
539 9
12 762
736 426
665 764
68 713
680 145
836 620
447 683
583 462
484 550
542 62
575 251
852 224
722 200
172 529
840 0
157 58
520 697
128 947
840 628
392 568
773 645
411 521
394 513
433 989
432 915
429 498
423 117
672 222
95 322
102 831
619 898
854 427
353 35
415 698
145 955
821 453
758 107
961 370
798 34
193 681
366 394
3 962
280 281
673 562
367 789
448 278
239 219
96 833
350 775
30 261
150 177
283 225
486 121
866 273
681 598
405 379
839 545
85 288
144 117
30 826
342 698
55 264
260 290
370 897
689 29
492 194
912 149
949 318
347 983
860 895
831 485
810 124
387 520
531 880
556 743
409 815
903 275
509 804
497 472
181 380
504 221
402 911
523 416
706 141
318 395
190 514
452 34
885 233
987 996
318 475
841 821
404 484
505 165
711 528
786 333
519 305
413 674
223 261
159 827
805 914
841 15
990 99
544 197
867 339
422 581
333 862
81 295
940 925
830 149
775 259
646 409
120 719
101 309
494 928
799 752
835 704
585 523
151 929
180 453
816 386
350 262
736 457
824 962
347 954
240 353
535 769
801 29
282 203
706 355
523 308
203 71
662 839
597 573
687 146
914 257
271 843
791 821
454 699
557 19
140 747
655 124
650 869
690 661
650 914
457 184
366 420
600 328
286 315
186 327
248 766
53 514
85 284
614 634
565 261
497 83
7 550
513 192
768 109
366 197
1000 601
144 990
777 315
964 560
789 121
590 615
208 718
392 589
793 817
957 307
960 297
725 635
272 162
182 920
717 503
336 540
918 44
440 920
128 990
781 580
18 546
210 283
919 368
891 914
587 104
450 184
25 365
405 305
519 384
945 915
993 887
716 602
5 875
298 20
393 596
761 269
4 329
133 651
807 255
226 595
221 49
405 224
287 55
316 725
335 624
938 176
109 607
13 597
655 904
692 611
448 446
562 568
948 22
18 832
704 704
139 476
12 355
13 287
915 479
977 179
80 814
491 648
195 692
601 97
491 47
563 685
195 446
508 389
327 112
781 9
473 415
562 989
418 452
778 885
272 301
182 333
8 78
797 529
862 604
639 169
241 655
270 980
281 316
411 989
29 811
378 917
601 883
859 703
480 688
499 576
993 27
562 720
679 452
656 413
630 605
113 108
914 683
807 228
220 689
531 17
501 773
90 518
709 196
754 101
397 828
778 840
369 244
98 538
329 438
130 177
766 861
502 81
7 877
756 317
701 516
620 400
786 183
869 513
999 634
398 933
392 25
521 361
434 109
320 935
853 750
720 534
686 149
798 222
315 726
448 511
182 667
183 349
84 688
613 946
73 707
672 531
998 187
243 836
94 587
827 338
277 513
593 490
405 980
75 953
189 176
523 111
569 574
761 880
315 855
567 198
323 532
538 533
503 395
170 486
664 189
755 756
618 635
292 74
586 307
224 273
970 498
818 40
587 601
843 415
400 957
10 841
100 466
747 744
396 297
975 340
465 631
378 369
695 792
905 256
701 683
872 781
915 448
497 382
508 380
100 790
924 811
882 26
251 152
648 520
790 880
376 679
588 72
724 164
108 616
396 38
104 405
980 715
488 830
539 700
929 669
836 181
621 558
479 436
402 934
655 809
926 870
594 794
155 777
422 110
231 4
149 654
302 273
393 50
476 740
992 864
752 190
406 35
421 843
595 338
516 400
277 450
121 360
281 925
438 855
408 966
678 831
3 6
354 823
4 985
190 175
483 106
557 193
294 625
494 367
633 132
679 924
507 654
282 949
318 117
650 989
157 852
235 842
461 885
207 761
16 911
327 265
726 857
692 151
865 707
141 279
410 337
685 901
426 289
712 687
700 674
81 440
733 275
605 597
703 27
902 758
889 195
60 689
99 972
222 18
604 416
147 61
895 907
120 946
689 713
846 58
684 211
704 960
699 943
551 413
271 162
31 415
969 794
74 540
948 218
734 174
604 308
649 227
886 545
452 283
998 604
955 974
97 196
562 199
350 897
187 665
851 371
119 504
849 493
928 959
598 399
388 766
137 373
566 755
736 137
682 509
661 249
982 585
141 959
543 972
553 430
383 671
740 324
559 374
309 73
956 880
993 753
651 958
77 304
380 504
362 277
476 614
412 368
415 106
103 305
859 608
318 501
625 423
115 563
255 128
174 105
776 334
719 956
347 156
666 331
454 960
409 461
608 95
116 410
238 751
774 534
92 234
790 973
400 167
79 328
138 531
910 981
198 898
722 4
129 392
230 523
80 885
683 681
388 852
244 678
456 214
964 37
694 994
716 526
857 51
588 731
430 411
26 531
93 809
224 691
940 320
48 711
1 393
440 470
266 557
400 233
555 276
140 80
14 243
600 1
429 923
640 468
950 354
505 275
863 252
791 856
292 748
186 667
963 390
22 278
914 896
572 780
345 362
535 46
159 307
999 147
921 162
18 103
66 383
560 978
452 348
733 645
192 801
384 423
427 106
40 739
979 657
480 317
933 13
509 181
298 168
479 994
298 280
391 446
999 973
369 496
53 866
892 975
21 245
654 522
530 861
776 65
573 163
55 135
656 130
178 604
790 76
744 282
434 898
148 981
830 187
820 786
949 530
55 350
775 147
722 493
560 617
782 346
722 531
598 260
754 837
404 504
152 230
575 114
758 681
32 965
934 376
487 825
698 803
499 345
999 2
542 515
298 659
272 881
668 677
934 810
321 797
894 912
194 369
933 191
722 64
456 483
755 954
911 610
336 787
255 592
569 713
748 713
649 99
190 151
566 519
885 991
569 941
156 460
861 891
409 384
224 335
169 3
808 929
939 614
699 196
427 670
880 522
763 681
363 820
235 63
738 882
637 135
79 269
601 37
608 613
355 664
895 343
560 600
991 288
43 724
833 647
676 68
584 343
73 125
56 880
586 661
955 733
75 440
191 332
998 567
970 933
814 365
461 962
77 80
787 939
992 338
275 848
321 336
776 881
577 641
415 798
106 496
143 752
831 954
660 988
320 345
947 993
699 340
247 66
201 894
184 830
256 946
520 936
18 765
675 152
848 356
477 701
21 761
776 277
376 807
997 504
815 476
250 373
620 898
222 95
281 59
550 593
296 315
947 49
55 347
964 17
977 542
628 569
545 597
224 886
589 439
489 589
6 139
769 521
138 860
345 56
217 349
77 278
21 31
907 937
722 593
361 700
192 351
112 985
394 148
177 304
997 425
801 691
969 682
180 752
368 356
236 974
982 527
568 612
874 637
273 329
589 352
666 899
334 827
368 879
300 36
351 811
635 0
729 336
88 56
968 897
855 505
452 819
791 791
722 972
858 516
977 291
219 290
415 173
474 631
266 17
58 950
957 835
651 420
378 746
247 325
185 603
246 486
520 216
924 730
755 67
973 679
613 725
510 417
886 40
639 829
495 287
937 63
435 482
903 145
779 650
333 423
548 223
996 537
95 151
812 718
584 503
656 743
747 424
328 854
372 367
748 461
594 820
150 730
206 140
607 156
365 902
34 266
393 217
812 717
622 112
397 830
426 195
620 836
655 988
802 877
716 180
731 578
51 219
196 124
498 895
707 21
95 473
83 692
329 664
425 341
42 720
794 145
1 405
417 634
623 526
707 721
718 682
652 527
884 510
445 351
665 752
392 584
112 179
182 123
796 366
479 522
849 682
215 281
326 846
117 180
420 790
284 895
658 905
625 359
962 151
681 688
552 248
331 633
83 680
71 805
750 194
616 819
412 610
126 747
993 282
823 771
867 426
218 868
704 215
1 923
267 46
671 163
164 820
437 925
81 825
841 149
178 880
517 628
360 171
91 858
514 107
348 974
432 659
454 474
453 74
244 523
18 885
501 660
945 1
478 595
17 322
308 419
673 597
870 587
411 472
671 704
665 444
750 310
269 600
334 985
646 791
586 974
700 721
732 541
447 264
977 594
878 153
472 408
315 50
168 6
837 131
345 964
855 905
834 264
743 971
289 926
640 395
29 113
718 591
917 298
867 9
786 323
132 9
328 689
972 29
490 288
386 434
367 773
746 613
287 970
632 456
230 674
402 178
113 751
598 687
925 156
7 463
382 204
499 285
676 939
455 407
744 237
832 929
702 216
386 957
442 301
454 176
554 454
392 101
865 769
222 23
678 477
367 584
463 72
443 160
930 861
187 87
276 603
720 841
3 696
672 303
364 308
280 648
761 921
163 289
367 984
487 871
335 614
57 107
801 69
606 135
878 797
359 130
119 221
903 377
612 239
805 344
557 498
292 451
862 235
694 869
104 883
600 208
547 316
819 617
784 568
701 297
832 236
617 999
808 867
985 369
225 378
189 382
625 105
138 431
125 527
695 53
548 15
330 934
864 723
963 792
832 143
459 288
74 590
111 973
824 145
869 677
649 310
666 148
853 797
926 510
948 576
73 586
427 605
372 416
321 763
179 585
916 803
806 846
319 14
663 359
645 695
191 489
19 759
785 684
381 823
798 922
787 167
472 661
468 742
672 847
55 344
43 912
922 777
510 625
260 506
833 815
911 7
375 380
844 12
152 593
245 617
986 166
692 121
180 632
446 594
747 929
344 503
19 966
600 280
544 611
285 997
878 127
660 538
424 962
723 395
621 643
281 514
921 644
757 532
17 868
511 29
151 384
691 525
537 628
711 862
77 366
952 560
367 593
397 629
534 959
162 98
895 283
104 179
817 255
449 671
159 444
672 82
387 253
872 142
558 898
613 674
378 916
108 933
605 548
752 432
245 372
121 581
684 929
2 386
354 904
324 735
100 683
730 356
940 662
560 348
7 462
211 18
857 151
668 763
783 208
88 254
210 204
754 764
137 657
174 873
686 824
627 296
119 295
652 949
136 50
701 994
687 200
56 837
45 237
954 832
649 644
178 634
924 14
508 138
938 884
232 962
442 626
32 192
597 703
13 978
761 45
223 508
911 483
46 599
646 494
185 309
431 281
116 941
810 401
443 717
947 515
278 372
516 619
705 283
199 724
608 746
658 741
106 529
486 920
380 645
120 864
186 834
574 583
528 694
333 532
644 479
386 264
498 496
973 740
153 251
822 513
721 454
495 452
70 413
965 466
926 763
980 923
195 576
294 276
610 769
999 97
601 334
852 648
273 858
441 871
67 714
996 605
698 456
644 167
598 699
398 417
61 180
721 905
627 232
15 518
126 804
431 867
581 423
285 180
846 83
333 111
253 915
771 334
569 780
192 964
224 937
696 227
763 113
487 552
511 51
128 166
781 948
991 539
586 277
758 536
666 682
46 590
151 537
828 558
469 451
99 179
784 469
329 181
279 560
939 706
991 783
676 911
725 433
566 103
11 81
455 938
721 213
124 217
876 2
990 581
202 954
751 843
661 176
233 778
239 461
970 448
614 722
806 759
365 798
262 124
253 624
387 733
526 425
297 233
389 375
286 70
545 628
840 398
471 471
291 415
672 319
180 720
8 466
180 167
677 231
52 168
359 575
468 78
473 936
858 831
541 562
300 440
102 298
145 385
167 259
188 855
192 648
374 522
122 152
508 353
657 570
687 710
51 775
525 750
282 885
115 812
306 893
475 305
107 686
521 580
856 832
956 101
370 613
20 424
935 588
155 597
615 542
706 894
229 194
954 425
185 389
118 820
446 780
922 81
474 937
897 970
209 473
566 747
897 60
349 19
115 288
309 620
67 709
518 420
621 954
426 949
800 312
941 77
191 749
280 72
592 721
453 857
491 590
873 869
496 512
562 536
681 841
511 451
906 43
688 454
372 828
627 647
852 514
38 531
202 436
366 810
43 191
539 354
301 120
247 475
204 712
985 524
215 266
58 480
455 464
622 999
800 196
46 255
561 407
947 526
320 702
993 240
184 758
455 238
686 1000
729 358
627 615
322 987
351 786
490 863
174 540
75 279
726 596
724 749
345 98
844 516
64 584
578 237
248 704
562 667
206 571
657 172
585 392
389 278
264 543
924 886
359 753
177 589
75 993
937 354
792 694
234 391
963 467
682 708
941 805
398 398
16 208
241 742
911 999
961 400
389 995
176 201
683 961
491 811
306 205
505 57
505 387
273 101
845 968
442 164
494 386
379 736
532 576
684 706
270 851
294 594
932 243
300 94
503 490
192 714
152 389
338 181
152 266
769 612
1000 388
91 409
645 624
735 267
534 577
456 668
308 665
784 473
523 123
19 112
660 359
21 269
448 579
539 538
351 379
611 199
849 697
441 857
806 406
589 892
412 648
579 924
56 561
170 516
636 364
555 424
587 132
646 777
637 716
623 456
247 8
848 546
531 81
175 228
153 396
619 343
681 34
63 253
491 181
702 457
762 145
828 568
471 762
412 381
544 953
113 433
406 29
335 783
102 354
667 35
694 10
698 61
283 696
800 527
876 778
338 558
961 399
700 557
761 995
299 449
162 411
780 173
252 561
823 1
732 550
963 482
168 19
802 203
76 197
985 993
574 317
428 786
47 419
218 602
995 284
203 512
80 636
291 764
392 172
927 488
958 434
652 912
150 698
972 491
401 516
223 485
383 137
799 176
113 694
694 238
988 641
668 537
110 174
58 959
942 366
775 127
166 859
874 928
2 232
318 723
997 596
866 578
293 604
382 870
956 14
289 174
995 644
569 203
739 91
178 720
205 202
120 119
490 124
409 573
761 597
764 580
431 547
208 228
557 569
96 52
630 105
209 182
723 418
781 886
811 80
828 299
380 668
407 272
388 327
386 316
928 549
803 473
335 259
899 593
156 997
338 143
21 969
938 190
19 777
167 237
221 764
214 853
475 370
761 470
195 789
406 572
177 836
602 949
148 232
281 515
129 582
369 363
410 979
907 194
634 509
623 378
702 752
163 102
535 957
909 444
754 628
339 311
257 342
741 214
867 328
237 401
129 252
562 755
35 324
260 364
582 618
511 559
352 802
890 301
111 87
45 673
925 679
266 590
143 975
198 284
724 95
797 41
796 929
299 57
251 335
17 147
681 487
233 770
220 984
844 198
490 464
654 250
411 50
83 189
308 780
62 347
400 781
367 46
604 838
782 259
769 845
531 184
387 852
959 788
269 3
14 425
628 246
107 745
307 904
931 986
474 721
345 929
906 393
822 101
663 731
998 266
398 25
542 447
297 250
708 436
431 866
728 483
656 742
67 184
287 46
287 948
236 732
778 753
491 307
729 161
968 817
139 500
751 845
727 608
781 790
402 994
199 773
4 427
218 39
741 123
814 797
744 699
820 539
228 562
687 362
201 492
654 747
997 65
485 115
273 330
920 616
478 220
62 110
3 285
285 562
908 251
483 203
929 924
588 427
128 46
494 192
65 354
131 911
954 714
134 679
362 215
970 596
313 727
36 113
888 493
545 744
780 793
841 613
687 868
770 581
861 185
930 269
178 741
644 973
964 201
67 238
351 769
351 67
960 32
514 130
532 781
934 765
94 687
439 147
818 574
761 465
173 261
13 709
226 173
493 915
750 330
278 127
448 397
11 372
130 689
768 747
962 614
112 142
343 560
629 12
853 797
508 312
938 744
465 910
345 49
527 645
401 350
894 923
992 620
103 264
964 1
768 707
302 951
83 792
962 554
415 856
601 169
9 86
91 724
671 292
559 38
76 783
199 275
468 12
25 451
67 261
3 577
277 949
713 903
884 79
245 818
73 521
285 178
26 515
128 740
717 327
112 778
819 603
267 427
10 557
258 438
121 719
782 742
53 928
481 673
723 927
559 528
317 428
265 831
921 547
228 712
484 172
713 648
767 989
251 601
380 245
318 980
585 991
166 85
26 144
238 375
962 126
231 143
436 921
335 949
936 13
787 570
759 498
978 861
752 39
857 43
369 905
874 626
708 289
396 836
571 442
562 511
935 416
476 543
776 986
150 771
378 570
159 30
383 802
10 316
152 808
940 787
936 942
271 397
693 77
216 678
931 680
925 73
909 349
404 100
613 312
219 183
815 457
539 446
654 729
82 716
606 779
516 740
91 998
333 964
523 924
32 850
85 549
394 790
724 153
907 878
657 87
82 383
260 212
46 515
507 995
91 573
195 481
937 559
629 522
18 301
759 597
19 975
241 730
93 949
748 22
472 810
976 843
528 989
88 360
296 949
889 255
943 615
646 671
778 545
821 749
558 8
479 396
895 852
663 292
754 226
273 650
919 469
32 333
243 592
5 3
61 421
691 350
657 373
315 119
934 443
163 560
571 548
985 96
956 516
410 224
216 272
382 802
619 890
18 925
4 700
144 75
311 225
207 124
685 716
261 548
338 655
613 915
395 745
558 472
293 942
228 116
255 893
596 389
444 464
23 257
366 567
60 399
58 596
732 629
121 72
850 84
967 39
276 538
202 940
310 454
954 328
237 822
309 10
149 937
20 879
553 435
599 731
218 275
24 464
435 585
395 834
298 847
385 957
967 805
313 579
60 68
204 351
451 778
785 756
286 890
794 496
922 330
601 791
925 311
549 968
970 154
683 397
607 228
804 682
76 835
187 343
276 95
605 921
93 944
840 212
957 511
535 382
551 851
906 850
329 161
237 537
255 350
743 746
484 410
370 43
728 524
935 971
400 80
25 816
363 860
668 373
458 554
23 500
211 833
901 950
312 369
279 120
189 840
754 870
587 155
553 499
527 599
788 807
473 745
529 3
449 700
506 654
75 397
866 382
20 634
873 992
657 622
772 47
869 234
804 380
868 741
13 957
62 157
431 972
938 988
955 278
473 589
980 805
783 31
711 862
716 311
264 894
431 433
735 670
997 260
958 412
971 991
500 700
560 854
356 591
760 333
476 644
826 225
242 42
72 51
824 416
521 921
150 922
429 644
653 938
248 515
100 356
530 508
925 933
43 62
794 531
814 341
94 899
385 658
400 183
716 998
63 948
904 22
597 235
591 855
316 966
923 542
590 277
76 45
484 226
9 614
26 537
502 64
325 349
203 254
119 296
867 259
294 819
286 127
970 470
232 471
91 238
919 900
431 100
509 591
168 15
743 143
502 687
763 471
537 65
943 133
794 853
519 94
802 696
237 696
333 203
137 633
660 901
268 223
50 105
527 87
621 961
791 618
79 851
548 253
160 743
565 26
721 83
253 106
846 740
12 432
510 79
242 89
733 773
892 710
11 731
131 759
551 30
174 603
233 890
554 80
785 348
132 886
808 909
360 781
756 392
798 415
68 815
458 20
489 334
786 346
959 337
926 60
35 354
284 691
683 959
658 939
621 30
720 780
286 177
170 19
569 740
739 780
441 480
189 600
796 548
75 531
539 758
240 749
25 835
294 168
461 129
630 684
568 117
661 258
882 302
882 438
949 103
19 159
262 731
152 661
408 551
488 721
661 416
179 322
653 105
290 56
569 431
420 542
546 485
644 747
898 522
583 467
205 478
915 396
841 114
348 142
131 632
427 531
219 401
507 531
967 93
503 487
901 860
680 623
458 184
611 763
359 895
533 675
400 466
689 158
27 74
374 625
207 590
875 427
770 681
448 464
628 13
788 570
138 430
54 917
603 714
26 796
411 541
794 486
296 482
842 705
17 758
822 102
589 432
56 422
437 72
973 362
346 934
900 283
949 130
232 715
608 317
235 264
555 656
994 747
52 252
889 997
219 260
986 185
944 346
902 110
769 873
317 467
897 404
542 367
186 386
331 407
413 894
396 37
16 65
262 7
245 307
737 691
774 506
0 243
30 264
876 750
267 609
769 396
371 258
833 802
722 995
289 323
63 336
462 791
101 383
838 475
596 785
248 338
859 77
944 558
992 700
540 437
116 76
814 469
923 829
284 487
804 990
742 273
930 108
339 920
278 55
500 360
368 154
22 847
735 195
76 764
625 472
441 209
20 122
270 245
446 280
804 917
59 874
772 308
571 113
820 471
767 378
971 159
656 512
483 710
317 739
361 590
898 852
146 318
517 561
352 350
855 59
161 781
892 551
967 429
753 24
186 876
580 565
966 45
526 980
952 158
443 514
488 104
64 457
329 96
867 372
845 753
796 833
859 223
987 796
930 968
788 116
29 647
827 751
110 207
436 390
555 265
736 576
421 593
18 920
87 774
257 832
118 209
710 492
256 180
738 839
587 302
472 463
965 203
381 957
939 946
480 687
402 173
129 883
961 386
578 641
908 139
742 247
56 822
147 925
827 507
410 1000
156 354
529 284
887 687
602 44
426 483
978 244
586 276
55 861
710 498
981 699
333 829
176 342
219 246
502 79
334 280
26 900
469 949
435 211
26 837
376 791
883 788
801 982
522 887
26 918
5 271
781 512
985 191
851 795
86 470
318 246
191 796
414 874
275 215
164 104
836 583
955 556
919 692
511 12
722 79
41 244
797 420
1000 88
142 782
114 955
285 388
814 14
737 861
169 13
412 880
913 437
902 981
250 780
716 572
459 550
868 9
302 352
359 483
352 741
262 958
233 866
864 876
152 749
822 732
636 466
181 85
755 566
91 478
832 753
609 298
240 288
11 814
400 980
930 842
617 1
764 117
596 568
673 591
392 438
724 377
328 218
734 516
777 978
407 836
975 534
423 232
120 452
522 861
585 854
994 194
225 279
648 958
580 582
685 437
531 321
375 541
99 668
783 168
400 15
878 270
469 124
746 604
320 152
377 226
73 842
979 723
40 178
740 687
45 625
770 833
313 674
927 324
302 593
17 38
740 587
116 256
114 440
892 0
669 802
520 137
829 977
224 90
799 164
918 434
657 357
480 807
757 608
519 1
524 992
135 921
907 851
259 700
572 647
517 39
137 834
430 878
291 867
16 709
155 207
623 315
834 551
378 66
21 958
180 308
852 701
651 204
736 722
876 507
60 10
328 675
384 882
867 579
369 931
444 170
219 635
797 880
555 804
541 574
982 993
605 435
481 384
900 919
521 839
444 456
860 62
953 419
377 567
966 611
548 698
479 307
157 863
552 625
896 819
113 190
189 335
270 241
667 810
851 95
735 883
16 357
770 296
48 41
461 754
890 748
731 748
65 283
576 704
225 112
657 84
486 320
306 464
863 202
619 613
115 261
572 98
525 432
701 675
645 217
699 218
950 139
575 499
606 250
779 147
241 807
683 335
163 539
334 885
632 692
92 942
585 650
368 246
620 652
595 976
87 596
693 677
16 881
656 530
958 428
562 907
506 557
889 236
239 907
579 581
274 982
306 27
814 810
514 335
628 246
931 287
63 447
591 859
953 901
105 851
116 683
971 185
396 629
297 528
72 839
948 642
780 390
630 3
842 532
317 871
712 764
83 155
944 88
488 289
759 78
758 354
923 32
552 819
554 260
518 429
524 50
594 524
240 342
153 354
149 580
382 283
819 519
457 910
865 608
905 279
931 564
196 940
973 254
444 472
373 188
98 268
655 632
842 312
256 417
69 453
660 642
176 337
689 665
212 430
138 917
197 916
913 777
305 49
211 374
899 275
878 249
608 198
745 766
255 359
550 843
253 975
188 326
972 880
935 338
897 415
718 700
320 347
674 32
188 564
422 456
837 429
224 368
351 283
87 179
530 889
754 908
860 109
654 228
916 614
995 454
264 665
53 658
135 859
926 878
977 788
500 328
496 627
637 396
271 130
527 247
207 292
990 750
487 48
551 131
877 962
136 851
484 273
470 479
150 8
209 525
751 897
683 308
205 542
310 31
373 574
440 143
155 589
560 504
211 182
415 442
957 937
358 831
900 642
94 159
80 791
61 726
910 654
585 127
9 240
422 745
294 586
349 706
491 745
131 75
29 24
790 580
245 108
772 583
366 896
789 277
87 607
769 643
736 414
888 319
454 931
157 457
366 822
577 853
565 376
478 326
24 630
227 475
866 52
402 464
809 508
618 602
32 662
257 466
817 232
200 822
407 657
256 663
921 616
828 144
765 480
765 724
584 758
957 521
34 283
360 757
616 920
541 794
974 647
450 444
704 427
117 979
212 99
229 414
876 615
743 725
109 476
393 204
577 525
898 730
458 474
637 265
82 233
42 849
989 766
102 826
379 311
297 435
363 29
244 285
679 859
154 507
236 826
996 531
561 317
774 241
179 729
650 839
211 745
753 566
774 722
279 129
453 646
573 23
568 984
351 1000
507 894
300 106
996 276
789 315
24 469
635 753
331 235
121 845
151 612
146 627
160 511
296 405
25 471
93 427
560 552
382 275
650 174
639 549
14 862
660 197
971 214
570 54
295 569
476 293
499 462
760 708
513 477
566 864
567 136
429 139
492 606
386 268
525 889
583 850
59 400
723 706
676 831
243 244
382 535
788 969
276 617
286 322
494 327
497 48
886 870
843 374
783 181
797 329
21 892
380 226
97 672
573 165
619 22
22 240
722 637
463 104
213 699
926 720
14 196
979 485
538 110
588 788
444 890
309 737
511 880
969 932
241 250
556 790
426 526
680 388
129 645
279 839
520 878
864 817
842 838
88 751
394 788
871 951
552 731
188 97
761 244
734 928
662 58
176 691
180 270
100 999
825 939
287 218
697 375
271 431
278 371
2 793
80 444
396 182
420 393
649 304
196 782
721 726
758 95
413 509
330 162
752 370
878 649
779 473
434 456
529 155
299 620
91 495
718 626
681 632
542 957
442 64
213 977
771 582
595 342
70 412
764 76
583 290
542 583
6 90
149 325
416 891
92 689
946 579
939 282
459 860
919 708
11 512
413 831
214 891
262 589
651 551
629 993
127 703
191 277
441 68
642 831
212 656
69 172
899 931
324 748
294 717
536 641
105 594
681 635
581 184
399 205
594 475
579 737
353 835
481 342
645 554
974 587
126 465
66 385
903 884
957 681
919 624
433 898
43 772
392 460
569 581
480 305
150 52
730 656
619 772
504 739
675 118
624 445
220 267
770 979
466 482
648 841
973 861
223 469
762 590
573 303
798 336
471 707
389 633
347 800
601 380
694 333
951 862
968 216
983 963
268 232
704 829
577 31
72 197
555 927
997 542
232 143
504 807
584 261
665 697
987 579
17 60
555 773
789 922
989 645
940 787
704 416
989 972
845 172
707 433
388 246
629 900
366 329
821 992
383 655
361 667
382 312
558 368
46 867
993 294
233 549
463 699
287 39
398 537
600 863
568 802
636 564
537 447
650 896
917 384
790 209
583 767
614 728
447 536
608 866
727 356
153 854
108 457
683 271
507 22
603 607
280 469
209 406
508 781
677 433
368 516
958 963
691 607
82 428
608 832
868 568
142 404
919 58
744 929
620 606
355 387
153 910
163 83
544 439
675 75
36 918
991 595
922 991
349 655
303 606
329 581
353 762
888 744
858 212
28 75
330 370
521 169
670 615
258 148
788 634
725 594
794 808
803 760
421 385
685 263
765 789
498 676
308 919
684 541
415 272
665 25
263 845
161 261
460 935
919 40
96 361
398 391
397 738
606 365
664 690
738 995
895 312
103 191
205 599
487 307
397 778
159 12
861 512
797 842
21 890
784 310
147 873
948 188
866 382
635 343
276 481
65 446
709 596
264 361
172 995
554 804
196 701
348 258
321 149
58 851
264 128
350 644
836 149
56 697
913 751
849 891
261 874
689 877
881 407
906 537
757 454
312 720
349 746
703 529
573 636
848 83
356 142
567 843
928 207
278 333
489 303
848 187
617 355
538 305
353 598
682 508
292 380
627 146
990 595
445 154
604 644
292 639
586 976
90 531
998 848
208 960
901 247
458 366
10 679
301 311
66 417
169 414
583 492
8 675
101 603
327 813
428 833
388 373
107 80
728 664
477 79
804 573
561 172
529 120
851 223
414 486
963 217
66 632
693 220
547 336
520 829
429 437
702 297
487 249
714 52
130 563
562 909
989 998
960 227
349 600
416 983
917 226
709 983
365 881
998 352
212 423
791 232
278 185
280 584
627 225
579 656
791 184
773 400
655 644
629 350
330 748
626 543
683 783
875 714
129 665
855 81
277 195
980 511
911 426
267 875
698 660
495 793
471 994
407 574
495 892
843 510
389 667
16 42
929 802
397 997
961 834
82 883
729 732
980 995
444 954
356 918
85 766
625 671
422 265
854 423
25 872
778 709
106 358
256 636
172 552
745 622
218 195
32 322
639 4
654 786
338 122
309 467
733 448
934 538
639 662
831 933
374 407
530 840
689 676
931 622
555 146
338 306
510 922
774 824
152 877
754 764
869 33
938 330
507 696
179 585
764 229
953 968
319 525
472 198
837 600
518 283
851 339
946 250
274 295
119 133
415 818
508 451
610 571
454 869
435 243
804 935
361 198
316 77
470 451
94 90
387 167
656 607
335 863
76 588
618 799
258 433
80 672
191 902
700 551
54 752
67 531
728 307
232 818
152 134
338 599
393 798
371 930
439 849
128 814
346 691
165 716
258 474
344 637
420 24
575 1
173 18
813 986
247 573
29 143
520 507
195 772
218 913
501 663
327 526
608 131
175 256
106 966
865 711
960 750
536 481
251 906
938 373
469 650
552 597
411 508
932 21
460 274
905 523
383 643
717 748
851 874
841 786
39 351
118 744
281 719
315 940
487 750
687 798
530 470
861 242
263 360
976 843
819 948
76 856
86 691
47 902
875 525
536 297
509 700
791 541
284 205
660 281
563 266
52 317
262 89
878 82
284 242
771 305
678 491
184 756
698 277
241 529
137 748
536 154
160 530
879 419
146 382
144 21
442 733
938 954
861 12
55 173
809 256
821 37
134 647
136 356
47 770
455 105
808 646
593 44
629 750
156 911
286 588
95 598
867 46
112 837
831 80
132 853
218 715
905 939
509 89
388 965
556 48
584 906
59 987
36 903
37 323
888 841
500 929
836 166
410 520
390 978
525 152
153 568
379 824
497 532
145 827
530 219
695 513
83 919
57 522
174 553
673 698
209 464
718 840
460 18
783 381
293 306
161 32
283 218
765 562
302 285
605 889
300 544
307 93
518 543
156 165
966 617
601 628
253 811
234 831
968 48
452 876
403 872
707 863
777 643
732 795
930 103
608 449
159 728
105 236
934 648
607 628
673 873
941 44
140 206
642 159
747 811
42 468
62 18
30 389
997 685
445 527
192 100
232 269
365 538
803 920
732 468
914 787
436 647
853 252
990 281
527 910
768 932
526 798
709 885
903 562
275 777
668 16
892 915
807 817
47 587
859 467
917 515
294 507
119 972
120 417
487 548
801 195
469 207
1 234
433 900
458 628
101 195
615 25
313 732
675 298
546 212
780 243
344 95
637 594
695 545
620 628
208 255
329 268
675 295
492 233
862 761
783 989
7 371
490 344
640 633
249 920
903 751
663 849
708 482
396 688
484 671
142 509
626 339
757 967
695 823
730 570
697 905
513 758
169 339
441 238
952 631
469 260
829 73
968 975
171 333
640 230
220 195
649 275
48 14
986 977
286 801
153 345
416 525
755 639
88 110
735 322
305 659
901 940
16 476
740 156
680 847
259 251
680 796
48 597
134 754
46 26
732 59
735 73
786 720
821 20
437 719
305 261
732 204
102 252
872 931
253 465
851 396
668 683
172 909
759 156
697 402
567 579
693 352
800 847
352 759
315 203
297 762
594 424
351 197
424 942
107 903
595 490
289 587
40 745
129 464
84 730
265 475
190 691
786 801
869 192
491 703
571 565
301 937
164 71
134 642
910 209
736 539
433 733
901 239
796 656
477 385
883 493
779 247
30 666
716 290
265 959
841 822
840 148
896 155
588 382
667 415
685 90
823 878
723 145
83 562
422 807
217 444
381 81
408 637
538 41
142 767
607 69
552 682
721 340
74 846
376 542
952 272
944 940
35 809
442 621
682 31
482 796
331 607
704 837
846 518
216 512
66 966
688 491
82 623
967 956
586 5
11 448
588 511
870 594
199 971
389 62
518 683
920 487
121 701
352 698
29 295
450 550
731 524
445 332
911 387
357 819
975 858
616 454
648 629
347 643
263 27
843 307
920 898
915 852
33 109
628 304
114 906
285 167
733 653
908 364
14 343
80 892
38 232
690 922
146 206
61 524
876 286
970 699
689 856
22 222
259 844
440 209
107 560
979 718
419 890
582 677
38 396
796 90
130 795
358 66
668 900
490 483
613 362
218 897
491 231
362 329
433 880
625 949
88 362
885 845
848 639
550 590
980 94
683 624
179 640
917 593
373 365
510 19
673 606
798 942
128 281
496 598
476 980
893 763
34 424
758 875
443 412
539 229
933 146
372 292
34 843
636 954
365 745
871 70
645 368
647 76
835 525
95 942
642 443
385 987
484 633
626 694
141 811
396 984
598 48
258 841
350 179
28 740
945 644
347 112
621 311
428 824
127 40
966 460
551 578
972 493
719 691
774 671
854 71
903 806
763 617
846 407
474 677
423 86
960 941
68 443
257 843
916 401
280 318
145 38
502 865
9 206
513 609
943 681
301 194
269 998
73 294
490 417
449 384
708 180
192 401
83 985
569 520
318 443
195 510
406 881
369 768
447 634
13 585
292 944
726 8
935 552
33 310
43 840
624 948
46 263
547 577
943 372
918 359
559 925
564 682
97 978
588 794
26 91
379 106
570 609
406 893
900 391
771 678
232 966
263 680
921 718
164 93
512 385
203 886
376 374
87 895
292 63
999 451
807 79
483 690
434 672
317 494
406 101
546 39
530 532
654 507
903 167
66 70
218 473
127 849
551 78
336 499
430 79
150 397
526 554
993 470
212 438
986 560
711 209
256 191
784 979
97 113
408 169
867 778
938 504
343 692
628 375
690 89
318 352
504 480
991 558
700 888
498 200
119 679
13 512
877 763
950 446
768 414
366 157
9 940
515 9
456 906
576 386
273 106
960 796
224 914
665 524
418 737
511 559
575 572
124 545
138 285
532 434
239 852
265 874
36 789
970 397
63 631
768 301
967 673
559 179
342 905
747 557
633 660
205 878
651 736
776 57
805 539
221 601
414 423
234 823
425 454
857 448
685 934
294 101
410 552
174 164
293 929
732 170
932 767
412 273
753 547
749 756
429 693
578 87
77 786
187 886
878 115
22 967
623 630
695 485
917 306
534 390
571 488
798 781
770 159
724 475
489 25
233 463
555 460
263 841
342 265
999 787
649 111
980 416
774 382
530 49
98 155
602 357
470 981
903 174
850 958
345 416
974 815
507 481
159 960
706 323
244 446
881 510
329 127
401 162
703 944
458 385
577 510
742 626
381 135
776 975
891 650
484 593
851 507
101 203
662 596
945 367
886 149
621 702
835 423
583 320
190 246
109 592
906 266
115 673
87 109
701 845
988 541
953 543
389 756
224 350
621 685
512 777
759 227
865 62
744 440
363 238
183 991
228 636
924 753
517 128
729 765
807 481
858 286
67 829
507 967
683 121
407 595
465 104
445 531
352 872
165 776
789 176
672 852
336 429
526 238
443 8
343 866
497 507
573 871
671 902
808 78
951 191
225 770
92 190
885 157
262 128
449 903
567 595
908 416
93 870
703 412
770 176
589 337
379 522
294 446
411 316
174 396
772 971
687 545
732 290
982 516
987 801
49 891
717 254
234 698
647 852
651 209
187 858
915 373
480 939
565 221
888 268
251 304
377 855
257 715
216 114
266 666
712 59
874 669
905 982
854 182
190 747
741 109
205 346
547 793
409 833
472 134
560 761
262 744
931 569
912 634
349 391
527 317
39 58
108 884
774 988
530 552
96 155
477 674
263 986
847 477
372 94
951 822
287 370
852 723
269 163
56 360
678 28
628 449
900 54
477 237
469 77
877 52
993 196
631 368
677 222
131 960
170 892
293 920
97 657
878 430
388 680
257 560
157 903
437 69
628 41
570 903
991 333
399 626
125 170
468 107
819 876
758 605
768 692
383 361
172 676
158 895
555 421
95 320
417 646
307 559
537 693
542 359
27 115
505 35
133 84
183 948
758 851
845 35
397 603
659 241
511 575
368 674
136 671
141 751
739 169
424 558
895 543
971 3
704 263
553 953
62 816
439 814
469 653
439 181
934 543
861 853
312 256
700 463
240 651
563 22
131 723
173 751
306 555
396 665
584 133
35 961
868 603
506 483
880 618
425 350
17 966
832 802
977 669
800 83
37 992
235 430
73 844
123 778
227 920
325 425
132 73
579 179
90 295
193 773
718 632
206 883
326 299
722 170
317 417
172 538
463 684
723 5
338 670
852 484
171 254
236 722
552 940
244 240
960 59
268 350
939 577
646 93
574 18
243 163
139 72
727 897
160 244
173 217
714 170
613 360
163 882
671 326
328 280
1000 869
255 903
241 501
553 71
294 66
487 34
630 479
337 429
377 545
203 346
187 687
260 801
320 372
350 788
119 775
570 726
563 841
911 576
572 683
131 965
815 942
981 770
791 367
624 454
139 933
137 665
740 52
922 849
762 439
709 981
853 232
331 401
700 492
671 796
597 560
782 507
494 326
871 357
748 666
154 835
723 541
18 210
196 439
602 134
528 49
913 105
735 956
651 152
563 129
411 735
63 961
992 806
895 535
502 401
762 292
711 610
864 457
16 353
711 47
743 911
612 450
341 972
703 551
394 406
661 994
328 157
773 130
888 531
993 269
822 234
303 132
647 490
470 920
104 282
333 304
570 771
630 248
277 41
412 482
673 77
617 480
644 363
588 796
355 853
838 648
476 411
179 558
375 238
716 685
322 513
747 519
766 186
229 534
611 336
90 200
710 627
383 780
621 279
702 388
898 134
272 448
127 128
394 901
480 797
120 615
31 601
976 274
151 720
207 630
395 290
696 885
18 358
446 679
482 100
506 127
360 858
638 122
903 501
474 89
150 373
805 548
185 782
362 471
132 759
999 647
787 802
305 336
567 337
376 221
632 929
454 369
780 44
769 779
24 214
546 280
198 921
293 533
850 99
640 645
570 77
405 555
522 89
943 293
131 482
481 921
209 31
214 945
475 347
482 440
957 867
812 77
729 0
778 900
78 812
327 219
89 175
205 981
848 540
402 637
176 799
904 530
958 821
365 42
731 229
567 795
427 12
852 336
373 615
880 102
660 49
979 823
874 905
995 924
524 376
986 836
389 681
400 724
514 739
664 374
715 821
964 196
352 757
603 578
763 731
582 746
578 275
892 507
768 170
948 400
386 362
451 997
348 388
790 581
922 493
123 246
175 993
492 1
221 721
915 795
592 906
380 410
216 114
782 862
98 484
440 159
908 704
275 664
251 934
417 603
522 522
256 844
491 555
804 705
661 624
378 234
382 722
61 924
598 766
785 874
948 767
734 693
618 402
718 780
232 390
125 644
481 459
142 849
148 784
615 856
3 485
162 783
459 481
489 148
303 433
833 108
36 865
68 444
856 7
242 564
9 43
610 374
898 796
108 750
951 904
740 656
202 745
517 566
344 90
119 684
115 598
608 479
537 608
992 969
838 170
722 16
844 897
645 749
904 449
718 841
116 776
643 228
227 717
758 91
667 632
238 407
191 654
193 854
963 621
320 907
610 147
3 392
22 404
53 488
750 252
707 919
896 41
582 789
186 539
373 16
893 853
260 877
472 981
461 961
959 540
491 764
161 242
629 463
47 653
20 849
363 656
309 511
80 413
446 426
26 826
232 520
653 708
585 884
628 580
360 390
876 294
541 422
161 703
236 195
255 418
85 905
120 851
265 774
928 763
106 50
514 636
385 483
642 344
585 976
379 33
760 347
381 730
532 848
188 138
330 511
248 322
976 646
168 365
571 402
500 685
591 261
84 704
451 397
202 314
592 289
498 342
428 240
79 228
553 297
427 736
760 173
274 960
141 986
439 22
652 466
63 314
37 361
935 857
291 317
100 766
149 804
542 178
333 288
838 138
993 869
374 57
38 242
128 441
831 593
534 243
922 995
961 350
489 945
356 92
983 839
197 650
727 580
939 849
720 564
253 608
29 556
557 931
30 227
219 928
964 499
529 79
886 945
979 837
748 344
678 22
970 845
579 289
53 859
943 644
55 641
23 806
841 325
372 117
527 16
536 570
552 32
964 149
740 138
433 977
33 441
415 870
887 231
793 59
950 684
120 31
633 375
71 841
593 324
98 788
569 966
370 11
758 361
933 804
582 636
877 452
544 644
649 439
750 69
516 346
26 707
944 107
431 231
636 340
553 843
688 598
294 500
615 0
557 134
578 971
350 823
387 386
558 64
748 1000
597 808
133 516
324 415
64 649
95 523
971 333
829 714
154 934
730 600
483 182
127 253
658 192
212 822
682 775
163 914
434 631
995 238
64 595
698 412
139 873
448 770
158 553
34 184
278 690
388 741
281 721
195 22
849 803
605 117
276 825
12 397
577 261
961 382
20 627
390 772
34 806
226 664
132 972
162 401
686 227
916 467
199 811
953 314
434 270
313 689
599 617
526 833
691 314
54 409
652 538
325 745
438 667
185 583
609 209
773 237
911 966
632 823
976 355
683 772
463 773
424 82
414 365
687 137
72 115
75 308
73 802
904 450
603 19
562 262
915 682
186 916
935 880
757 752
868 622
868 732
371 400
910 393
842 778
878 522
8 465
201 345
183 397
84 771
455 158
496 797
157 58
907 850
1 315
44 547
513 270
760 692
205 365
675 526
159 29
504 635
206 171
88 255
105 502
970 44
382 641
836 178
969 925
504 404
266 660
743 286
816 28
659 985
713 589
946 357
298 492
182 129
845 78
892 423
704 982
546 547
606 817
66 330
368 281
701 953
129 18
28 581
76 665
734 619
333 697
184 10
73 752
568 588
11 4
804 684
925 804
626 193
487 314
509 514
22 909
477 9
694 146
921 791
625 338
480 228
794 50
48 713
287 374
458 444
453 283
942 369
929 657
142 880
117 113
768 866
499 963
637 704
496 188
777 251
993 900
29 373
395 448
632 501
786 786
601 549
586 452
726 716
800 612
453 950
872 226
472 155
655 853
489 362
932 845
890 572
245 431
510 470
423 405
680 863
909 351
620 78
350 417
628 292
71 634
204 479
553 886
26 350
264 248
544 935
959 784
619 586
851 449
789 263
447 4
263 84
102 782
615 134
917 30
935 808
519 447
614 699
911 487
5 453
1000 172
14 345
743 834
972 806
749 304
316 652
671 812
351 174
243 219
373 785
984 813
546 810
328 786
804 873
107 851
517 313
916 716
404 238
922 894
536 869
499 337
445 172
41 476
457 310
731 260
996 641
405 345
134 19
313 74
414 215
672 813
112 762
314 275
593 747
315 778
995 619
604 867
903 11
914 842
467 908
161 136
259 286
400 466
789 416
21 888
890 800
469 457
484 83
298 308
837 970
133 438
554 555
962 106
428 134
809 29
746 498
737 169
718 922
717 276
174 740
452 194
901 170
858 756
798 811
804 257
808 622
521 627
345 718
704 328
495 98
689 263
504 631
15 997
597 330
877 510
716 526
28 926
739 481
152 560
290 554
758 179
501 975
915 877
834 142
341 626
7 261
943 290
51 600
149 705
817 211
303 659
272 961
184 276
851 798
850 507
4 284
597 688
743 426
36 915
210 498
629 134
49 931
800 324
480 238
485 677
794 612
758 664
144 437
649 181
470 740
838 246
218 90
611 233
305 435
222 940
53 819
347 350
180 53
595 360
189 520
749 829
81 631
363 384
805 303
753 423
160 596
998 965
139 252
637 711
381 585
763 246
995 225
428 933
550 250
391 148
487 258
375 241
343 383
193 965
186 308
758 440
828 542
665 990
607 239
511 702
790 530
319 509
560 748
674 481
505 583
185 298
243 338
33 830
17 219
662 736
695 841
353 683
736 342
123 217
145 313
323 812
472 112
236 618
623 399
485 502
411 3
475 769
48 723
828 607
955 71
873 968
380 866
514 524
737 602
299 457
912 529
931 54
179 899
191 929
817 492
954 153
722 247
507 751
735 322
480 233
812 440
634 728
775 322
618 100
978 808
305 739
660 956
615 572
234 29
836 871
839 702
968 567
652 468
657 244
194 773
704 113
633 342
745 411
633 72
572 966
546 127
528 579
578 322
752 305
841 456
366 157
97 685
280 868
380 976
303 848
112 28
444 349
605 144
379 469
14 443
26 104
641 648
298 804
530 240
616 603
549 435
667 826
270 658
953 75
603 937
149 573
15 641
87 60
112 51
834 176
581 138
736 824
787 123
602 492
166 218
68 798
849 299
217 105
605 539
371 265
629 611
668 597
706 454
96 135
822 256
869 698
104 208
618 69
490 314
295 744
770 858
461 488
39 692
372 741
913 752
405 301
331 23
168 172
138 154
903 220
969 942
311 475
837 275
524 551
532 178
2 52
729 952
323 46
810 978
335 258
871 308
928 768
249 300
299 783
362 37
509 130
946 103
489 228
830 846
665 157
595 854
51 702
595 199
301 357
222 439
374 178
958 729
574 689
955 555
541 622
934 80
645 68
251 265
144 564
992 776
924 807
562 271
229 309
183 925
753 77
760 410
417 619
992 399
162 727
84 788
468 877
46 577
816 982
787 307
914 65
29 992
747 34
792 106
343 538
930 976
654 561
557 832
424 875
899 299
337 465
707 496
797 994
398 929
151 674
929 56
935 954
277 745
682 356
0 611
542 62
872 305
732 45
850 388
522 459
984 251
779 868
56 121
450 73
470 991
417 708
944 164
407 848
28 162
164 517
124 661
483 583
763 69
728 825
447 189
587 307
487 256
217 511
560 617
641 999
557 347
181 260
992 87
42 839
640 931
634 256
43 756
874 952
240 927
666 515
298 641
823 795
399 935
944 665
420 30
452 683
453 810
444 652
562 474
432 253
136 346
608 740
831 506
963 49
434 876
289 23
74 308
830 890
845 153
549 998
335 558
384 562
423 293
893 47
936 370
395 90
97 505
323 836
191 105
137 348
647 346
569 115
344 746
531 435
97 900
873 732
367 309
110 452
379 494
681 892
119 163
5 356
496 705
373 818
158 420
67 644
431 896
923 77
206 566
242 694
126 248
349 745
540 454
495 300
690 502
877 846
594 329
457 526
572 466
132 128
719 276
258 268
374 417
582 377
160 528
10 360
485 267
564 868
540 148
867 660
689 944
152 664
104 365
816 542
111 578
113 38
284 45
385 121
46 307
520 294
655 242
972 755
938 512
466 197
963 839
551 130
363 72
427 248
973 663
979 249
761 500
398 101
256 713
99 653
3 465
255 172
599 515
420 514
478 921
543 426
52 682
838 622
673 858
372 989
880 233
180 444
356 112
932 561
742 333
923 255
828 118
430 958
189 806
591 516
223 846
809 267
717 434
480 974
455 497
79 464
710 751
207 133
794 330
197 233
214 334
948 304
412 643
942 429
207 974
38 120
168 633
939 166
391 104
634 703
419 130
649 8
631 71
521 155
34 558
568 236
66 601
778 533
971 144
930 213
573 949
141 779
62 407
32 535
242 176
333 489
122 86
840 620
435 396
660 91
130 611
908 928
756 589
54 202
398 339
678 564
754 62
631 871
895 548
151 171
338 285
834 423
430 666
462 240
162 442
771 666
59 117
288 825
384 23
653 841
617 476
17 57
749 658
592 618
531 406
199 447
795 855
768 310
873 756
979 918
687 988
254 602
420 743
731 754
456 854
955 286
14 374
715 340
686 958
193 134
315 436
195 267
82 691
780 895
197 260
351 804
914 498
166 764
102 14
594 202
26 257
623 826
732 510
984 290
233 331
583 409
600 9
729 531
900 170
682 542
537 465
505 35
181 292
816 385
670 294
267 989
399 746
914 600
343 497
107 1000
116 841
724 443
567 155
639 671
673 734
403 75
672 638
363 552
306 894
980 75
139 49
194 953
492 139
531 863
851 748
520 591
754 872
922 574
953 25
438 280
966 677
992 979
274 548
997 853
405 840
818 834
199 488
967 800
497 41
504 296
242 387
443 604
840 392
437 359
28 883
143 797
0 892
363 22
28 990
122 609
828 98
391 934
515 75
346 62
962 350
996 120
149 186
747 832
10 203
702 487
888 4
420 259
658 717
833 967
31 561
428 351
720 628
931 783
353 568
965 132
518 510
337 823
105 309
163 981
932 38
178 660
791 179
285 750
12 277
811 852
12 610
143 377
422 493
856 293
709 681
30 21
218 828
863 182
90 183
847 841
603 569
181 305
85 393
495 311
249 607
870 739
570 722
485 220
781 317
902 630
806 372
30 187
693 730
918 329
629 706
160 869
800 872
452 291
483 638
255 73
108 710
705 787
226 976
422 771
782 789
344 24
903 906
645 877
179 582
469 386
594 909
34 225
846 541
304 614
326 938
680 648
964 539
760 589
500 68
695 343
186 369
535 806
809 417
238 438
986 439
51 253
935 689
839 478
94 303
550 611
478 60
91 578
744 542
780 849
897 330
942 824
19 901
309 387
569 199
163 173
962 419
738 613
272 467
269 711
677 49
984 485
278 125
508 181
275 138
451 454
73 155
957 110
692 6
220 189
358 913
774 935
681 474
237 587
563 795
564 84
699 274
604 212
247 194
402 280
837 942
642 721
277 944
271 872
636 353
994 457
295 510
482 832
366 918
471 453
2 547
42 557
227 15
328 127
33 959
387 586
171 474
514 43
793 520
177 0
352 816
765 459
531 285
115 309
477 421
302 569
786 270
280 774
124 401
619 182
546 245
528 562
138 285
291 717
797 319
462 921
113 452
56 913
40 316
544 957
870 828
518 226
712 265
87 242
644 971
407 163
293 593
317 570
253 616
869 16
645 480
657 417
175 96
438 231
694 678
342 907
809 584
279 447
282 110
846 39
250 273
129 345
797 172
582 970
862 113
582 256
584 468
819 392
781 53
720 240
40 293
369 20
50 574
498 240
732 483
236 49
600 291
269 107
657 391
665 105
288 720
27 270
65 325
588 866
932 309
0 91
395 976
325 20
600 365
564 449
328 817
376 769
311 920
532 279
340 723
955 618
868 702
818 208
66 291
348 738
762 688
735 718
488 496
518 769
226 829
808 136
557 175
784 290
913 332
524 597
46 130
217 454
57 854
54 295
708 189
656 310
747 785
233 201
100 351
480 425
746 493
951 229
249 109
984 907
728 196
364 1
70 38
977 841
358 887
442 387
815 373
883 123
880 263
148 217
137 365
635 917
309 93
620 247
921 489
977 555
72 893
579 628
985 605
358 210
18 817
224 189
150 379
316 598
750 104
311 438
540 557
565 615
561 898
484 267
156 327
341 252
864 788
195 121
763 895
176 729
490 847
493 817
635 883
124 84
105 221
916 626
668 230
398 786
602 450
148 903
325 461
301 691
476 572
227 799
829 109
718 950
248 372
810 911
647 932
535 852
103 10
907 450
293 122
392 674
207 762
763 859
64 598
273 643
574 547
11 350
659 118
22 733
369 844
875 785
416 856
192 760
570 844
450 342
412 336
183 757
179 61
123 590
832 834
107 886
517 291
893 879
613 742
366 783
225 621
20 977
13 479
469 926
440 736
983 63
696 70
334 864
739 854
532 564
104 643
418 957
672 449
486 446
370 166
391 645
895 735
627 60
203 269
447 486
803 562
207 53
721 592
209 815
422 239
32 759
668 967
75 27
102 766
399 465
305 256
318 371
571 652
463 94
30 916
5 755
908 859
694 667
912 82
82 775
968 866
380 665
544 137
528 622
899 431
931 765
199 834
283 85
577 956
825 554
132 887
444 655
709 600
318 462
816 940
594 454
906 67
381 795
991 72
525 81
847 415
14 783
444 831
10 248
557 480
545 201
969 863
838 284
573 401
320 640
651 286
49 648
705 954
67 800
886 237
194 77
222 384
513 929
555 17
735 891
432 431
868 993
354 168
329 834
154 529
325 440
103 921
555 146
72 466
848 971
692 666
587 373
269 424
656 407
285 219
725 768
459 119
68 322
473 135
802 803
288 548
147 518
463 824
335 341
630 578
635 272
557 421
717 207
321 534
991 332
845 886
1 620
470 429
453 788
477 359
466 81
709 275
506 705
733 754
427 350
227 745
78 546
851 34
33 26
723 296
485 715
50 587
397 85
479 59
1000 201
337 617
707 587
535 447
775 284
989 71
252 930
136 907
978 78
959 24
157 955
825 507
732 858
778 556
646 419
809 474
834 671
905 400
152 325
188 641
327 983
418 762
483 889
81 764
890 726
156 870
87 352
189 771
774 876
573 858
536 292
845 405
158 720
609 121
289 396
162 808
104 567
619 541
29 166
465 67
501 307
631 416
703 206
482 884
905 296
247 908
98 715
268 95
257 211
280 446
518 490
196 67
542 322
48 624
233 799
991 699
908 978
470 874
71 1000
481 609
25 710
156 679
467 617
822 578
795 790
979 678
692 901
550 298
753 614
764 708
76 195
293 590
306 137
699 340
511 924
56 536
153 561
499 375
807 317
250 301
905 469
844 436
873 627
194 383
926 74
87 346
398 922
877 76
615 380
327 25
534 350
128 640
241 136
817 446
121 101
87 123
722 879
262 252
422 26
270 960
769 812
890 388
940 619
445 259
219 377
224 251
660 379
279 528
406 708
37 396
371 627
105 655
813 203
252 127
313 759
158 149
992 932
850 404
539 655
590 616
34 580
112 311
272 803
272 491
714 710
316 938
933 387
986 117
494 154
266 363
710 519
439 568
591 764
240 929
986 534
172 699
197 291
143 795
915 764
3 177
314 315
937 504
696 151
957 506
844 593
781 189
516 445
502 343
159 436
35 31
211 409
671 911
696 286
418 136
473 47
786 971
369 763
75 273
490 578
660 818
709 906
738 729
123 720
640 595
651 45
870 498
387 832
363 821
59 429
460 361
636 589
826 209
543 714
946 221
347 415
520 835
329 449
723 126
217 692
453 920
741 56
864 894
508 615
345 979
966 48
736 118
95 126
470 351
124 209
198 124
221 316
119 266
466 677
728 339
540 412
520 618
405 648
490 39
984 335
142 223
68 302
69 427
547 148
523 272
967 989
447 349
119 107
231 590
1000 636
170 867
128 182
214 272
790 314
516 612
645 543
769 968
591 677
994 824
773 137
172 680
904 571
819 474
815 676
467 143
318 491
24 804
259 318
3 853
650 625
384 585
889 824
488 936
620 620
623 451
389 217
320 748
71 735
112 104
830 713
482 48
878 670
440 39
212 15
765 963
410 524
699 224
435 236
954 780
464 3
696 151
629 107
334 713
672 933
448 839
587 379
11 564
85 407
840 340
751 814
62 322
234 823
157 714
300 681
216 828
336 316
757 443
65 540
867 519
148 14
114 524
110 643
722 123
238 988
440 668
63 59
599 876
770 50
637 687
332 26
939 655
943 80
325 654
563 7
491 521
135 665
210 813
592 676
46 987
266 120
490 820
789 542
682 930
962 513
265 658
409 538
725 74
594 353
517 126
331 875
723 945
806 150
968 444
563 743
323 130
299 352
542 636
786 802
433 800
587 218
747 705
588 343
328 5
41 19
346 667
543 57
60 670
15 541
933 690
55 899
424 342
223 229
585 493
747 385
79 942
717 516
159 923
794 398
168 0
85 341
771 31
776 63
805 317
219 649
552 137
498 608
14 213
186 965
340 558
203 530
206 422
512 230
397 224
68 472
689 454
538 297
596 401
85 26
73 822
803 538
844 70
93 668
35 38
572 273
918 454
223 293
843 636
776 883
515 991
249 831
148 956
565 797
849 609
919 999
837 189
715 499
333 120
989 503
277 70
790 830
289 629
670 791
89 947
34 836
312 538
252 575
632 940
319 887
971 635
980 815
771 310
474 518
465 748
68 833
130 584
860 211
589 515
296 554
610 308
285 317
440 832
55 956
275 93
377 531
951 17
41 620
606 84
188 191
888 313
735 864
385 266
457 131
634 649
703 86
682 405
453 279
291 958
240 805
40 361
910 103
218 298
920 754
431 665
471 769
775 638
487 702
235 701
164 937
301 475
410 888
709 203
673 999
672 534
564 439
672 379
379 79
342 623
3 496
842 447
657 820
37 937
818 475
689 986
74 535
18 658
588 274
180 863
954 784
904 10
819 389
627 471
814 516
728 429
72 97
169 744
975 780
184 172
677 69
484 198
672 654
989 560
490 236
818 425
95 348
131 602
29 864
791 111
979 603
823 193
964 934
164 402
232 320
408 868
500 4
85 258
930 491
650 961
980 471
502 937
397 699
844 357
679 41
465 523
209 563
108 346
900 625
491 246
798 929
789 906
95 303
484 303
234 366
654 359
620 230
249 636
22 735
530 277
872 552
273 28
891 835
75 994
8 514
802 658
829 191
869 969
897 978
166 751
191 671
953 211
751 322
398 775
403 730
431 454
751 507
868 116
283 915
555 898
217 796
232 133
401 953
495 927
591 479
238 24
95 230
542 916
169 604
923 830
746 251
964 942
80 425
476 545
2 932
346 614
228 73
470 514
327 782
437 135
258 256
334 294
658 723
622 307
637 897
200 654
283 159
293 455
278 337
910 632
633 612
852 48
638 493
392 898
193 256
942 875
361 775
415 299
6 612
861 970
646 461
996 496
422 785
891 434
647 838
829 439
483 141
931 454
676 913
535 613
967 994
488 554
713 176
903 258
272 912
543 255
457 544
704 45
914 390
850 833
951 189
915 257
470 444
823 826
992 835
963 170
453 401
133 266
241 419
245 663
302 877
855 879
273 559
43 436
984 701
880 664
522 516
535 474
346 165
320 649
41 251
608 907
137 834
545 56
341 817
47 851
475 704
537 805
163 841
559 696
320 66
203 743
743 616
358 544
303 839
842 559
106 411
954 305
841 755
718 383
859 195
463 508
429 189
475 266
895 782
788 954
862 183
393 820
620 278
106 442
309 509
152 365
575 649
160 357
217 332
948 261
578 948
676 150
31 43
516 137
594 842
231 340
465 413
424 852
6 276
769 890
875 686
879 266
619 245
35 289
103 533
944 755
649 260
351 291
906 110
768 342
611 68
646 878
397 576
745 542
957 720
468 969
444 646
259 643
889 370
208 807
614 195
332 378
611 63
67 841
472 956
686 111
250 357
611 152
561 485
603 179
14 52
426 148
198 197
232 851
44 119
712 111
483 640
760 864
399 177
254 12
650 261
642 819
468 456
68 775
87 909
293 157
59 948
380 350
679 571
487 451
719 382
369 721
323 590
933 680
213 193
646 988
374 844
225 605
83 273
278 785
704 655
437 147
895 789
250 534
30 459
264 380
42 977
889 378
794 485
722 687
709 569
740 787
461 546
291 187
31 742
258 179
298 376
476 948
753 256
569 230
487 101
943 985
176 715
983 613
158 274
553 153
295 740
350 500
856 55
801 529
298 447
262 916
773 226
816 936
652 2
880 421
338 703
544 331
899 718
455 978
739 963
527 530
763 422
650 61
415 447
524 676
407 591
739 388
25 170
231 948
47 339
639 591
339 404
222 424
917 722
856 971
316 168
45 316
513 389
169 88
195 154
657 47
677 571
410 650
654 146
819 571
927 407
235 261
734 958
25 229
462 375
881 756
817 784
605 990
650 62
183 21
52 245
207 236
555 246
683 403
452 172
115 666
570 564
52 962
2 521
462 80
988 397
823 539
352 111
664 111
428 905
613 603
268 750
695 488
965 755
856 983
134 952
7 13
149 576
731 383
903 870
355 482
569 410
799 34
23 490
833 472
808 580
727 632
668 483
816 85
192 736
93 418
610 246
829 200
215 572
103 283
909 366
230 491
529 552
565 334
850 1000
36 135
336 99
378 645
669 244
586 169
188 887
778 675
300 938
311 73
754 242
18 685
882 692
292 216
703 59
49 444
246 35
69 780
441 789
437 895
294 134
67 93
565 240
523 181
760 254
661 825
869 567
49 533
734 543
5 851
574 663
72 25
476 470
918 813
43 223
792 642
295 118
661 901
201 447
940 437
972 14
464 53
344 177
176 715
683 473
802 588
745 517
922 820
454 441
431 73
630 744
402 954
199 496
435 831
526 440
687 77
559 813
566 289
575 55
234 419
96 922
148 522
607 451
542 558
472 568
957 968
419 826
983 972
459 243
762 335
639 651
675 271
995 477
595 162
636 135
171 976
194 877
902 443
219 740
33 273
507 622
369 413
77 305
538 926
264 854
741 217
245 103
141 557
662 256
1 671
220 637
74 86
170 261
32 441
713 255
765 25
752 887
13 298
991 284
822 843
991 778
400 626
822 88
243 599
525 521
945 214
948 465
699 535
179 164
851 890
577 188
658 871
283 579
556 757
701 428
470 484
380 481
600 821
337 538
799 770
430 33
256 694
581 610
872 458
627 350
943 219
37 252
122 719
103 502
417 43
189 817
869 172
247 685
363 166
388 454
514 815
747 954
116 669
426 475
331 448
464 217
621 228
456 735
696 553
313 396
243 414
965 775
51 548
81 338
288 162
990 371
684 936
525 16
124 155
668 608
456 549
319 962
322 135
966 228
215 527
260 291
239 215
533 454
667 586
447 215
582 52
200 787
739 29
935 276
464 167
800 230
671 910
632 3
723 102
784 989
899 292
121 121
293 880
704 971
323 439
635 698
81 294
1 61
317 401
60 336
340 180
667 559
501 974
587 719
795 688
659 614
141 809
298 886
30 562
901 677
899 407
468 504
151 913
915 574
653 767
90 417
655 215
885 227
548 866
960 939
909 684
369 871
484 838
212 855
920 65
97 477
842 67
961 209
263 349
3 936
453 959
117 448
184 508
711 830
358 631
261 35
652 967
357 534
767 509
753 367
249 207
918 638
981 15
444 474
209 802
319 879
111 527
732 286
687 914
937 932
903 135
343 118
309 136
462 377
645 56
909 939
25 449
109 93
698 564
617 696
951 291
459 903
403 632
346 515
85 23
337 38
610 137
734 456
907 255
478 578
690 165
387 555
833 691
472 754
741 315
16 57
724 893
671 444
23 512
460 500
897 581
51 334
165 838
848 980
309 252
486 483
883 200
145 696
445 899
96 636
587 119
305 724
597 120
516 481
742 152
727 232
952 515
875 474
715 572
351 515
26 163
304 758
443 550
853 138
771 139
635 19
1 841
407 928
943 592
131 681
455 750
84 368
738 175
20 696
716 543
643 424
527 899
108 7
804 913
468 573
350 376
782 883
736 257
989 695
891 646
15 449
174 185
291 979
37 555
171 862
37 759
307 110
542 896
494 175
29 111
412 566
897 906
234 573
717 303
503 574
362 583
767 807
922 804
688 288
101 440
741 927
711 456
543 425
566 334
474 215
31 576
189 624
489 905
640 470
374 907
78 86
977 824
813 664
995 815
934 649
449 583
888 495
392 950
617 954
458 713
344 141
498 344
518 185
590 395
439 381
804 995
737 906
927 991
669 308
869 650
136 395
180 89
826 454
762 558
64 693
383 419
406 422
205 901
298 171
846 856
297 923
992 238
667 439
322 253
560 500
202 370
803 809
526 391
644 713
939 659
982 267
470 230
723 839
835 536
31 633
640 672
741 686
943 137
474 792
168 699
436 785
94 686
430 431
669 558
279 748
920 204
606 84
988 966
748 28
786 162
585 800
387 915
320 278
617 323
72 381
911 243
289 332
800 656
106 15
510 648
212 481
398 582
927 726
682 580
940 95
642 608
22 840
572 52
287 648
52 373
751 577
438 463
904 411
200 486
964 230
794 166
740 594
526 396
75 866
621 863
109 981
747 283
725 664
984 928
480 34
576 174
104 136
427 757
588 62
703 438
405 565
799 499
715 294
10 935
904 331
274 178
928 814
725 882
56 235
980 536
420 510
76 585
782 540
462 874
640 458
885 615
366 680
14 496
354 707
298 389
761 394
749 257
701 239
746 976
200 320
762 612
132 767
200 294
432 30
523 335
208 193
805 818
744 268
665 159
534 492
243 142
286 750
391 966
141 49
48 524
544 149
897 164
134 169
30 885
454 85
961 447
22 994
620 554
682 169
517 168
906 104
426 931
610 534
223 1000
309 122
735 522
612 181
322 875
26 697
483 424
276 342
98 247
663 565
850 199
587 297
673 496
505 449
842 278
762 851
999 273
339 636
140 273
385 162
552 188
222 64
457 460
839 135
915 94
703 244
312 278
515 552
276 353
931 593
663 919
898 988
964 362
341 484
558 830
19 936
285 371
51 551
133 610
643 169
943 374
396 313
889 407
841 929
619 242
529 779
294 314
875 509
444 134
861 332
509 805
121 627
328 558
26 221
336 190
187 658
91 277
300 467
290 900
137 104
629 47
118 22
382 672
877 454
141 600
6 320
786 284
0 174
5 31
390 622
428 750
185 638
403 106
193 119
695 601
984 250
904 728
991 959
899 411
963 975
883 595
241 184
443 510
964 259
455 651
73 516
972 207
22 326
608 118
10 793
827 242
729 634
114 302
342 217
533 778
100 166
156 131
216 499
493 147
811 864
171 138
3 413
265 799
753 825
573 703
27 385
865 920
2 104
872 578
395 220
699 844
84 439
642 369
340 945
108 889
828 558
553 82
582 591
251 17
124 190
528 385
37 442
857 103
658 104
828 748
122 973
886 476
967 6
529 601
71 230
343 37
300 264
664 243
769 949
322 787
610 549
6 551
931 61
750 325
70 39
235 678
11 302
970 761
92 40
592 616
14 162
403 502
504 290
194 117
351 623
318 849
878 593
161 551
480 178
899 475
152 851
501 507
627 628
921 54
609 976
701 873
862 906
4 444
597 751
88 550
992 525
854 905
419 834
497 697
171 542
626 952
176 234
329 980
337 369
111 647
133 47
355 717
361 727
86 250
119 360
647 412
273 242
375 977
438 619
863 710
432 108
84 305
130 840
302 85
498 789
908 972
36 464
821 579
156 116
158 451
776 195
874 755
793 419
604 829
889 440
279 66
554 48
998 66
952 191
113 831
191 639
687 313
146 270
182 661
277 554
454 149
531 706
950 777
719 658
424 242
432 264
267 646
614 756
235 563
774 21
733 800
159 28
620 24
213 344
91 884
437 675
35 54
675 197
511 452
594 659
853 611
149 941
337 870
331 71
975 393
755 331
479 683
90 676
292 570
600 241
109 951
442 722
259 206
247 110
585 470
394 20
59 88
391 380
214 794
872 652
757 714
451 227
630 538
27 740
424 188
865 430
676 86
999 301
1000 230
377 665
31 782
188 679
722 802
254 679
155 468
625 146
728 217
712 43
623 865
488 105
855 740
642 897
127 401
404 539
748 157
867 57
779 536
109 283
320 132
57 68
554 66
588 823
645 594
276 237
916 618
799 919
60 645
360 368
771 240
826 400
885 726
326 784
779 70
723 967
286 53
647 167
42 690
485 169
246 655
903 508
728 491
691 33
875 202
100 87
744 269
264 421
812 768
316 240
461 168
273 36
678 563
354 334
776 380
83 662
196 769
547 911
445 188
845 165
61 775
313 574
483 191
533 84
87 245
173 155
130 710
696 227
218 310
918 609
998 887
778 407
112 605
817 832
802 40
439 88
351 730
376 444
116 269
827 958
941 388
63 634
317 574
740 594
901 48
393 730
386 994
65 465
50 637
34 411
770 246
679 196
514 888
587 275
918 443
325 81
70 374
100 659
495 80
322 785
818 186
450 700
842 60
988 734
556 261
141 479
811 105
65 175
180 555
161 249
232 841
157 943
807 134
33 760
284 242
166 642
89 397
557 163
30 361
616 348
288 530
94 940
294 720
560 653
184 204
267 80
326 879
131 217
477 337
960 360
241 294
817 577
73 922
386 842
153 145
503 901
874 369
210 825
950 25
762 976
624 793
60 858
273 348
338 994
489 120
853 923
571 418
730 407
300 702
153 105
581 117
200 581
412 132
805 751
828 990
459 31
350 638
524 649
385 626
71 843
102 23
422 170
284 59
898 823
552 856
469 518
41 960
588 682
662 345
799 832
978 531
944 147
847 264
981 26
49 263
786 955
735 769
94 231
518 786
628 731
797 280
479 223
38 908
908 25
750 3
15 691
535 562
997 347
564 801
351 686
993 986
147 289
830 917
89 42
754 463
30 801
36 176
499 194
342 443
687 175
231 467
667 969
904 194
153 210
837 318
802 331
685 974
570 209
553 629
299 101
259 990
278 252
820 51
664 714
436 995
897 520
386 934
116 707
729 670
20 15
632 153
277 745
917 793
398 829
249 972
945 261
724 768
389 415
895 639
455 309
81 398
177 663
267 940
614 949
747 442
638 163
323 112
309 606
657 116
37 377
731 759
653 558
601 913
875 522
337 738
80 260
716 474
230 560
58 455
720 141
716 401
664 992
174 583
805 810
878 13
37 310
679 650
624 854
862 745
470 138
169 433
424 909
445 601
587 700
222 461
33 350
602 997
563 848
251 623
84 203
754 334
515 483
893 763
968 266
546 2
682 371
448 197
114 303
537 288
934 555
755 659
618 763
409 1000
244 644
561 708
846 471
927 950
372 615
466 125
499 371
435 593
155 822
807 456
222 240
399 767
33 787
860 907
97 296
709 107
405 916
823 241
520 213
541 333
437 579
645 640
380 584
187 375
29 230
653 269
30 879
370 477
797 390
101 241
559 91
84 774
100 266
862 776
548 546
651 336
901 236
873 648
615 919
715 896
762 131
974 824
933 432
449 585
3 161
677 201
926 889
553 203
249 856
851 916
102 293
661 497
280 586
259 913
183 990
250 520
842 565
413 442
165 417
561 401
4 161
676 755
907 37
994 403
690 606
796 603
85 685
113 304
124 401
403 989
911 70
2 153
531 547
607 921
440 620
556 186
818 327
307 963
218 584
783 39
714 716
103 399
787 36
240 209
243 799
510 616
798 6
431 874
993 610
738 724
825 129
560 152
272 338
453 594
80 155
565 108
84 400
75 18
857 69
303 111
413 380
268 590
595 112
870 568
185 135
485 881
530 937
702 206
364 291
603 561
559 542
55 138
374 253
824 981
763 545
484 434
351 248
607 281
989 324
716 142
268 293
73 68
376 674
585 704
411 569
706 374
960 817
145 972
124 64
786 706
949 959
809 768
601 626
518 115
562 135
119 565
13 131
415 208
882 916
628 969
905 998
40 724
761 197
951 358
695 814
581 190
494 511
8 851
706 372
293 674
885 299
552 217
25 534
182 786
911 20
953 327
539 735
569 798
242 964
516 200
374 361
825 485
628 827
895 866
744 216
501 388
433 207
38 254
185 910
264 283
670 926
523 422
760 646
642 107
871 475
114 244
743 702
842 619
787 377
955 570
49 338
626 835
163 13
777 140
366 481
503 224
330 922
740 854
738 68
393 506
140 508
937 839
932 384
713 442
748 419
713 233
312 323
469 100
304 268
420 957
12 433
761 870
237 383
17 22
250 580
217 465
669 584
920 679
122 670
454 823
479 220
347 865
170 337
225 119
552 353
96 656
831 290
609 259
245 877
228 624
462 943
375 828
349 724
253 964
151 9
6 692
648 654
514 969
337 427
216 197
514 820
871 941
964 91
44 724
811 634
170 980
319 822
51 427
838 299
455 468
235 342
673 575
558 928
927 225
205 411
90 261
761 401
450 16
804 381
576 603
87 502
877 415
520 353
730 944
835 749
944 46
224 415
81 608
368 773
876 592
36 571
65 854
216 737
237 277
663 258
574 800
906 588
945 367
293 908
92 135
885 819
644 19
580 585
996 647
239 893
199 131
429 684
135 955
906 858
541 541
965 166
145 483
224 674
129 701
181 330
933 163
511 320
902 486
75 875
329 48
624 680
182 439
842 858
980 437
935 491
231 51
734 608
481 824
961 283
675 965
304 551
731 200
581 991
674 723
668 173
512 305
924 179
397 507
790 240
466 291
372 746
368 504
511 55
857 876
307 182
194 760
6 135
893 30
715 802
679 33
416 291
636 357
672 80
4 599
917 267
981 346
856 999
186 715
331 82
928 681
378 919
258 98
949 75
852 680
3 108
119 407
516 547
163 678
275 578
442 746
333 120
221 225
591 990
591 10
964 349
320 422
561 329
590 231
426 795
299 741
689 29
81 124
411 982
648 727
481 802
49 412
350 783
963 369
308 98
305 450
621 271
849 71
710 349
180 212
587 718
487 366
78 284
105 679
283 945
750 189
232 923
928 280
237 713
483 168
380 906
849 677
194 505
641 991
147 821
888 755
583 926
704 870
711 501
180 384
225 554
722 747
273 506
41 725
617 170
753 422
294 748
146 340
664 473
348 828
535 100
962 405
607 626
34 345
326 895
883 338
719 712
544 12
195 262
791 508
414 530
320 127
722 482
955 385
313 227
236 477
846 322
886 196
499 833
435 617
705 287
114 715
372 550
973 797
728 978
561 840
443 141
735 484
767 604
52 581
858 617
609 582
467 191
544 18
630 930
301 246
172 559
260 490
932 322
14 830
379 374
689 718
808 514
200 400
564 401
262 713
190 235
421 877
672 104
463 718
986 271
430 355
505 243
64 393
534 240
117 606
927 576
369 841
135 924
508 206
515 523
11 211
703 327
780 533
190 498
338 658
806 826
173 400
509 545
436 942
222 252
679 469
954 387
917 891
312 591
822 141
711 648
897 413
889 93
482 433
697 623
99 596
25 871
473 9
389 540
84 624
792 252
352 482
26 331
318 735
596 997
837 207
757 274
582 743
905 718
651 369
605 851
231 826
465 407
853 773
573 890
984 259
606 502
878 104
172 30
519 899
573 919
579 421
233 628
250 564
594 579
935 530
398 685
625 686
556 849
914 393
647 930
966 634
377 765
828 372
690 882
715 372
272 769
98 847
790 728
561 900
650 664
820 841
359 616
741 692
415 562
321 923
878 506
268 118
113 198
872 759
227 482
371 872
937 675
607 275
214 818
300 416
480 389
18 897
354 924
718 355
593 947
467 839
70 739
884 537
143 298
230 703
909 583
46 610
656 374
126 476
684 255
11 125
526 917
163 255
48 397
438 972
210 295
722 227
109 361
382 697
382 205
375 293
94 327
390 969
822 183
361 154
142 785
316 840
779 537
208 740
171 859
410 753
352 91
5 949
396 812
947 31
987 442
110 984
771 475
648 611
253 885
683 212
116 655
316 32
851 569
532 238
6 486
652 833
405 725
603 388
785 303
256 722
868 502
982 0
995 383
332 918
826 107
706 57
342 660
327 775
694 177
38 168
765 847
956 366
179 242
407 915
199 978
219 774
579 47
971 330
608 989
241 893
442 356
775 368
577 46
945 3
221 935
906 238
473 298
814 350
805 150
715 783
305 973
360 464
301 180
357 819
607 201
694 699
939 695
789 168
445 580
517 983
115 128
243 6
964 106
263 83
16 184
476 768
269 869
348 143
409 483
15 336
150 836
671 690
389 825
370 608
241 489
850 479
32 380
306 40
672 705
691 955
817 161
761 191
902 392
464 378
867 733
68 178
218 443
924 220
954 253
33 941
593 718
95 908
278 372
728 345
372 960
100 283
788 152
474 759
730 47
652 541
519 477
248 683
53 594
10 659
943 488
901 391
113 271
263 890
151 114
894 759
564 841
2 541
0 56
90 195
610 373
710 192
322 69
396 954
72 416
578 207
488 594
801 415
100 660
863 274
388 96
551 929
849 39
313 603
130 299
794 251
998 962
109 390
489 854
270 190
132 739
551 53
858 951
397 875
664 952
92 800
703 418
173 449
367 724
956 585
501 705
860 711
234 317
656 264
31 420
39 919
277 987
306 838
701 573
234 77
392 491
315 237
877 905
204 976
678 196
757 577
990 112
982 159
659 203
330 660
90 168
439 302
592 630
670 283
116 977
843 581
80 7
288 193
43 351
308 905
140 707
31 766
996 407
358 563
840 556
842 780
996 215
208 176
672 762
592 139
561 687
112 16
444 672
335 259
715 74
248 476
963 515
914 551
388 721
293 119
88 393
732 479
754 232
781 87
409 384
226 256
986 957
144 518
620 321
216 938
514 196
712 620
606 42
678 58
692 704
163 813
583 335
112 16
449 715
209 19
125 270
894 785
259 75
676 871
18 588
234 731
16 43
861 525
917 9
599 451
772 558
448 219
452 664
71 806
328 99
81 441
765 607
552 888
490 433
760 814
381 622
842 159
666 677
941 505
77 686
696 455
559 195
18 612
964 358
659 419
289 16
521 266
751 676
735 401
765 845
658 758
58 538
886 943
901 854
35 396
67 971
189 344
978 376
731 293
905 372
212 678
592 761
149 47
905 387
936 92
863 847
313 311
783 746
776 944
750 650
855 204
187 442
33 829
193 876
822 596
120 886
336 997
391 233
636 566
908 459
821 488
155 988
367 302
679 602
436 825
527 236
836 411
764 817
900 236
769 403
882 84
609 200
909 990
49 830
346 765
430 248
528 709
874 430
833 177
511 481
735 843
374 845
141 504
846 633
564 377
147 734
93 670
137 496
515 976
821 57
938 135
952 349
70 649
688 837
405 83
451 505
555 652
699 40
546 157
337 310
147 285
996 404
535 266
421 381
280 634
630 571
47 753
410 325
612 464
356 859
212 150
326 393
131 638
486 954
476 318
951 120
186 712
755 216
424 634
620 202
301 125
631 489
619 168
251 357
122 426
141 216
213 574
919 176
520 849
148 717
540 68
624 657
509 213
198 267
934 553
46 721
245 844
394 931
853 203
287 366
645 455
606 797
143 953
851 41
684 761
675 649
83 789
635 433
824 680
413 211
662 492
287 112
338 38
831 574
230 418
670 937
613 993
437 56
527 353
396 209
586 620
234 650
16 618
845 215
682 665
489 299
357 466
226 924
950 40
968 100
229 651
669 708
920 929
231 253
189 194
961 147
548 576
237 64
519 753
634 914
163 811
129 343
277 589
367 227
104 831
739 237
609 32
774 57
441 649
756 381
493 609
163 883
761 393
565 868
752 107
500 424
894 708
783 519
129 970
563 178
623 76
73 866
629 856
615 557
334 636
69 386
311 649
307 704
877 394
413 559
981 142
117 142
166 187
904 403
877 132
5 345
948 468
467 501
460 5
509 89
644 675
279 131
561 118
811 33
836 668
69 134
884 13
430 598
205 849
827 952
141 163
500 331
291 274
338 510
837 546
226 319
261 588
158 150
226 516
882 722
222 94
127 42
302 683
812 603
276 808
915 144
851 3
175 225
838 458
722 120
974 938
479 144
237 403
310 829
442 491
991 530
812 376
462 304
291 904
634 813
697 805
735 537
836 731
346 440
992 893
483 96
910 232
225 569
688 738
320 177
293 560
556 289
60 264
163 109
523 377
954 931
18 760
869 529
268 844
596 831
96 954
259 849
192 935
223 241
559 652
497 407
605 971
540 394
241 63
466 189
218 402
579 441
171 273
480 938
463 460
934 599
87 158
558 462
570 993
690 958
9 648
52 759
561 594
99 856
740 684
977 112
312 290
614 59
78 760
764 96
280 391
683 904
525 347
657 906
941 408
70 607
573 97
1000 558
713 878
468 159
338 562
941 113
643 30
993 216
322 138
882 669
502 591
971 876
740 332
469 939
738 514
673 941
439 100
368 398
515 313
648 117
289 538
949 530
844 131
506 157
783 437
24 977
391 834
677 448
718 735
884 249
531 240
581 926
100 439
237 278
158 968
423 239
429 40
119 609
628 218
724 470
621 745
512 986
697 896
765 685
734 777
212 610
65 361
572 518
91 542
605 86
921 356
168 151
372 787
858 921
297 918
953 521
841 132
890 447
726 563
363 623
10 332
855 326
276 245
277 51
886 783
164 708
369 591
486 75
44 31
573 529
616 387
142 689
785 318
202 385
356 534
661 898
81 483
774 785
775 318
547 131
197 984
97 736
55 274
8 759
110 871
674 954
716 194
816 159
998 403
913 451
78 932
944 546
207 771
752 953
228 837
865 41
631 408
935 720
832 230
148 268
938 831
626 40
983 924
763 864
922 710
497 335
10 329
798 572
739 196
425 346
709 917
459 717
899 39
888 34
815 535
274 510
864 169
150 760
328 101
608 343
393 644
690 100
237 363
38 554
741 482
410 709
961 237
980 297
156 638
650 106
736 650
126 850
18 111
795 628
681 190
379 722
672 62
547 782
470 333
476 144
277 470
24 717
468 894
249 941
497 317
102 93
180 15
528 383
617 18
407 691
300 565
863 938
878 875
669 895
781 420
285 140
931 209
300 602
507 916
455 255
257 539
42 537
771 973
800 955
727 539
215 267
17 755
330 778
581 855
954 292
236 938
957 214
494 682
916 226
604 128
656 860
608 192
110 284
438 475
799 788
678 805
273 469
91 552
434 2
556 280
848 381
538 992
650 14
223 346
989 458
549 78
47 770
820 480
232 259
292 872
192 589
342 712
582 660
601 666
400 143
569 849
795 715
719 593
464 488
250 537
334 944
289 347
191 44
784 722
508 204
702 74
764 618
155 122
580 877
786 320
363 885
185 234
472 54
895 10
136 549
720 469
389 364
158 456
874 253
453 838
755 493
851 23
224 340
102 675
61 604
851 882
479 151
600 93
410 784
265 866
107 221
83 632
439 396
864 257
212 745
10 238
456 882
597 414
481 270
797 141
582 376
394 438
429 55
346 268
633 519
638 672
952 825
266 778
257 616
402 98
353 512
918 160
818 411
714 311
294 771
67 653
220 343
524 14
65 439
688 607
385 330
35 543
540 777
987 782
749 47
752 609
240 107
16 200
424 745
708 667
742 277
261 927
480 521
946 3
803 118
157 929
839 846
123 932
444 891
657 830
697 905
333 263
724 881
306 365
311 655
418 773
917 207
881 209
572 607
604 610
522 286
814 252
464 650
614 668
701 171
893 862
816 764
126 981
937 856
576 977
341 734
762 412
758 202
756 650
928 41
368 237
245 390
295 279
609 638
996 686
140 235
206 554
385 248
106 3
679 491
221 183
788 44
246 560
717 441
821 338
806 866
225 24
889 111
580 653
810 812
320 705
33 492
111 568
433 992
647 168
134 824
669 542
925 2
598 104
263 64
264 928
539 671
823 641
399 154
963 149
577 274
175 323
800 92
757 813
639 44
244 489
82 577
641 389
619 368
678 873
129 631
875 461
250 837
533 939
494 102
367 104
248 561
756 526
84 772
482 503
437 541
447 179
362 412
582 924
258 923
976 109
732 642
639 591
980 378
220 94
571 288
403 211
577 431
561 627
600 978
856 389
579 161
991 13
694 957
842 293
893 967
797 832
868 805
871 888
871 488
868 665
447 162
850 905
48 44
903 277
869 736
283 358
636 924
806 482
694 958
619 171
543 388
683 719
380 550
719 142
639 103
745 808
82 919
877 645
191 907
805 214
225 578
812 744
985 275
942 71
636 378
961 694
387 118
115 362
670 892
354 468
568 740
867 545
310 199
84 633
261 636
190 168
832 597
257 63
656 542
802 470
590 228
178 235
509 743
331 467
518 768
682 326
753 76
684 912
204 421
279 88
716 364
227 223
295 268
972 924
126 491
733 873
285 324
579 774
294 356
769 325
712 217
241 457
213 341
653 235
477 870
37 573
836 154
715 521
657 126
757 399
412 855
140 634
343 874
448 571
794 993
882 562
39 263
865 875
227 695
489 445
175 301
845 752
850 599
19 534
302 837
710 979
456 750
363 948
909 313
182 881
830 158
418 831
970 299
666 169
146 703
683 171
519 86
119 279
367 516
975 366
224 32
626 732
919 140
782 429
153 117
326 26
475 504
398 244
376 231
623 544
841 952
107 817
702 452
607 300
887 858
714 289
121 194
968 680
964 842
685 421
514 77
25 481
249 623
781 437
274 164
967 597
396 811
377 729
82 568
621 509
465 986
520 138
682 944
913 764
447 453
350 773
559 20
115 545
797 735
422 321
556 746
895 454
424 867
67 893
71 862
628 862
182 811
3 432
827 433
941 173
421 640
963 192
45 336
70 240
78 4
27 535
391 151
28 87
450 747
895 216
431 558
160 664
656 187
286 57
174 905
627 233
554 497
488 156
365 433
813 333
710 153
513 708
740 175
428 625
591 547
781 417
155 607
55 319
241 579
148 128
292 155
838 153
221 218
933 336
616 798
143 441
63 841
42 321
639 904
287 314
732 372
309 979
592 114
192 107
951 120
429 209
866 367
738 969
572 595
496 62
650 167
913 647
972 574
466 439
595 594
716 485
165 562
124 173
194 365
26 429
330 272
348 24
607 683
493 330
433 333
53 381
914 871
141 32
838 248
989 178
516 842
83 885
289 453
90 353
324 669
922 194
499 789
894 296
719 498
920 729
53 376
810 456
898 988
376 153
659 435
978 955
725 245
344 230
970 283
602 275
161 756
302 422
334 998
964 974
64 876
126 120
253 461
173 617
124 310
96 528
593 664
708 1000
44 627
131 545
601 867
329 321
635 418
761 194
1 802
415 11
456 738
165 844
733 104
221 410
388 242
232 692
412 379
163 427
569 505
985 82
236 658
208 200
693 653
478 84
240 135
170 822
858 737
728 869
945 880
832 635
775 771
109 871
68 806
590 598
52 176
761 277
22 911
294 653
714 582
819 851
838 457
8 73
641 940
30 725
169 383
466 674
311 999
528 745
104 774
716 959
38 246
789 143
140 742
674 652
932 863
20 461
976 533
490 771
450 16
915 1000
982 556
213 859
94 272
114 258
54 169
16 259
924 481
634 684
898 914
57 822
281 959
267 106
101 582
854 847
140 666
639 902
368 891
679 726
671 916
759 695
998 447
308 342
46 959
947 996
1 711
236 494
466 907
695 172
701 130
29 811
947 455
196 75
898 965
809 722
116 315
362 629
322 299
440 404
878 771
535 570
858 842
546 416
189 799
345 240
720 331
496 484
542 163
752 128
844 156
659 844
509 689
545 586
398 772
31 272
105 221
467 943
982 599
127 642
306 38
990 99
261 913
610 812
722 931
629 10
667 132
882 930
44 805
937 482
178 604
370 303
878 195
276 255
65 477
513 615
772 285
667 139
60 399
532 434
42 49
836 41
702 88
702 491
158 164
443 52
412 799
450 64
482 164
767 761
347 630
786 177
725 332
383 740
31 765
439 530
224 970
564 267
375 51
996 225
980 255
100 73
261 445
712 389
448 381
372 796
892 169
169 747
411 717
390 144
385 980
377 522
683 925
751 355
391 422
412 698
965 415
827 692
973 639
267 715
382 211
270 362
15 381
832 438
807 965
917 451
633 862
918 824
988 17
396 36
956 372
950 483
56 291
843 657
275 964
955 496
618 810
555 987
714 354
277 22
986 875
856 459
432 185
365 530
540 634
144 659
223 716
872 608
237 362
473 680
851 596
216 328
792 987
447 916
788 648
221 263
309 535
172 639
455 113
862 626
966 478
356 15
305 854
410 537
28 191
963 848
363 518
753 553
342 763
537 896
604 298
629 587
998 868
495 125
174 751
624 284
84 775
433 185
403 487
75 786
433 242
706 619
347 276
135 47
963 477
136 495
85 313
531 592
857 98
797 548
508 999
418 919
37 901
657 605
509 124
43 512
985 915
998 390
341 741
450 789
227 83
647 981
346 873
571 838
692 351
680 665
11 404
184 335
835 743
72 906
408 45
578 299
524 126
637 697
873 241
317 524
311 494
758 265
972 124
777 318
474 899
580 874
425 668
949 514
759 770
298 673
366 357
664 612
646 109
641 823
181 986
799 266
296 155
319 990
858 827
524 50
837 488
639 597
817 976
283 178
587 437
777 658
663 980
358 288
33 208
514 3
949 188
829 702
552 337
693 804
480 17
828 867
312 802
191 599
423 844
382 454
358 614
266 180
704 433
977 724
748 906
714 992
773 956
967 447
368 90
190 396
543 474
175 930
228 272
721 105
928 616
960 747
972 460
647 208
506 98
655 21
472 269
198 429
442 276
412 639
736 951
842 919
92 610
577 753
697 794
451 920
168 784
193 729
287 2
490 784
319 299
318 655
616 671
536 400
326 176
245 678
120 170
931 939
876 591
653 171
418 48
710 263
160 485
602 85
328 626
773 837
922 96
654 492
929 41
468 890
751 758
401 959
683 859
620 289
758 56
980 812
871 12
661 565
10 139
519 280
455 105
370 123
547 428
524 847
317 351
915 645
387 361
748 694
163 556
849 152
966 638
578 739
404 603
554 136
93 892
180 811
483 958
35 622
107 650
159 467
576 436
480 717
86 322
598 59
95 894
85 863
384 684
703 498
119 496
983 960
284 994
737 694
186 185
86 9
721 47
475 140
438 224
318 267
779 547
36 73
924 775
153 978
893 343
375 87
959 293
738 861
574 195
972 151
400 136
586 982
444 131
870 450
669 763
636 979
107 30
231 35
560 727
190 947
625 544
315 5
331 775
440 708
984 885
729 316
600 490
588 117
702 798
175 593
666 638
215 118
74 376
809 777
973 229
972 142
638 729
485 223
125 131
399 393
293 947
691 709
444 746
14 494
293 773
115 58
807 639
202 408
824 916
317 244
211 938
188 331
284 139
742 372
824 306
477 742
101 848
369 198
90 525
4 3
235 731
898 955
652 880
189 444
101 651
772 146
902 797
276 439
137 702
518 68
195 458
39 354
754 738
916 805
491 292
549 877
425 492
91 30
47 679
848 733
302 806
664 817
347 983
288 605
600 492
690 743
494 41
794 676
93 937
154 605
707 487
727 421
490 322
22 34
663 321
385 838
478 891
878 651
889 840
218 438
24 307
627 468
560 218
275 946
565 375
22 25
137 534
797 783
936 726
776 430
947 25
438 562
304 774
843 805
884 341
477 233
201 18
11 254
302 40
924 345
388 839
446 174
433 450
248 922
533 73
218 565
543 286
307 412
462 612
323 970
941 17
284 981
513 230
587 564
502 285
999 335
783 481
390 571
44 30
651 88
830 466
270 536
775 795
724 484
49 389
184 766
492 759
713 408
40 401
623 164
942 638
391 214
933 995
195 576
789 239
218 637
558 60
675 683
461 901
779 844
985 645
322 156
469 776
313 106
53 96
512 90
429 716
744 639
827 753
554 481
286 965
18 681
544 262
108 249
701 349
760 437
67 557
544 520
963 6
110 194
153 871
383 962
784 480
357 914
352 48
99 425
69 512
947 378
498 317
586 74
42 190
311 291
333 479
344 169
899 813
900 772
185 444
769 318
861 885
119 91
802 367
857 563
623 87
814 428
134 835
341 482
795 437
976 939
975 403
784 841
248 836
774 126
488 526
340 369
141 598
938 854
145 718
538 812
217 470
403 978
413 305
197 357
728 914
494 472
728 264
311 414
158 749
812 985
439 475
708 851
903 13
680 789
644 351
61 842
190 508
183 785
294 741
306 554
957 982
191 732
643 151
949 315
126 54
615 805
412 704
779 325
541 438
174 727
136 651
976 552
296 148
595 504
46 752
750 433
778 402
614 491
578 152
599 911
696 813
310 653
589 455
755 476
417 256
255 565
952 594
859 133
868 37
255 666
837 932
897 402
856 993
165 116
401 106
668 926
193 814
104 949
654 598
723 463
290 186
720 78
130 481
894 104
193 494
937 473
387 804
587 147
964 223
837 649
40 392
992 365
483 804
845 990
65 593
392 165
87 305
432 720
714 84
62 642
117 507
437 455
801 42
395 81
140 127
406 89
472 564
41 499
272 847
863 680
128 195
424 910
194 487
343 589
952 152
49 696
492 885
419 279
86 172
891 786
929 40
392 667
628 956
349 277
252 785
168 354
267 297
624 737
875 303
449 99
610 169
719 49
732 558
795 67
299 607
999 797
546 724
757 434
403 787
270 535
935 581
7 305
964 244
494 118
870 240
542 368
293 835
926 993
808 943
530 760
547 111
743 21
343 253
392 45
77 90
121 693
304 533
151 671
837 161
461 137
385 374
91 630
127 629
114 264
101 360
675 53
849 412
920 909
365 19
537 431
984 30
454 635
219 40
339 554
541 769
67 162
838 180
188 232
172 790
73 812
767 660
679 778
296 907
726 674
297 152
288 406
836 628
291 546
84 531
317 12
969 750
98 0
329 246
801 513
559 469
23 577
436 603
831 672
257 325
459 651
905 425
176 32
991 484
520 788
568 356
205 748
821 57
756 201
307 98
323 131
33 541
828 591
849 808
57 761
15 632
562 15
369 84
368 670
991 529
459 493
701 782
603 999
272 27
25 944
454 624
145 247
744 559
101 414
133 145
992 305
388 560
245 204
385 338
597 100
319 723
789 47
750 178
144 850
31 748
258 811
304 479
191 561
2 274
623 762
148 333
487 560
176 753
200 420
434 552
370 484
445 462
348 503
547 903
873 278
92 229
920 960
614 827
674 132
254 861
573 377
967 823
845 195
840 372
889 793
933 186
162 415
153 922
21 364
215 989
32 970
544 723
77 976
643 373
656 233
282 246
209 322
208 383
564 685
972 534
755 534
353 722
442 80
855 677
575 785
716 17
109 527
525 28
855 480
771 151
742 398
769 399
735 608
250 114
919 461
8 619
836 278
803 253
981 116
265 868
63 343
234 424
220 27
702 218
658 956
212 775
108 742
600 774
245 291
61 753
612 744
952 394
581 455
324 523
437 947
272 943
614 273
144 563
259 578
568 589
24 94
616 344
529 208
262 520
937 75
129 764
454 666
749 661
271 594
86 333
150 707
188 39
524 7
320 596
203 780
309 737
562 73
35 157
511 687
80 801
698 77
705 121
66 277
959 639
264 894
277 232
535 122
226 917
398 289
998 515
646 704
48 806
662 720
49 148
982 572
226 609
921 933
707 760
688 386
325 239
465 868
201 185
114 457
482 716
589 186
73 219
711 913
127 329
488 247
748 244
40 791
426 583
230 584
514 716
18 880
236 177
46 752
51 537
381 81
265 687
627 380
57 313
496 870
862 682
319 604
959 68
362 871
956 716
678 505
301 689
478 400
639 647
995 730
36 812
341 806
684 255
45 774
92 538
710 799
729 426
71 64
608 423
190 517
303 296
80 858
359 315
343 978
490 137
399 20
396 53
938 467
541 27
964 537
298 727
204 609
759 872
887 858
72 280
456 156
772 591
485 693
470 932
456 578
341 864
68 526
462 47
867 739
149 194
875 150
916 426
199 18
725 935
596 944
201 991
912 447
33 461
917 975
93 595
468 992
15 438
506 25
16 314
516 555
641 480
439 843
585 540
361 406
681 819
531 488
395 533
620 933
440 520
220 705
482 353
671 969
448 595
950 896
6 521
302 823
287 753
671 568
631 227
637 620
811 625
950 484
514 583
827 108
284 855
219 770
686 14
394 907
817 478
557 983
16 870
773 514
816 36
367 450
805 984
897 858
824 264
57 638
487 85
177 70
506 683
819 804
188 130
41 157
222 903
50 222
763 50
827 833
699 210
648 45
62 238
747 275
951 675
335 383
478 152
132 393
643 315
535 281
759 192
897 394
566 983
176 255
263 55
898 872
639 893
664 922
11 49
885 644
233 741
887 63
12 418
141 200
776 869
896 81
442 558
160 479
125 238
653 740
384 21
481 694
378 10
295 86
917 661
490 236
551 959
792 541
437 461
368 510
738 318
573 866
59 716
904 660
906 99
965 417
950 593
120 966
763 727
823 778
133 484
298 608
794 790
301 152
116 404
625 709
189 73
397 795
994 427
756 544
61 64
17 753
13 390
506 590
346 944
826 541
739 405
485 615
12 510
46 806
966 530
411 243
61 274
669 532
105 769
453 377
321 112
368 462
624 237
228 967
821 200
423 156
113 79
740 842
466 818
902 432
74 457
745 654
19 580
820 525
519 325
871 644
943 370
425 510
55 998
787 923
877 721
717 640
130 477
750 37
302 461
754 295
840 182
766 737
199 881
13 56
398 213
216 185
563 567
999 690
941 493
129 98
686 740
11 818
519 430
348 684
907 606
208 562
648 440
568 697
726 933
91 522
13 642
420 412
203 39
841 819
127 308
331 795
308 958
336 755
384 445
921 998
984 732
452 448
175 945
121 552
669 926
955 686
665 617
796 422
966 410
306 187
86 934
657 497
374 139
0 893
575 140
662 956
720 864
370 261
278 373
252 935
724 764
624 945
29 319
668 92
545 515
318 973
58 120
142 488
2 999
293 521
429 150
933 962
481 0
96 945
925 395
966 364
645 744
815 517
474 522
185 12
493 661
246 241
175 937
926 527
858 307
115 881
21 601
992 552
285 77
562 826
396 985
595 976
776 576
962 956
633 775
361 585
863 97
697 970
45 177
99 284
324 980
621 386
425 359
796 91
812 383
206 639
801 277
895 450
323 431
604 219
396 906
221 982
702 975
630 267
909 72
838 514
953 701
454 981
824 96
548 80
74 592
881 279
244 858
365 769
437 378
23 876
522 335
527 133
256 414
372 479
678 854
226 310
335 991
443 41
169 390
24 421
385 210
373 446
499 200
916 245
724 752
606 418
828 217
25 756
997 710
702 711
181 706
366 356
695 953
120 522
931 877
553 843
302 34
833 857
843 891
713 632
308 211
701 3
753 78
782 684
574 546
98 744
167 730
11 584
827 803
44 931
280 418
14 366
306 882
790 479
842 871
188 486
587 97
189 614
907 465
27 745
758 966
865 979
632 25
606 163
836 0
991 665
432 402
243 871
933 612
598 866
191 298
447 352
889 400
475 62
756 670
27 347
118 427
924 655
600 331
33 689
154 111
852 978
638 432
586 912
527 330
223 532
77 794
201 836
411 164
908 909
468 805
79 51
667 791
549 511
121 777
929 266
452 539
379 288
37 350
738 362
552 201
827 997
25 996
366 489
646 519
311 421
520 75
185 98
453 630
206 303
526 273
571 53
642 205
984 290
162 876
725 488
919 239
666 58
192 12
624 150
272 499
667 930
405 216
614 606
842 90
186 723
2 986
29 641
351 32
207 966
140 286
83 604
37 399
859 120
251 290
980 539
467 3
97 753
155 863
331 34
681 664
453 302
702 822
764 637
620 178
496 142
517 352
494 879
202 544
377 594
295 477
615 596
110 903
244 320
567 918
32 168
440 819
544 84
248 427
802 654
304 444
301 172
598 709
835 27
875 501
482 11
653 206
300 740
389 359
590 674
420 830
260 298
803 612
517 389
381 257
559 315
726 245
552 431
204 259
695 154
733 917
251 229
447 649
691 2
206 508
150 352
508 103
436 329
350 661
840 98
528 747
367 905
944 108
607 977
501 359
893 415
11 358
33 644
961 390
880 236
962 339
591 380
895 976
337 679
500 399
433 522
656 566
44 703
208 358
204 503
426 887
157 267
329 155
905 18
160 843
716 486
1000 856
502 668
872 757
108 171
245 427
6 369
849 259
190 869
134 641
769 617
506 786
564 113
729 882
626 977
554 883
761 239
165 989
940 626
57 708
230 897
679 88
495 777
170 753
658 943
278 713
880 462
380 304
827 300
317 193
637 430
497 872
847 26
328 893
683 475
513 904
638 269
283 857
108 559
281 102
973 927
865 554
737 897
122 677
669 547
786 729
371 821
444 963
974 498
327 411
197 530
326 639
408 205
704 894
372 147
768 88
380 781
540 442
63 187
581 380
118 651
948 679
493 533
487 70
354 656
101 188
479 36
453 586
214 848
880 264
265 376
464 655
310 627
756 160
940 255
981 440
562 461
646 852
640 389
568 964
506 112
960 222
805 891
885 654
998 233
582 708
546 777
899 57
692 845
516 95
926 624
48 959
825 895
910 930
928 948
613 554
34 760
368 913
56 58
169 618
124 584
525 94
975 882
411 505
84 817
222 780
371 895
214 281
263 995
619 644
396 72
101 275
747 513
947 447
261 221
165 266
982 506
350 37
66 708
974 381
436 82
597 626
985 754
229 627
222 486
916 487
987 948
857 467
805 73
888 180
249 200
136 387
417 90
774 285
999 389
458 92
733 357
70 201
425 13
512 553
339 691
899 911
368 665
74 993
704 213
946 233
888 329
925 201
128 440
65 55
537 443
667 111
978 528
139 442
561 453
969 231
918 731
102 759
850 851
373 979
19 397
709 17
423 943
415 535
208 399
687 55
677 31
817 908
435 435
17 808
294 836
92 498
636 428
236 745
769 261
755 169
462 674
623 662
485 488
750 639
476 109
6 125
776 344
803 859
452 118
968 609
214 214
361 324
942 465
164 961
795 6
248 270
219 413
294 370
546 22
141 561
903 944
346 742
695 781
899 530
875 792
830 142
855 893
331 156
876 283
274 18
259 48
739 156
850 925
105 541
763 109
290 832
242 526
147 758
236 419
607 484
366 899
833 929
900 187
506 704
940 609
384 582
140 229
496 247
221 815
287 599
624 451
442 672
275 882
642 374
894 537
540 436
383 27
139 51
319 285
683 528
755 521
417 775
504 210
640 286
46 749
495 518
552 592
367 876
239 670
194 346
331 266
171 145
82 680
670 501
746 259
120 520
886 643
111 53
802 488
959 262
462 169
838 797
866 964
400 403
134 240
85 802
852 462
275 944
885 629
368 50
158 972
687 962
825 233
475 444
235 40
100 331
707 540
396 203
600 690
325 851
500 926
657 25
300 189
920 398
952 937
501 226
687 151
400 711
690 177
244 848
654 206
46 654
983 676
364 640
408 997
921 894
26 857
32 667
523 263
472 583
988 122
914 713
168 653
640 347
765 805
468 461
299 728
278 419
696 895
198 597
341 90
536 683
770 945
317 80
228 413
156 178
40 80
30 566
944 312
475 923
390 462
534 431
563 447
218 874
931 419
743 183
585 607
28 7
717 313
926 876
412 156
374 365
862 451
230 78
411 460
297 864
245 907
801 972
296 460
420 152
698 821
202 410
316 47
656 567
252 445
597 731
157 259
824 87
546 548
787 501
36 615
766 178
915 700
958 717
165 33
255 411
145 722
377 190
906 550
329 428
160 120
978 279
347 472
846 783
754 902
516 138
214 227
540 915
117 533
736 555
282 301
593 404
349 331
731 512
404 608
629 892
535 47
505 207
356 459
287 189
988 549
776 124
798 814
687 434
892 89
536 627
598 661
69 880
956 554
421 70
385 755
31 745
282 647
241 328
154 431
886 374
527 420
181 955
211 911
29 259
185 849
409 336
257 841
713 374
953 478
504 226
623 958
567 896
881 553
691 823
422 328
104 134
87 512
739 169
197 463
291 352
420 371
523 236
137 374
788 860
818 87
418 270
318 632
601 221
568 695
717 91
233 717
160 383
540 705
785 145
208 743
519 583
369 420
816 420
433 155
779 541
164 784
812 289
41 280
583 767
4 262
431 263
879 292
163 511
595 740
99 508
819 239
706 371
127 488
856 320
2 108
88 832
676 652
345 0
362 977
992 190
212 155
727 501
901 355
264 871
878 160
665 344
353 237
522 804
783 203
423 806
18 118
344 971
561 428
452 805
822 775
356 265
291 987
173 22
511 918
877 274
650 872
541 100
724 637
642 745
811 875
655 15
104 537
789 253
294 149
267 505
351 602
205 303
643 720
312 585
612 317
439 51
772 270
512 726
341 52
815 754
50 615
476 571
222 628
566 380
930 21
382 229
617 27
27 773
524 360
697 532
384 372
778 238
967 442
242 859
870 702
293 785
670 92
517 379
866 147
665 439
532 815
432 867
936 546
700 194
426 567
192 616
587 197
102 826
42 623
9 223
940 187
540 682
745 435
714 305
525 195
109 889
927 852
929 888
793 999
716 754
453 916
192 34
726 4
57 924
915 798
187 789
781 710
982 182
844 254
949 639
405 504
179 30
138 621
210 754
851 945
171 528
314 462
231 824
875 304
56 589
599 573
170 75
323 376
450 527
973 753
182 404
427 293
766 202
59 127
17 45
568 105
178 510
1 698
310 699
847 921
519 422
733 122
656 14
852 697
810 403
0 914
595 313
43 804
158 597
542 128
392 576
683 883
169 100
833 17
727 198
947 72
935 674
818 665
52 141
948 594
920 780
765 49
208 887
833 647
737 571
480 387
397 505
327 142
988 960
280 38
635 627
396 116
530 619
480 792
344 511
831 977
845 465
372 364
726 683
689 749
191 908
217 546
671 177
253 873
158 785
688 312
969 414
863 160
328 119
659 783
75 454
532 910
216 497
211 20
1000 241
782 212
910 334
725 270
110 987
883 450
463 239
12 617
430 290
432 240
338 761
886 427
585 759
630 38
226 106
704 669
190 708
983 180
307 79
909 174
92 692
28 735
721 550
366 73
509 20
742 430
342 311
416 460
246 334
119 909
253 663
60 169
441 586
147 651
319 132
326 633
345 827
501 634
996 268
451 111
389 85
218 176
83 747
657 35
193 326
35 817
264 581
837 394
435 438
35 489
504 493
367 295
961 27
116 493
213 815
776 62
90 243
331 865
746 121
324 372
712 230
853 103
861 778
770 305
837 813
557 348
54 553
762 131
238 263
394 491
729 968
380 490
554 7
168 225
829 482
782 723
369 563
498 440
887 261
461 521
819 58
373 556
693 272
643 246
594 239
284 875
894 639
761 301
259 803
809 86
404 291
256 192
422 322
66 59
371 590
407 620
833 927
471 983
967 764
767 31
851 697
227 144
599 39
929 726
867 255
19 496
509 785
951 247
263 192
965 790
764 542
174 49
417 36
976 828
284 143
840 889
401 487
157 654
747 675
124 402
950 237
588 45
581 990
80 695
379 179
579 533
427 261
532 937
789 12
656 618
582 632
223 772
821 79
479 835
672 216
327 63
0 450
713 115
529 68
620 730
705 371
496 416
119 736
731 244
970 322
567 838
70 597
981 739
970 231
398 278
175 886
770 719
82 838
461 517
266 234
476 809
134 842
782 299
477 186
859 572
420 450
681 234
75 622
515 293
656 11
990 319
958 887
513 322
714 133
915 541
770 486
822 402
764 606
727 235
883 490
139 347
838 328
846 940
38 862
446 957
66 952
241 223
829 213
388 551
178 252
174 134
910 344
265 453
714 657
149 9
411 159
135 549
365 946
614 389
495 987
177 507
707 397
123 60
562 8
603 89
856 287
960 667
229 215
779 359
25 42
718 77
218 281
986 191
101 344
253 283
485 634
347 941
120 98
6 584
324 93
414 656
423 2
726 915
61 1
848 467
686 392
192 13
510 32
292 85
105 735
256 326
988 662
244 956
663 409
666 48
282 911
129 509
100 105
336 217
70 416
377 785
192 395
584 805
31 991
736 51
759 284
595 86
539 723
704 780
426 951
627 810
54 808
467 414
495 644
348 885
799 35
44 533
247 89
574 306
599 538
65 834
237 142
805 895
157 513
932 560
234 88
212 563
399 2
622 139
150 424
594 287
700 927
305 933
76 861
246 261
299 450
535 138
876 602
965 479
735 660
231 845
970 148
713 297
111 874
55 322
652 759
407 272
947 271
1 597
893 349
532 745
655 329
949 920
954 1000
685 30
282 305
297 855
935 332
516 151
921 320
460 308
703 925
793 70
240 506
395 296
159 585
827 248
913 734
197 704
480 823
876 137
411 540
543 511
711 455
821 511
144 945
937 725
968 651
474 383
708 764
61 720
319 661
348 18
656 473
823 889
369 990
65 621
393 535
656 492
462 416
232 668
342 891
719 210
616 403
197 38
308 177
107 320
459 967
831 315
420 515
919 763
941 770
832 122
680 163
700 897
134 532
620 981
1 487
452 665
789 484
768 285
665 271
24 373
137 533
661 159
652 91
622 404
983 941
239 73
243 543
671 605
656 980
269 561
740 232
462 244
990 77
595 616
326 29
27 290
899 378
897 72
481 983
904 272
464 39
12 248
842 790
153 810
594 612
488 53
690 991
495 458
717 580
967 461
264 593
822 219
438 727
391 770
983 328
570 986
839 743
690 697
998 299
906 864
517 820
20 952
980 815
695 166
526 22
166 675
161 294
699 712
394 233
260 474
973 639
164 361
828 875
152 982
420 925
13 688
987 846
355 71
564 919
339 149
161 41
582 484
265 52
690 233
424 857
380 752
621 785
678 222
450 739
496 407
678 820
164 633
393 817
313 186
340 998
999 868
187 836
978 199
881 45
72 856
326 619
565 358
238 601
333 348
725 267
211 700
359 831
561 366
612 20
301 925
384 435
82 749
804 842
327 7
909 844
704 171
873 79
591 184
360 378
491 513
378 679
114 795
775 931
139 634
646 656
960 467
52 674
420 819
619 466
542 238
203 759
235 144
224 907
926 395
174 726
429 808
616 174
614 244
506 57
907 757
852 777
65 30
851 735
957 906
921 796
131 359
74 668
190 438
980 72
692 928
82 793
946 734
677 793
798 896
776 25
426 675
14 867
733 234
883 256
999 433
126 578
221 377
416 5
115 374
68 113
346 712
823 276
126 296
44 47
865 894
879 214
952 995
223 863
900 411
271 270
646 671
485 52
1 496
812 171
317 75
39 30
283 211
374 367
859 476
578 249
232 556
273 999
555 615
192 666
364 598
925 390
55 63
209 303
445 7
709 593
219 792
669 784
222 679
521 117
997 782
437 768
712 338
129 246
89 225
5 534
437 574
939 763
92 599
590 65
156 140
70 631
865 881
551 402
245 825
57 93
793 459
285 246
869 12
557 506
644 348
653 118
459 599
637 227
361 419
605 52
706 805
85 324
257 821
672 329
143 477
483 620
112 7
652 797
677 86
762 45
92 659
952 221
839 824
336 236
852 825
463 165
512 807
664 356
707 414
325 853
208 363
366 512
670 206
507 179
696 361
652 938
208 645
399 761
415 170
495 291
132 916
914 312
408 306
619 501
119 271
351 769
411 294
39 887
326 783
906 30
733 99
437 952
306 91
988 545
430 796
911 802
786 16
742 112
726 544
634 385
187 960
841 177
138 415
686 115
367 228
561 781
875 584
33 627
295 499
326 623
925 781
25 240
326 352
292 140
206 48
524 975
501 740
734 613
578 879
946 782
184 864
53 45
300 556
812 142
848 5
549 604
956 817
100 736
515 154
805 33
994 585
235 135
741 289
249 932
686 199
678 433
882 870
834 66
46 447
257 648
38 422
939 912
180 164
151 153
195 896
585 662
699 410
996 754
618 9
313 614
601 220
296 339
812 907
718 289
377 877
646 203
633 925
353 278
133 776
73 161
906 545
610 146
646 685
905 491
514 900
798 206
740 715
707 336
418 660
583 127
167 364
524 130
123 627
832 397
304 754
681 785
10 279
14 596
721 464
875 936
624 585
24 482
956 993
13 979
418 672
828 155
668 141
520 151
307 729
828 733
431 615
821 495
871 376
363 551
217 922
810 143
626 53
92 803
496 477
778 517
502 961
737 428
706 149
491 96
326 678
216 432
682 76
554 86
957 689
441 662
512 920
896 323
617 900
452 319
152 17
913 278
608 811
753 516
630 796
344 696
805 20
646 452
540 383
181 514
567 502
259 227
17 680
783 233
684 32
988 159
714 826
417 953
392 151
527 871
217 364
168 370
240 373
140 601
453 495
313 832
361 904
337 203
442 901
961 513
767 319
130 352
203 354
785 949
57 972
830 34
795 759
34 521
561 315
4 907
627 35
225 781
574 607
785 452
163 514
14 218
424 206
528 708
957 604
68 181
433 793
255 221
196 533
568 863
70 602
926 340
859 524
388 195
670 399
679 27
121 199
601 947
280 872
268 469
632 286
117 566
845 563
941 951
915 208
613 990
804 835
556 359
999 283
395 562
15 971
412 853
999 144
306 341
839 630
753 838
300 99
38 164
526 847
240 715
234 916
592 678
827 869
599 533
958 32
121 15
662 812
408 725
120 575
905 249
89 748
916 806
63 327
538 454
966 986
445 282
224 254
239 839
762 34
296 120
870 980
728 801
224 599
474 947
932 604
660 411
249 626
522 482
749 591
352 105
110 615
356 361
387 48
819 391
77 161
157 249
224 780
623 669
564 88
169 237
17 702
67 340
795 58
408 159
901 36
412 378
810 365
314 921
577 812
869 482
0 412
1 723
584 928
931 965
667 50
164 52
206 813
589 60
378 105
909 774
858 49
868 64
619 812
452 661
807 555
763 229
591 611
574 168
379 468
268 274
501 94
931 176
11 399
976 863
102 143
433 172
211 424
556 15
101 584
597 417
512 94
906 146
44 781
859 228
318 392
4 153
552 663
558 199
801 874
98 906
518 471
536 213
906 437
584 753
784 20
672 204
776 389
913 502
665 527
414 814
870 973
598 504
210 85
504 576
854 29
667 537
479 88
248 794
38 220
52 188
507 731
293 777
426 466
998 972
90 548
738 414
701 587
811 453
444 516
496 999
232 756
762 71
306 199
937 248
880 411
732 957
144 283
424 928
170 494
669 873
415 646
934 988
452 790
193 100
257 480
23 737
840 244
388 891
794 564
853 458
163 375
396 425
123 832
827 806
721 477
509 276
761 648
391 460
517 26
933 470
669 547
967 435
676 576
946 958
885 85
976 575
836 181
469 774
187 853
239 56
145 95
572 62
80 581
270 118
15 602
415 289
684 547
639 88
643 791
870 513
850 301
486 366
599 379
546 664
98 414
186 230
414 97
903 512
519 717
916 434
417 738
566 746
281 620
135 676
968 139
894 382
524 624
240 985
653 253
637 419
494 965
547 851
606 398
664 48
188 155
136 78
755 350
433 127
751 383
70 299
540 185
271 748
343 325
671 309
770 49
525 537
150 446
631 502
57 701
577 303
704 357
744 87
996 362
500 967
682 911
814 256
185 707
571 370
214 700
272 994
835 75
168 838
518 864
805 669
512 896
859 604
951 362
210 939
355 171
677 721
304 611
340 223
465 263
397 123
357 192
763 55
992 807
739 600
826 626
83 836
861 58
935 735
828 758
804 660
835 164
551 611
364 108
16 769
826 707
338 295
662 56
26 864
775 33
946 504
834 769
646 344
407 621
838 449
846 289
845 597
817 802
202 589
695 528
989 884
669 304
862 473
677 795
333 551
794 310
868 2
864 36
803 383
548 988
653 762
140 795
954 152
338 27
286 174
361 604
486 682
445 178
618 347
493 65
316 933
97 828
887 191
191 871
28 690
975 592
499 737
440 424
578 850
868 568
655 56
833 549
271 63
825 316
541 965
389 280
830 51
916 698
25 88
810 418
301 64
311 787
723 102
284 457
545 144
681 619
967 871
744 585
400 712
465 273
108 593
699 260
838 457
561 607
255 957
160 386
295 923
616 542
535 152
230 198
332 984
184 919
626 315
134 567
385 179
760 456
11 135
153 736
353 453
269 136
358 191
440 164
462 519
958 322
134 683
945 840
938 887
85 323
326 645
718 100
322 32
812 470
60 851
291 299
373 666
496 64
937 689
810 816
815 581
512 956
336 201
600 978
457 307
97 237
531 838
698 89
324 938
39 331
687 621
557 104
209 520
272 155
238 577
737 621
619 463
919 525
22 817
200 215
795 558
570 380
939 590
666 553
506 940
700 140
401 130
759 604
917 673
230 754
471 223
463 846
924 464
253 981
704 698
565 323
906 283
813 39
238 103
817 225
765 773
32 980
497 302
902 556
281 7
857 451
295 407
347 510
737 183
714 234
762 569
456 623
447 765
797 59
88 710
382 57
98 159
795 499
586 700
202 611
738 610
973 732
639 115
373 650
91 903
88 36
776 591
249 259
530 618
224 978
902 160
749 331
713 308
430 6
750 554
684 243
378 271
444 896
881 288
822 891
335 922
331 263
565 717
52 340
119 49
911 176
82 886
37 95
359 381
61 937
37 855
92 942
514 361
150 238
992 510
980 654
744 851
768 271
853 162
391 329
468 346
881 784
835 186
642 363
651 37
601 647
524 433
834 329
360 110
488 497
479 698
675 535
368 986
121 548
590 415
582 437
154 239
78 247
402 178
91 399
387 463
465 961
588 798
870 464
859 883
882 92
837 677
180 884
646 168
884 515
3 120
336 999
997 650
105 438
997 546
264 408
352 122
849 98
428 919
333 665
601 777
814 939
943 460
731 431
539 625
646 723
301 663
711 797
476 59
841 748
834 163
812 706
131 939
238 31
245 925
905 788
177 696
866 475
764 103
677 671
877 880
300 98
682 926
116 107
754 947
865 769
628 207
200 158
676 398
28 160
743 588
155 177
595 17
75 263
594 8
447 822
193 294
579 295
561 783
396 80
749 26
469 888
377 791
584 242
981 184
847 189
697 839
132 228
516 573
860 462
502 818
628 513
618 209
940 867
288 291
618 2
34 818
589 907
744 419
409 363
426 65
563 101
628 588
145 119
129 735
874 491
359 212
779 364
923 966
430 342
194 130
443 292
708 420
886 716
879 815
435 467
439 359
302 505
628 28
969 202
72 543
187 762
304 6
694 207
331 914
612 303
50 852
24 184
140 585
767 235
65 512
868 63
677 784
457 609
304 598
780 148
178 433
991 834
286 847
779 119
707 271
529 140
422 6
755 291
585 661
261 892
544 54
967 375
501 264
627 695
683 780
505 598
440 519
593 574
275 346
327 369
788 893
792 838
696 953
355 812
122 919
42 508
159 514
208 516
107 961
457 514
178 127
675 914
647 527
880 931
548 3
821 432
767 137
670 32
919 160
338 428
201 738
21 949
404 756
221 530
682 387
590 20
383 41
964 271
430 462
924 571
240 167
805 923
109 669
516 988
696 933
93 957
63 578
237 226
87 109
735 993
619 829
105 118
711 868
643 235
263 884
134 758
843 861
831 788
820 228
507 397
871 310
270 844
608 633
354 555
546 540
284 807
374 684
771 364
416 2
262 712
766 201
762 11
183 320
803 774
959 43
865 707
795 990
919 297
708 738
673 335
597 16
462 883
51 910
546 869
929 752
243 834
892 207
606 494
634 476
181 60
935 606
821 707
602 228
634 68
379 584
32 667
26 7
236 877
906 951
232 378
361 925
667 789
799 372
219 605
442 630
40 888
535 130
772 273
456 682
422 819
650 161
994 195
473 105
267 83
276 71
51 190
846 777
993 341
553 915
604 993
5 375
752 478
647 969
296 716
845 975
339 999
805 63
540 885
3 648
846 574
352 92
300 164
259 32
91 792
988 208
206 716
292 404
840 926
300 47
812 320
720 440
340 187
775 767
662 276
431 669
398 770
993 32
542 457
157 592
285 190
342 790
436 118
279 673
84 816
107 318
206 409
198 596
568 195
67 670
996 559
987 928
307 719
938 825
247 258
901 563
397 957
160 318
350 690
35 849
652 604
407 576
774 633
331 742
974 33
807 617
923 431
613 793
108 956
123 34
661 205
56 326
205 845
705 876
392 349
787 979
958 866
562 153
961 203
141 667
909 216
436 592
646 488
516 876
895 193
674 370
896 929
736 693
447 379
904 107
236 308
257 853
240 950
130 184
894 162
386 393
175 568
70 614
220 735
902 851
988 478
18 102
487 312
10 552
196 338
266 735
199 46
761 756
634 356
685 244
209 551
437 92
822 748
68 503
513 590
404 687
38 345
66 335
568 753
202 726
861 633
464 424
427 298
30 750
400 176
31 41
304 818
103 417
688 722
876 587
56 664
685 911
47 366
73 134
326 85
289 971
98 397
685 451
58 142
437 897
533 956
483 949
554 719
970 902
246 912
680 956
887 241
190 579
52 998
813 976
869 212
550 930
534 619
408 740
324 441
171 611
568 376
952 863
693 890
294 30
838 118
617 359
368 177
247 499
209 834
821 16
864 668
49 359
237 460
604 834
544 201
813 802
870 153
546 115
362 467
440 674
217 413
224 893
991 211
793 223
102 831
507 622
450 193
185 808
358 915
255 609
263 7
439 324
323 999
700 132
738 734
651 395
817 748
315 999
80 285
631 546
561 222
952 728
182 560
956 833
629 6
223 170
926 84
52 700
219 542
987 483
237 191
746 203
737 768
194 527
860 472
274 867
136 467
481 873
213 101
182 614
87 658
916 373
652 458
264 651
295 272
250 867
965 155
20 13
133 253
4 573
959 388
317 693
555 939
848 265
638 581
986 640
928 218
164 312
252 878
758 690
542 437
194 413
528 363
884 536
438 967
17 548
8 297
32 54
326 443
752 303
974 223
642 309
275 828
741 184
409 52
839 679
43 367
246 314
373 835
620 794
74 98
892 828
839 662
678 18
730 937
796 102
220 137
817 117
671 403
195 136
899 454
679 870
627 839
609 975
174 572
655 822
416 388
512 394
558 579
681 488
937 546
589 703
165 447
419 579
933 468
506 79
734 30
119 536
646 228
98 170
307 237
864 35
952 132
992 927
571 970
430 908
660 837
386 670
319 444
420 519
39 476
275 495
955 383
332 836
276 873
423 30
82 47
488 18
635 140
105 997
54 397
747 551
31 674
448 714
700 786
365 534
458 633
13 966
756 426
123 678
986 202
827 464
910 276
305 99
264 927
308 519
57 334
302 724
415 153
336 971
573 820
449 174
286 11
993 105
58 507
704 440
300 794
548 445
351 819
777 956
906 986
602 332
652 944
514 846
566 934
664 811
56 3
830 289
71 617
984 609
627 261
657 31
769 963
966 569
530 517
136 90
173 844
28 894
819 628
505 971
317 587
440 150
765 382
171 584
141 629
585 576
458 495
48 299
125 327
444 714
695 734
509 271
803 530
45 560
864 432
441 271
615 261
411 269
21 298
648 611
496 955
964 461
17 450
537 711
704 705
41 163
94 518
940 559
157 418
34 91
715 87
311 19
489 388
764 490
117 75
558 951
777 194
24 359
454 203
109 5
412 815
381 229
78 145
234 904
320 858
60 527
436 843
874 52
145 891
824 843
185 983
307 983
395 465
939 317
263 247
678 994
239 945
734 700
444 534
440 162
872 216
890 563
616 125
798 846
99 876
607 96
59 414
485 785
112 923
978 946
952 838
276 435
859 712
741 917
830 758
875 272
339 152
444 100
969 773
310 731
894 852
416 922
108 245
667 250
821 166
690 574
796 462
808 984
957 913
210 305
819 201
859 183
348 597
291 391
931 550
804 590
700 862
837 202
892 796
452 450
513 760
121 609
748 703
388 908
726 265
122 287
323 741
244 6
824 36
121 335
789 838
818 22
7 597
994 62
910 448
435 934
924 665
420 51
82 73
0 757
765 282
420 436
972 713
603 667
523 297
271 621
705 936
965 505
797 187
435 839
103 591
453 698
591 529
300 221
550 51
22 610
603 601
139 194
800 234
472 145
672 195
525 109
362 440
385 225
329 969
818 122
635 356
657 919
531 359
760 188
286 347
236 184
128 509
258 624
791 59
449 964
247 893
566 467
293 54
788 997
106 1000
337 292
315 926
96 417
927 495
494 976
589 226
855 15
637 626
678 540
222 155
483 284
911 408
780 896
608 606
575 832
448 1000
35 458
383 372
463 728
228 368
215 897
819 272
631 454
19 57
979 716
357 105
427 24
778 945
585 453
321 182
110 590
200 390
673 245
883 782
584 318
795 417
706 348
409 774
487 383
207 891
418 45
136 540
712 491
905 570
413 981
118 67
442 5
685 23
108 277
17 734
304 868
349 784
588 728
282 502
642 810
85 506
614 415
261 158
200 164
357 705
552 991
860 792
987 684
554 58
59 603
447 708
371 491
731 998
305 285
576 913
458 432
233 117
441 442
637 605
768 586
617 83
330 231
900 258
536 58
453 344
580 425
365 564
619 925
696 903
774 891
58 163
717 619
776 691
267 419
231 60
266 629
874 101
216 738
589 625
136 991
179 857
151 320
362 486
333 428
728 132
798 539
907 941
211 258
405 181
60 746
115 73
768 827
199 723
785 291
295 107
440 268
405 431
513 301
115 982
141 276
944 433
234 467
847 497
522 417
100 667
717 340
508 516
31 167
922 203
11 288
124 825
356 672
27 54
347 874
42 79
234 144
50 758
689 136
862 875
27 196
813 110
301 830
226 829
65 406
991 510
856 79
359 410
813 334
520 942
18 181
226 97
204 715
207 815
149 401
685 900
14 190
457 531
310 835
67 496
748 161
139 348
511 190
528 441
509 566
691 285
127 642
288 555
219 561
629 970
345 350
447 938
797 148
675 343
605 358
323 906
137 291
562 261
267 667
96 330
811 920
726 326
108 582
114 500
338 571
14 32
101 160
966 355
277 660
314 355
246 47
758 498
60 574
9 981
376 392
921 432
686 999
741 136
549 919
264 652
260 492
165 631
960 117
599 477
560 165
591 880
72 97
989 453
631 205
402 26
20 706
572 164
929 857
246 906
367 116
104 848
176 37
49 731
272 77
992 452
638 36
433 283
841 613
781 512
734 501
518 986
825 425
886 830
428 953
67 709
290 328
625 330
464 861
486 768
435 850
242 233
776 38
919 96
532 428
489 808
963 12
81 226
69 628
424 827
771 42
786 504
57 482
654 529
499 128
938 260
257 324
247 621
569 759
66 784
717 820
419 782
159 266
115 720
981 148
279 406
263 268
81 943
195 566
375 669
902 925
773 451
591 138
542 781
13 384
666 295
626 748
238 113
597 466
837 155
631 461
239 760
526 687
31 601
559 446
296 290
950 118
508 829
921 188
750 221
203 283
929 779
600 314
922 721
806 720
421 565
746 149
176 781
328 412
401 135
87 827
59 577
261 578
617 820
642 593
921 911
21 343
233 30
345 506
488 743
404 368
953 968
768 226
83 934
840 922
205 678
246 631
728 496
256 97
233 479
673 485
268 2
327 561
909 122
333 862
580 602
786 731
812 615
290 622
639 800
691 385
985 450
337 699
0 10
753 381
724 800
110 110
290 277
288 750
243 569
55 497
330 523
980 663
136 451
233 959
578 373
761 652
816 57
354 83
826 805
779 962
910 782
428 319
114 750
536 531
590 318
835 512
979 478
557 186
702 441
59 989
24 336
19 750
29 489
540 850
20 753
56 947
57 256
216 23
314 617
435 604
193 730
226 434
341 732
371 196
302 823
138 243
547 549
363 423
28 87
117 865
795 288
171 409
889 896
330 240
758 377
342 837
490 288
886 245
297 635
895 233
193 414
645 603
619 2
981 309
711 265
876 931
326 429
507 472
946 688
109 816
263 44
38 615
11 32
881 696
201 543
487 707
799 608
45 168
339 816
840 552
247 466
28 849
255 64
907 651
90 7
668 979
57 543
909 60
620 82
324 443
212 842
578 143
878 775
900 471
636 989
241 646
574 123
800 855
342 842
451 930
904 101
646 749
184 210
75 292
573 30
929 315
923 752
38 515
753 935
555 801
318 728
138 134
155 209
800 689
64 806
216 370
699 215
386 397
611 2
912 135
664 361
87 296
196 262
542 205
36 563
955 54
534 212
838 113
214 187
759 908
983 28
149 857
29 135
183 910
490 582
572 816
352 9
898 707
835 72
458 641
197 497
717 440
112 743
489 528
840 601
483 585
272 303
936 176
159 643
851 974
23 411
474 51
703 916
253 427
290 357
246 649
382 83
975 591
689 58
836 134
345 440
879 251
188 875
986 137
488 944
342 294
731 192
293 375
282 769
587 525
617 291
180 186
319 477
624 660
311 357
94 845
77 21
373 718
740 395
123 74
566 739
163 164
839 280
694 876
76 965
745 536
773 167
480 983
67 500
643 799
822 215
578 571
333 659
495 869
293 780
1 538
120 384
31 845
189 966
880 740
113 360
523 66
612 2
104 932
802 675
191 105
76 605
249 398
575 749
734 532
476 704
380 615
545 800
54 1
192 361
624 818
873 226
391 439
680 617
328 363
747 616
640 931
329 14
682 259
1000 842
605 873
578 48
82 715
926 284
566 348
587 273
183 217
709 592
436 908
409 450
330 148
661 264
994 446
872 808
77 760
127 78
555 39
176 534
711 135
730 815
544 595
160 612
881 13
371 181
923 459
683 24
269 715
149 578
866 400
205 733
942 238
12 577
37 973
855 689
273 679
715 851
492 133
692 244
658 826
559 35
922 449
223 475
667 965
330 742
198 839
731 627
656 790
960 4
246 561
322 92
31 307
583 391
717 9
371 742
365 177
685 576
977 130
36 323
316 629
924 56
543 846
809 981
260 915
127 502
824 132
318 8
665 682
354 118
414 94
47 407
409 290
328 249
391 95
436 168
921 352
164 116
490 990
515 178
792 716
765 562
334 787
90 55
950 53
210 179
636 478
245 833
649 505
571 913
168 567
884 57
387 510
374 375
349 287
938 901
233 238
689 742
772 897
992 50
998 552
466 874
563 2
504 302
657 575
803 562
563 686
678 43
730 204
253 749
456 137
100 539
609 344
691 33
640 527
849 330
937 936
42 1000
462 782
66 47
580 487
496 638
143 499
397 740
107 621
4 391
102 795
481 339
38 985
497 526
56 821
640 314
571 923
853 935
391 706
479 632
569 762
300 18
550 23
528 469
839 135
690 354
220 997
512 437
758 27
332 913
174 60
552 110
101 895
746 311
662 738
655 836
881 702
398 551
965 940
532 382
852 46
939 547
992 177
47 93
312 534
998 795
515 593
917 545
319 794
572 695
563 536
367 154
5 362
678 530
723 207
626 829
300 879
817 54
610 20
605 684
264 826
650 228
81 824
916 234
715 116
506 119
151 32
257 110
577 993
250 13
465 268
666 738
624 212
84 113
391 416
965 908
489 133
583 172
817 246
865 870
231 714
179 175
217 144
818 803
99 761
819 407
426 515
993 528
223 950
643 292
152 391
682 624
871 263
166 657
28 140
982 447
864 597
345 633
850 986
453 205
818 861
149 653
712 839
33 47
754 689
51 249
647 539
717 53
39 184
390 911
927 873
555 512
314 773
664 728
830 724
885 914
156 187
430 561
767 10
64 726
135 395
682 17
931 896
971 69
779 69
625 971
597 432
296 303
463 429
421 992
407 932
132 472
12 320
153 576
909 685
331 356
755 571
472 304
982 485
582 559
389 527
396 636
988 595
579 862
449 366
463 526
139 943
865 752
960 477
590 650
402 803
164 732
710 75
65 301
92 766
401 861
670 773
248 756
701 563
251 252
967 886
291 93
611 463
442 726
538 684
349 36
51 44
920 66
221 130
750 305
476 70
406 603
899 885
665 286
26 72
259 818
574 728
549 310
367 327
68 811
877 339
671 516
345 396
699 79
942 51
141 286
423 961
124 160
904 85
433 499
419 928
84 747
828 47
921 31
129 929
153 339
899 777
48 186
897 241
736 510
556 602
988 235
721 261
927 98
678 755
586 801
32 66
1 594
543 465
224 884
565 602
899 983
30 243
911 979
35 809
797 341
702 513
27 228
573 593
440 987
240 685
480 768
745 579
640 567
559 348
622 93
778 429
426 350
291 728
293 296
50 434
26 977
61 763
708 727
82 391
939 150
348 623
865 240
562 377
267 182
836 372
535 526
660 477
243 307
436 463
770 284
126 420
200 541
581 132
640 602
662 939
255 582
748 211
839 722
120 720
69 808
613 967
604 540
305 902
93 507
385 782
432 459
440 778
275 592
1000 6
645 410
167 820
98 510
118 530
481 607
238 647
809 333
231 194
353 131
204 902
239 306
810 626
46 975
731 485
551 65
100 471
698 138
216 646
916 93
299 710
545 868
870 605
320 951
995 62
407 394
132 507
758 909
0 929
282 666
145 370
761 561
515 608
880 106
516 505
958 64
12 805
995 298
997 525
403 391
966 251
13 769
920 857
576 927
169 711
710 215
79 962
860 227
961 537
752 927
278 552
544 185
539 530
453 84
567 563
860 22
178 566
733 421
89 26
124 586
942 800
94 889
320 627
948 154
814 386
383 760
464 991
162 852
71 408
482 877
846 275
13 863
455 517
827 823
387 439
369 649
602 132
545 611
264 18
961 374
794 597
355 947
960 670
628 148
443 330
24 271
256 429
427 974
160 850
645 469
309 993
699 566
709 588
42 561
233 200
554 749
792 114
717 736
960 759
816 62
544 378
916 658
676 250
396 796
830 68
84 232
674 502
682 978
822 829
348 584
105 586
234 19
431 197
550 11
34 511
886 433
311 812
690 869
102 244
129 338
434 283
13 942
303 770
671 763
803 514
965 307
77 12
818 282
227 70
24 319
265 991
273 157
740 836
781 537
177 913
786 803
36 497
494 538
619 554
978 127
644 336
339 776
275 199
786 741
738 721
736 666
603 72
20 24
869 399
305 986
772 357
999 781
901 588
954 961
207 169
431 276
384 351
818 763
760 522
213 561
567 459
617 460
186 73
43 276
933 302
520 980
298 330
470 110
77 570
779 858
72 686
603 509
982 597
584 589
930 992
236 928
574 918
365 6
317 734
52 582
715 154
967 853
763 468
639 965
648 599
455 321
152 999
844 908
298 243
111 924
231 452
409 763
532 828
205 859
35 741
9 904
331 297
493 95
219 527
166 519
653 90
817 380
243 80
178 322
817 488
375 511
608 192
762 555
350 996
947 523
724 989
75 312
8 703
149 309
833 68
26 298
337 924
422 919
68 807
514 371
666 685
544 440
321 33
149 91
62 887
525 129
909 849
793 779
693 585
941 716
847 656
377 766
189 251
574 253
490 968
805 218
988 583
889 978
734 713
834 470
763 863
10 340
619 588
461 927
506 698
664 120
938 623
72 237
566 812
779 970
503 619
830 836
383 842
853 870
158 734
850 336
779 182
872 368
589 845
220 593
492 502
982 858
801 589
883 681
42 930
698 513
771 497
250 40
864 898
986 179
605 233
94 779
139 295
371 377
392 347
525 787
357 198
553 865
953 889
81 458
611 941
8 326
691 718
475 490
681 167
806 413
315 129
438 828
451 459
315 880
468 435
161 664
962 568
704 594
550 777
792 231
933 433
54 505
244 117
535 10
451 411
234 485
387 670
461 392
588 39
11 628
305 538
63 815
144 633
255 932
250 126
953 113
460 413
204 302
982 315
501 927
781 976
404 904
353 245
300 340
340 421
986 797
745 858
989 680
864 443
407 190
409 202
152 898
386 560
440 508
703 332
715 670
49 486
133 295
516 953
621 153
971 321
690 575
831 325
51 902
800 755
525 456
248 300
46 733
585 319
599 249
250 729
315 612
580 35
103 164
871 392
731 460
642 674
46 921
276 729
508 218
501 917
547 466
257 77
954 325
668 467
739 411
203 167
613 912
360 427
58 782
812 322
67 591
552 122
35 79
19 439
339 285
356 106
832 495
426 391
227 227
63 23
16 280
961 18
598 380
479 333
489 984
382 664
48 787
410 640
917 522
579 451
690 333
447 676
710 1000
971 104
229 982
497 827
512 871
223 942
140 143
362 974
523 991
263 58
6 324
382 102
238 784
51 3
448 95
337 200
75 403
136 708
524 707
31 632
544 620
620 882
479 938
763 734
797 938
343 502
308 564
871 157
598 258
770 795
449 412
144 1
158 625
645 281
982 443
808 790
297 891
95 504
812 853
201 950
98 993
225 444
458 463
679 118
116 694
127 759
740 387
484 317
347 831
956 88
730 583
770 367
687 892
504 423
993 450
656 57
907 621
314 805
695 289
589 72
807 924
580 485
832 505
679 768
916 956
914 163
552 858
309 605
165 10
892 623
937 282
550 519
638 833
504 283
727 586
610 94
326 843
307 175
27 234
739 279
366 674
333 67
273 214
859 32
958 36
152 551
351 526
223 371
154 778
16 202
938 187
84 578
225 860
281 223
996 415
735 178
650 978
441 885
114 743
280 86
155 603
192 841
382 93
943 578
613 432
694 772
61 602
473 652
917 463
828 472
36 619
840 730
44 676
862 497
472 932
354 335
393 453
64 175
636 805
797 666
760 256
729 392
259 738
24 21
734 159
650 982
443 887
469 243
922 890
124 215
743 745
974 483
11 40
314 86
616 110
220 576
229 692
928 842
265 530
642 536
166 161
312 415
176 670
306 687
478 616
671 884
601 768
661 625
441 728
823 807
748 21
645 930
445 31
209 638
819 729
799 287
897 538
978 854
901 161
366 718
455 346
591 375
622 57
195 515
70 393
942 613
814 952
138 254
260 477
12 762
791 982
917 309
459 409
823 236
734 239
422 336
835 882
791 262
423 529
172 464
468 353
361 849
128 246
864 621
138 681
362 28
325 225
615 23
260 327
683 788
473 905
55 851
100 247
280 14
141 839
389 832
419 462
13 533
550 948
878 302
780 651
625 989
987 467
486 531
730 295
982 329
976 588
763 972
517 284
818 286
304 492
488 254
709 342
633 876
995 121
23 132
600 509
643 102
590 579
197 620
999 700
842 455
262 841
826 215
245 0
203 666
911 404
227 26
711 371
755 372
45 191
556 598
591 114
796 321
370 389
345 378
478 955
621 8
910 372
938 292
530 818
714 707
193 759
969 11
434 886
465 610
912 897
57 158
337 242
810 270
378 769
384 547
641 514
495 12
219 555
859 79
375 681
109 66
874 432
436 887
144 908
969 404
805 210
851 998
674 604
728 694
654 64
234 408
318 286
877 530
791 655
69 958
917 280
177 157
656 704
841 288
726 447
360 814
252 85
160 10
857 255
631 281
848 409
669 129
409 649
460 512
389 288
564 486
712 358
526 662
383 326
855 282
494 605
409 725
616 501
880 633
967 843
37 664
564 477
997 376
63 360
632 356
890 764
404 315
735 114
989 164
893 742
286 834
765 995
517 813
244 967
333 446
347 632
80 745
986 455
679 53
451 882
636 692
10 792
281 592
501 40
882 639
770 914
92 392
75 531
510 151
285 794
262 280
288 512
101 756
641 354
259 810
418 920
211 852
990 36
362 499
31 225
282 116
758 423
246 333
592 95
323 724
939 220
981 250
158 167
567 110
785 817
545 948
58 436
20 922
599 36
927 185
913 103
625 429
430 36
977 486
678 15
829 216
566 19
238 319
886 657
202 934
929 37
233 471
418 663
172 55
365 391
313 259
6 277
921 396
392 514
734 128
51 863
842 280
401 495
448 613
777 296
851 702
750 915
435 79
108 292
741 569
278 787
485 287
286 431
382 200
243 16
694 379
439 402
230 873
587 254
656 181
53 877
957 669
65 789
815 270
62 253
84 876
505 596
212 906
255 89
797 779
771 597
329 458
654 198
114 699
581 894
905 709
157 24
937 424
115 793
922 544
683 819
48 951
358 651
287 437
484 742
604 775
949 70
792 272
649 621
828 922
926 744
242 164
722 20
520 575
108 496
211 220
680 217
652 218
764 224
476 535
250 113
504 194
189 242
51 927
555 887
542 204
772 347
307 310
892 394
653 968
805 886
394 418
462 944
630 711
667 989
668 872
137 70
855 15
775 62
408 564
873 641
416 284
224 554
211 522
108 482
163 829
30 487
857 358
106 467
594 114
877 566
161 447
943 231
778 107
491 622
59 172
578 113
1000 702
147 325
724 4
963 218
573 967
768 615
369 174
249 810
716 128
216 669
630 471
997 811
793 975
92 957
852 193
456 769
997 446
205 641
331 738
0 886
467 219
928 29
765 252
968 163
184 936
139 946
798 298
184 551
905 738
186 231
558 226
399 157
398 968
206 551
952 197
647 590
687 589
784 0
649 970
317 84
937 472
194 517
85 186
964 3
879 640
8 101
863 918
325 504
643 35
995 742
271 300
943 271
268 911
393 583
821 186
784 227
931 589
290 238
256 631
577 622
490 456
489 54
194 547
756 634
908 973
833 507
304 126
433 302
294 564
688 493
61 58
275 111
239 101
548 830
683 146
271 726
254 2
206 768
54 84
644 733
10 616
161 572
174 942
223 644
0 136
891 138
826 399
519 979
354 689
801 280
685 644
559 21
124 572
824 612
234 773
390 397
146 739
468 793
693 262
520 296
771 953
851 323
506 949
181 842
59 837
353 679
790 885
581 571
82 735
842 509
244 151
485 27
669 758
308 839
317 123
72 269
527 365
320 280
462 405
956 510
213 603
699 458
880 960
283 557
653 723
650 58
184 721
569 523
628 391
351 718
904 588
444 887
994 279
528 544
913 110
220 961
308 346
900 425
889 119
707 728
464 595
262 707
68 472
420 472
635 343
498 753
529 841
596 802
167 940
312 853
413 820
981 822
933 830
697 4
567 886
62 552
294 677
201 493
694 440
584 979
668 306
929 540
909 352
466 409
507 250
546 666
943 250
242 25
684 471
573 134
957 306
443 674
830 664
603 909
484 410
313 212
477 278
252 166
758 301
348 102
635 413
384 504
772 21
174 98
248 747
117 22
620 308
284 713
985 399
738 962
595 227
958 668
416 832
318 915
707 475
708 562
770 607
59 22
472 726
896 250
14 273
186 78
774 356
904 731
640 196
838 831
676 241
576 71
983 513
836 445
353 539
283 86
39 499
230 132
597 944
240 329
405 8
886 434
573 655
650 102
994 870
973 825
716 67
639 315
358 658
700 170
936 1000
583 875
550 652
464 645
145 172
607 614
902 428
969 791
783 493
10 496
306 984
916 494
310 890
481 656
395 960
305 803
298 322
49 148
47 703
287 789
40 941
914 619
23 348
226 531
176 770
583 395
61 420
738 809
944 531
893 628
246 503
625 872
910 168
712 381
43 570
593 347
983 780
471 905
243 114
544 61
878 173
172 107
218 222
450 896
210 493
394 739
973 185
571 340
225 151
867 14
707 275
904 143
181 650
12 809
423 706
656 236
276 717
629 740
487 951
260 306
7 729
493 757
467 124
764 86
10 870
814 941
755 604
731 708
647 324
851 633
303 633
936 573
696 94
338 975
309 468
176 637
956 745
457 592
87 527
784 432
476 192
956 927
206 397
927 222
807 638
35 218
325 543
821 994
554 235
543 463
561 23
598 341
549 64
961 859
694 875
412 452
538 493
232 298
777 892
161 174
387 300
659 763
889 254
146 468
819 924
339 752
427 906
337 738
408 176
193 364
261 310
488 838
16 906
368 774
969 793
707 383
179 918
291 320
507 229
668 956
64 143
765 832
70 346
653 279
130 614
580 957
913 78
16 248
305 870
121 625
710 139
329 938
908 450
745 954
828 116
344 482
180 734
992 649
377 323
709 314
459 123
340 677
797 605
803 359
951 938
660 293
160 832
618 223
593 852
750 679
427 375
374 911
262 682
399 642
78 600
91 879
752 10
822 936
14 454
985 965
526 595
969 954
268 168
674 545
955 11
90 923
595 664
498 515
146 71
70 25
614 18
695 2
196 632
642 585
9 79
204 102
617 605
362 790
355 922
161 901
949 242
831 688
918 761
525 81
354 270
475 278
209 905
675 61
269 66
303 946
677 229
343 279
714 660
206 610
486 981
717 568
771 76
182 378
90 229
640 899
341 428
357 550
547 776
636 783
943 910
578 184
545 307
499 736
481 399
630 156
468 582
29 285
16 305
274 186
505 474
179 799
906 372
118 303
824 510
675 256
245 805
169 303
277 764
148 874
320 110
81 821
708 73
644 170
950 529
814 992
337 94
591 45
105 63
271 647
869 169
313 309
399 353
257 630
99 337
587 577
251 105
810 825
5 17
304 305
164 365
124 261
884 165
669 821
649 235
365 856
512 200
880 606
453 753
47 872
101 979
605 873
236 537
934 969
987 264
878 842
268 388
163 857
908 629
535 234
546 705
544 798
625 579
243 567
926 698
698 57
224 525
347 919
80 745
195 762
808 927
54 132
682 76
778 657
447 817
731 961
729 287
230 49
428 295
475 328
92 650
624 901
188 305
569 841
237 23
108 77
756 712
525 949
184 358
133 483
212 279
984 730
873 861
299 273
230 136
462 139
880 66
925 948
422 168
871 739
504 328
952 591
76 958
744 995
308 179
488 806
791 472
155 977
172 616
846 247
522 476
875 897
618 965
798 211
444 672
300 607
766 255
703 683
478 59
267 189
494 550
692 443
904 661
279 987
181 194
814 799
503 334
52 694
118 364
369 960
157 168
61 964
805 628
34 495
534 327
260 517
594 763
60 47
308 239
853 176
828 464
7 879
569 141
341 353
751 6
624 5
225 937
961 591
411 350
508 839
385 284
517 914
750 967
768 605
224 292
927 376
960 534
67 497
274 301
234 740
250 808
494 174
79 401
985 669
69 446
322 608
943 738
39 299
609 726
214 825
454 452
382 165
950 900
694 195
675 244
464 340
224 87
229 345
848 657
41 16
963 699
209 167
871 227
847 121
961 653
308 701
278 260
443 311
924 239
812 799
525 239
888 16
888 809
128 928
791 991
866 410
361 89
211 347
305 521
980 614
830 136
594 956
898 844
228 416
163 695
538 429
8 41
168 288
406 28
788 514
368 772
606 423
137 553
404 47
263 131
769 827
295 695
433 555
673 707
989 151
9 985
445 26
387 454
675 409
381 62
647 118
517 818
881 943
466 288
399 900
880 547
624 847
36 962
857 813
785 96
280 356
923 93
45 135
352 667
1 614
75 638
127 662
753 792
923 992
868 705
996 859
620 188
321 895
773 158
729 479
935 196
942 99
527 286
770 575
824 946
386 808
240 708
614 565
567 149
99 889
127 957
737 99
456 722
644 186
633 684
665 466
553 68
910 294
792 667
963 597
768 364
401 448
826 747
408 536
657 818
90 703
310 391
15 389
752 936
331 13
27 405
402 929
688 648
999 417
190 762
777 889
542 436
459 49
415 699
786 348
583 102
549 753
43 301
330 20
256 55
393 273
571 309
702 902
12 981
293 138
967 825
724 211
274 566
665 241
541 494
447 781
184 466
287 654
592 433
828 219
725 779
620 545
12 469
532 857
948 641
585 437
573 590
646 678
110 644
517 105
785 490
611 413
539 822
730 232
796 65
699 598
821 666
183 786
968 303
516 452
386 987
763 635
785 602
391 956
700 689
601 128
182 67
500 255
371 208
36 816
602 155
759 650
151 511
291 416
83 595
623 599
255 726
804 120
499 311
612 704
949 44
463 916
682 669
721 396
165 118
627 311
830 767
858 88
786 778
960 480
151 13
917 155
315 658
591 718
192 227
762 262
838 339
213 42
16 925
184 475
771 118
198 11
257 491
170 950
754 213
132 194
473 687
23 37
256 152
480 201
251 910
977 870
793 795
941 542
571 879
815 549
901 256
293 911
137 10
430 54
420 539
42 706
482 156
828 3
844 437
869 531
227 742
696 101
716 324
520 66
102 38
565 535
863 455
987 344
793 508
222 153
333 963
643 142
487 744
933 248
247 596
638 698
774 550
971 632
728 670
306 636
154 555
669 533
683 612
677 784
933 980
834 533
553 788
984 733
847 620
492 359
111 554
290 635
180 849
885 295
423 928
374 428
567 929
43 629
195 897
892 231
365 823
815 931
633 44
273 377
152 122
11 325
617 231
10 142
777 820
708 773
790 148
67 222
359 152
704 652
230 221
240 450
97 451
263 370
193 104
312 563
486 349
999 929
7 436
753 333
202 910
188 476
777 650
782 913
480 762
622 706
455 409
653 660
566 960
186 915
977 959
304 373
306 334
947 442
343 447
435 205
846 700
512 892
36 528
776 987
832 913
823 794
391 456
70 544
796 666
709 921
321 627
360 187
957 794
205 404
115 762
464 245
542 929
390 607
326 318
148 663
204 983
11 408
36 873
6 578
110 834
989 392
242 319
710 333
397 182
61 628
191 958
970 534
271 855
314 704
345 330
864 64
602 567
176 309
28 818
813 953
847 969
580 162
602 598
866 373
445 903
206 39
20 423
699 250
867 350
0 590
90 844
60 633
720 457
242 150
402 841
835 185
81 170
95 882
989 70
611 46
965 274
299 950
220 404
521 422
346 24
646 721
487 533
184 414
554 244
626 670
12 998
32 595
387 566
117 722
236 850
152 987
718 838
629 396
774 206
693 739
711 791
946 294
589 295
190 664
365 550
480 575
244 309
121 902
788 67
156 225
378 492
834 981
920 717
905 953
392 757
763 53
189 989
316 424
482 614
34 24
91 327
897 458
78 595
47 715
599 390
99 722
662 31
944 631
905 74
943 633
664 740
244 424
819 896
906 333
37 159
350 880
265 692
434 721
513 450
512 631
945 609
766 719
409 539
515 375
961 382
543 881
773 796
480 304
430 682
192 564
30 376
36 974
374 182
549 216
26 986
957 10
416 458
428 558
835 660
265 633
854 389
240 367
803 788
602 402
92 861
360 539
714 972
956 539
363 362
988 293
137 153
934 211
305 457
907 510
773 758
490 957
395 975
508 508
604 694
657 748
302 524
823 361
10 762
585 949
777 80
718 158
905 925
130 870
221 659
499 780
227 564
349 996
995 443
663 602
151 619
36 501
407 716
855 125
728 230
115 359
47 626
855 827
672 98
532 487
573 266
59 163
323 713
88 913
194 89
522 441
117 964
445 320
417 976
842 279
954 143
248 34
54 71
829 644
311 608
9 32
54 216
354 772
825 117
189 642
720 621
484 686
498 753
896 621
724 394
873 198
204 293
846 506
237 462
693 254
409 789
853 27
76 12
979 363
810 396
429 720
779 913
906 876
593 962
651 571
436 654
943 18
699 10
87 154
900 956
365 581
296 768
3 265
778 603
726 284
656 310
392 651
998 585
629 321
328 783
708 424
947 41
508 837
522 177
946 444
292 180
255 538
719 925
971 183
309 701
461 973
223 678
63 219
319 876
667 975
846 961
239 205
350 615
212 790
109 898
306 428
120 882
409 832
510 296
785 520
415 961
386 424
381 315
242 968
500 360
723 809
589 714
382 505
51 928
994 739
548 632
365 483
262 514
610 702
433 368
191 279
889 596
981 390
262 482
149 334
71 552
155 232
950 87
634 739
241 269
706 858
416 248
791 407
997 575
131 462
769 707
454 42
472 126
758 648
104 586
248 984
541 166
233 806
629 75
849 487
773 211
815 200
680 169
317 129
766 844
566 231
984 626
449 318
334 462
975 236
74 190
892 165
672 122
626 471
142 325
574 934
775 631
217 628
858 144
542 89
304 49
786 385
821 477
310 201
515 564
54 108
363 533
426 31
147 328
996 2
305 61
819 714
41 873
112 87
546 790
432 631
379 316
684 251
79 874
356 368
697 157
469 103
815 892
806 126
907 971
976 476
720 54
536 57
60 595
988 567
670 0
931 462
564 413
768 256
626 897
592 658
567 649
787 521
646 866
770 698
722 893
803 485
795 523
189 487
253 529
408 421
763 215
898 621
141 763
508 82
351 466
577 248
865 580
79 329
650 432
334 903
306 780
546 150
700 301
859 877
685 616
68 484
853 572
119 612
885 904
88 99
156 617
927 345
31 76
563 980
379 47
825 646
886 275
262 190
182 815
707 818
49 496
557 419
660 877
128 634
288 330
824 600
732 969
508 691
894 493
536 316
309 493
707 941
411 787
187 723
132 393
552 79
823 298
766 696
183 406
860 86
829 198
551 431
4 571
400 880
647 607
447 950
838 873
108 92
149 905
506 597
783 37
891 688
997 807
248 843
564 454
231 365
422 377
753 991
140 488
790 893
904 557
720 301
170 479
160 537
224 677
738 189
656 355
334 793
954 567
416 507
173 7
240 691
866 416
766 855
532 732
478 70
813 622
321 862
342 452
57 217
242 9
838 627
95 94
623 921
744 974
958 892
29 411
939 218
905 546
115 25
128 944
897 525
753 271
144 456
355 131
937 828
875 109
961 475
430 535
758 668
621 683
983 41
284 147
725 298
103 39
223 980
906 836
282 26
604 612
723 26
539 992
370 347
493 905
314 861
632 571
580 81
61 247
243 510
550 770
810 637
630 912
135 449
421 197
993 124
522 520
945 312
837 225
338 246
827 346
41 313
491 742
377 787
346 993
46 142
613 22
858 638
541 174
736 381
821 117
936 395
808 613
679 621
722 768
250 1000
56 931
933 289
116 645
356 790
944 966
832 981
503 128
276 569
305 385
4 858
634 843
46 949
355 604
34 996
578 85
230 694
409 406
776 525
401 442
461 695
792 403
394 718
458 643
611 504
430 335
159 66
458 624
4 481
429 826
10 49
90 836
823 801
862 477
149 280
372 864
366 525
914 238
262 165
320 10
173 866
302 268
469 545
135 334
58 388
348 827
444 42
418 907
189 666
466 782
854 93
542 14
711 250
322 298
510 861
836 822
177 730
354 451
640 589
794 883
699 24
178 234
234 864
370 578
668 556
254 679
115 608
512 416
755 412
424 807
40 486
73 415
348 332
555 131
428 11
226 18
662 147
308 432
458 534
299 282
215 646
457 515
50 173
353 491
687 430
503 482
981 88
492 48
592 181
79 504
724 674
237 701
914 137
224 621
737 179
128 68
204 491
550 620
340 354
342 407
768 820
222 839
494 843
987 322
370 286
442 221
567 967
286 465
603 137
306 500
978 501
7 636
11 836
297 771
172 358
454 425
909 630
945 823
810 485
172 241
550 279
50 530
108 611
397 554
574 215
895 198
101 384
786 636
994 146
105 828
646 991
729 860
399 312
491 913
751 986
117 106
82 878
535 135
714 695
824 634
63 378
494 426
939 776
787 531
67 947
286 786
496 977
829 185
485 751
494 611
388 985
223 229
177 363
674 321
353 15
869 353
331 761
679 381
717 236
43 821
956 819
695 795
743 490
362 284
114 430
437 18
570 433
189 450
324 941
678 288
301 889
317 177
105 201
851 416
775 31
141 913
94 40
904 140
54 794
434 303
896 564
56 284
638 189
982 164
187 742
69 428
978 406
101 577
765 737
402 495
358 775
323 415
476 591
573 604
604 131
631 292
522 456
237 959
504 317
624 833
26 420
964 890
763 377
581 539
33 22
802 708
884 227
744 225
446 42
249 306
831 792
890 887
142 856
531 825
817 208
462 217
310 683
706 995
78 57
200 823
976 611
224 926
528 168
599 389
257 63
475 253
456 646
695 48
389 197
700 843
199 609
30 389
224 566
870 740
3 612
844 714
906 529
851 494
104 299
700 71
126 553
134 591
901 158
290 204
54 811
868 892
349 937
586 716
105 795
740 809
542 564
634 491
734 489
189 675
630 993
917 191
675 358
976 360
257 99
9 605
586 248
112 502
35 774
890 949
32 168
178 696
24 196
562 293
454 626
168 460
100 350
381 756
232 10
127 513
598 573
256 83
470 220
476 147
173 552
387 376
136 921
655 448
913 335
761 769
320 511
710 746
272 144
639 203
24 790
825 642
338 908
855 746
681 258
100 577
226 505
603 354
317 452
492 62
828 710
529 785
39 699
691 537
11 927
101 217
64 0
464 60
541 527
341 727
114 40
507 537
405 777
703 452
829 711
902 573
742 259
442 39
978 48
672 936
254 96
359 605
709 85
420 757
441 891
779 816
983 76
329 802
834 201
76 838
794 825
900 204
628 329
914 647
319 251
679 480
480 652
356 186
505 697
450 357
972 61
557 896
196 80
991 917
731 509
882 482
875 617
599 139
269 488
685 807
514 102
608 1000
377 486
417 817
515 334
946 448
654 456
293 522
328 318
107 386
671 369
739 782
287 582
200 790
74 112
157 435
34 726
277 191
671 3
941 307
727 392
858 979
903 410
325 294
562 710
865 531
530 995
575 23
702 436
640 286
49 88
553 986
518 162
438 916
895 134
10 66
69 106
606 393
971 292
923 243
950 326
37 17
792 747
529 180
919 50
393 982
975 255
680 323
446 402
764 248
758 303
157 768
244 671
200 181
91 616
223 124
958 242
942 246
666 461
679 684
810 75
260 318
825 422
770 829
578 151
338 567
837 887
677 167
444 240
489 828
586 524
340 811
224 59
806 585
653 140
973 24
402 632
184 604
263 480
117 490
934 929
679 425
635 72
960 759
890 872
164 776
378 201
253 618
226 353
23 434
566 559
511 102
78 555
920 226
834 366
158 647
284 60
605 613
549 123
971 866
652 616
945 952
352 794
216 332
88 479
528 314
435 949
303 116
0 917
877 990
192 189
473 211
734 334
264 575
286 159
88 452
47 851
511 269
744 666
212 844
715 629
296 327
953 444
755 449
774 174
393 660
798 619
356 269
836 306
351 212
818 41
356 167
132 582
230 587
380 8
542 32
879 876
100 77
185 511
10 245
743 295
270 546
247 215
934 48
789 698
739 602
483 430
128 120
686 442
506 193
371 239
538 658
946 305
415 127
452 502
867 238
560 775
807 811
894 349
689 826
285 269
107 325
341 767
52 814
67 319
754 79
995 889
779 175
290 498
434 892
566 11
217 105
773 896
54 523
797 673
818 681
687 181
718 316
384 282
97 74
944 126
910 565
478 854
328 614
832 305
783 352
530 385
441 920
828 62
318 310
458 356
604 937
975 835
694 859
233 416
363 191
489 439
825 913
221 952
498 615
999 272
314 278
789 93
433 209
451 24
547 714
361 665
581 489
649 710
230 476
958 843
518 191
152 815
704 358
422 627
66 175
158 154
733 476
50 164
58 673
257 735
537 893
612 63
717 477
729 489
652 438
772 574
374 430
746 381
560 261
855 53
618 482
117 768
993 856
748 88
165 336
288 372
330 306
42 893
360 636
991 342
780 303
321 460
262 237
588 107
982 278
690 226
217 279
324 860
903 370
470 385
960 487
709 294
166 562
649 814
944 601
827 171
915 531
554 937
522 252
165 149
929 137
365 801
148 649
651 790
489 601
527 801
763 967
189 125
188 265
839 651
897 19
433 727
660 541
225 490
478 602
142 602
241 88
931 283
324 908
378 82
401 636
440 491
543 697
958 268
140 863
603 762
314 5
23 125
782 627
82 270
889 485
973 210
163 797
544 186
343 871
66 240
409 282
283 665
346 147
228 76
694 473
87 462
230 5
719 131
981 817
276 806
314 684
539 270
278 998
684 342
463 669
771 604
851 392
219 769
901 346
784 680
575 216
222 468
14 313
496 478
36 725
152 158
447 482
213 759
251 31
451 410
6 404
682 81
174 627
546 67
507 937
306 507
624 974
511 404
321 248
116 453
803 681
453 462
234 914
783 790
911 219
380 794
876 974
679 130
479 540
29 602
976 41
287 797
887 371
430 497
20 82
728 854
413 317
159 467
425 791
10 972
201 759
798 508
278 546
270 18
265 970
160 602
264 948
445 11
590 824
101 159
66 890
21 751
538 989
223 402
958 38
391 52
316 349
771 935
172 727
528 614
728 950
605 613
571 964
990 963
552 8
79 211
487 255
382 47
908 619
43 262
833 122
615 739
879 130
218 29
32 782
339 409
42 951
154 631
940 430
743 344
694 528
937 640
828 254
305 843
703 356
442 741
760 555
634 736
803 436
242 465
623 82
896 531
232 548
161 403
734 389
518 358
370 165
972 459
942 54
548 583
425 309
160 41
514 882
99 724
570 288
168 717
336 602
96 922
927 407
106 382
938 898
416 421
963 1000
995 949
157 890
104 159
515 804
673 272
31 974
709 680
38 917
94 930
740 402
677 133
745 724
734 315
693 404
282 194
964 143
845 3
392 680
901 351
41 127
949 629
624 668
906 477
120 813
480 166
705 288
1 239
854 186
873 268
148 504
859 466
95 168
355 65
349 908
220 369
338 450
138 862
224 25
299 379
80 586
558 780
83 604
213 551
857 385
626 319
710 724
760 183
539 882
653 559
745 881
820 461
309 899
642 696
511 216
617 21
198 925
277 159
532 596
90 371
335 184
428 526
883 360
831 993
947 669
37 328
618 128
236 62
133 399
90 523
36 537
757 966
525 500
17 237
634 899
771 786
626 90
533 858
230 920
884 863
167 40
743 261
812 818
732 591
754 371
753 4
706 894
861 257
301 436
681 725
849 412
145 571
552 534
131 75
790 299
933 495
958 495
999 386
698 94
939 669
396 723
620 44
156 962
353 358
339 548
595 262
471 91
179 553
869 513
169 675
984 124
825 734
162 328
444 46
678 132
739 201
173 373
825 337
597 994
184 374
25 713
53 216
541 733
831 642
265 908
608 45
760 268
178 178
771 93
492 697
833 607
754 366
920 933
409 43
686 156
461 858
589 40
757 482
202 423
856 881
754 718
678 287
429 338
283 636
568 187
344 630
985 643
34 909
708 960
681 89
397 710
892 866
986 640
690 344
688 871
577 470
218 320
237 631
954 619
449 239
983 793
294 734
516 636
807 397
707 816
44 402
548 306
197 747
104 247
610 698
395 591
910 732
887 294
311 381
959 684
578 820
996 176
596 657
762 583
768 798
972 638
443 411
124 835
203 992
659 717
531 42
258 121
686 762
457 427
546 603
213 789
496 479
687 395
365 686
149 914
155 137
923 393
95 924
586 403
257 799
858 133
999 945
34 44
23 163
817 630
640 427
751 226
535 432
51 743
176 105
881 22
688 449
973 749
582 569
530 157
680 860
438 570
673 424
960 87
823 508
587 873
700 719
919 925
607 755
129 150
867 160
962 865
315 927
27 735
590 362
689 984
700 665
612 240
759 514
583 8
613 829
637 133
126 613
529 787
332 771
770 262
317 871
72 304
729 117
327 982
812 187
875 742
719 717
244 402
876 477
201 716
577 775
272 939
132 380
89 574
777 62
496 323
257 754
482 693
816 803
464 327
377 771
186 604
369 537
205 82
653 708
133 650
1 277
81 355
297 580
995 623
482 66
822 600
525 854
785 79
519 12
701 315
40 201
480 432
203 474
102 15
851 105
952 824
682 592
546 458
494 786
372 117
792 495
735 429
565 746
319 633
767 919
593 103
529 368
796 538
202 618
896 198
704 771
852 688
292 752
170 832
415 209
205 114
588 57
685 327
833 30
155 196
383 335
259 919
189 811
470 153
182 808
488 571
215 594
935 323
131 845
392 32
579 242
726 808
69 970
497 646
616 919
953 575
778 906
713 87
880 939
684 986
527 400
187 178
842 249
244 569
603 720
166 118
50 422
880 662
68 925
861 437
475 666
823 550
437 8
0 925
437 17
586 397
463 713
679 388
305 444
282 208
568 94
52 389
581 828
740 425
486 468
927 763
173 806
569 779
636 603
213 206
332 250
903 495
854 75
950 215
203 859
237 386
531 268
485 603
887 438
520 32
160 413
580 595
818 193
408 96
419 614
444 190
644 692
454 861
922 424
854 669
786 113
629 398
947 147
624 494
248 130
886 937
904 963
919 71
563 445
190 358
874 857
244 204
593 878
817 931
347 208
676 568
346 893
898 925
408 32
592 117
321 908
532 85
558 982
563 900
212 652
656 825
2 243
591 665
381 38
840 388
872 547
787 594
304 994
863 110
248 494
546 375
435 903
691 968
98 732
901 94
703 968
474 252
909 252
844 378
814 560
825 850
46 952
116 159
947 411
174 7
731 363
598 344
985 572
455 104
765 182
402 452
441 765
664 263
973 294
466 245
481 637
21 673
18 683
539 831
995 535
502 1
102 553
256 666
994 600
910 380
226 742
860 179
729 299
20 848
947 769
762 950
534 146
642 162
865 753
627 906
65 241
73 740
289 403
905 881
881 915
461 158
724 743
227 221
331 626
988 585
944 720
423 408
23 985
204 413
315 523
377 759
151 816
653 737
34 664
358 81
884 116
141 97
635 8
410 129
36 590
240 265
505 50
519 269
339 476
191 498
52 137
699 355
580 392
575 708
524 822
191 94
212 228
705 88
586 337
834 570
557 770
185 974
236 244
259 273
266 525
299 143
896 620
976 146
588 424
247 826
950 738
807 764
598 887
178 4
405 942
46 233
663 833
143 758
66 222
981 359
620 996
797 175
411 928
623 971
576 692
96 368
964 487
1000 666
873 152
392 390
971 664
222 431
866 204
12 193
316 5
560 61
417 474
514 219
279 129
785 708
5 11
436 664
40 859
88 977
718 246
794 761
929 702
526 443
703 714
952 90
711 73
219 213
736 341
792 136
840 6
372 453
972 165
449 607
672 296
709 930
403 428
600 410
956 1000
131 721
432 978
932 364
529 789
764 492
313 768
884 874
654 23
664 899
113 819
594 856
382 605
619 160
44 911
554 977
35 462
959 258
278 22
787 628
452 484
207 250
331 309
686 670
239 12
148 441
113 167
77 250
917 725
389 331
256 612
447 823
824 600
754 172
474 267
221 515
24 530
620 647
190 121
998 846
879 865
951 137
392 756
9 517
642 46
135 883
281 515
29 662
125 889
240 299
542 4
994 352
873 501
408 413
160 165
383 295
507 872
812 826
302 501
456 198
234 303
231 632
536 675
541 475
287 632
105 864
495 444
894 546
962 737
78 534
750 471
870 335
943 490
411 958
391 420
588 337
712 95
560 20
756 334
506 578
899 196
582 551
523 711
644 327
675 632
506 222
669 970
305 289
482 454
523 749
927 465
146 702
342 143
860 416
894 982
512 753
35 567
883 739
344 229
935 246
189 286
309 563
659 316
672 480
804 401
802 226
437 543
644 665
524 882
125 470
690 17
163 225
641 170
357 780
244 828
827 422
852 47
721 176
401 599
589 795
870 692
390 512
9 361
886 806
781 747
293 946
327 866
495 354
554 939
60 381
684 829
910 634
106 478
229 932
534 85
627 41
838 243
323 907
902 360
20 406
19 170
636 649
501 163
11 880
979 779
669 747
168 831
486 932
980 855
416 563
159 914
795 882
142 567
182 665
450 368
469 825
213 15
867 479
3 173
143 65
776 776
43 748
313 332
629 832
901 693
507 202
206 672
197 590
80 455
173 165
453 721
310 952
128 548
284 351
752 319
356 718
10 301
282 110
282 723
384 791
528 412
844 408
641 6
688 586
615 749
633 78
214 581
993 134
62 72
703 639
261 327
905 457
731 459
373 129
215 861
294 799
970 148
89 671
233 726
78 383
65 771
55 614
839 156
692 786
172 139
177 647
272 294
812 407
735 36
889 966
727 950
210 585
322 356
159 148
858 739
594 622
65 606
125 954
190 56
13 918
696 526
235 427
991 432
631 731
88 353
371 896
758 865
198 306
164 772
929 910
813 988
991 971
795 354
189 494
683 340
71 580
914 612
385 646
242 734
204 988
596 649
944 612
169 787
613 149
742 768
512 417
336 384
872 664
457 927
819 479
424 55
355 520
27 589
628 680
940 297
297 782
311 162
917 16
858 137
406 511
72 319
938 978
804 830
391 532
863 931
66 931
688 711
738 907
921 547
418 969
960 490
815 737
576 832
238 865
588 262
161 438
626 455
113 183
349 164
500 200
777 742
917 110
625 833
462 905
603 541
741 973
500 718
969 897
887 509
389 257
799 526
990 988
550 868
591 584
298 814
985 833
0 317
41 473
857 566
543 262
736 596
92 159
692 708
49 92
654 571
157 369
520 924
127 3
256 606
896 709
795 822
754 834
823 333
717 626
557 975
270 252
558 598
760 531
219 853
126 504
665 831
862 540
605 868
789 792
685 308
71 342
950 164
510 534
975 726
426 283
224 752
252 503
361 503
845 160
82 983
775 304
304 121
606 985
618 387
164 368
939 975
118 969
468 998
8 921
574 962
449 226
244 352
155 997
47 106
640 553
990 830
4 742
525 980
484 495
572 920
750 747
915 500
509 984
958 522
465 799
747 817
397 815
616 210
719 777
90 293
465 270
812 806
861 822
717 56
767 388
405 697
40 412
833 798
329 812
296 614
322 689
18 754
459 23
659 583
183 651
104 484
555 733
98 251
585 666
605 924
722 129
190 602
110 185
312 782
302 342
605 494
910 102
141 221
766 577
444 312
912 152
536 369
590 326
760 930
610 317
17 313
946 197
394 0
758 409
199 409
950 201
12 377
517 710
972 538
230 942
390 885
272 737
129 455
586 384
805 702
257 673
285 381
215 88
999 40
858 569
187 391
58 537
142 567
55 828
657 461
306 194
923 88
769 811
881 640
86 520
381 506
736 761
573 186
691 478
178 801
824 789
943 651
30 220
487 210
51 218
959 902
710 918
180 30
231 357
780 909
649 294
139 123
730 224
748 501
620 563
199 520
940 266
57 159
557 201
634 59
677 736
937 517
848 36
877 301
832 692
245 737
148 521
837 853
756 983
205 127
307 24
241 424
350 140
654 979
861 447
412 451
884 269
305 882
633 544
770 441
244 361
85 418
921 201
425 142
269 716
83 481
202 581
56 13
964 25
551 880
919 87
777 76
386 60
149 799
560 325
270 860
675 427
685 854
565 269
982 708
810 504
836 402
514 695
316 748
77 361
619 547
576 696
865 508
813 848
158 822
912 543
174 801
324 966
530 931
740 930
926 900
350 358
413 529
62 129
499 528
553 742
232 529
706 224
797 17
975 480
651 641
680 169
931 49
953 306
338 385
403 100
623 759
965 384
748 593
835 262
174 852
457 238
244 793
26 546
783 142
275 747
894 407
905 118
477 651
556 237
539 747
416 810
164 302
972 790
792 251
214 235
920 339
546 294
794 413
278 482
843 643
453 436
260 446
704 647
725 412
982 353
41 125
78 438
989 965
119 551
27 80
433 563
521 518
425 626
369 820
169 978
825 170
541 314
332 388
173 530
530 279
998 236
988 63
562 969
653 912
446 538
594 857
698 149
797 663
808 583
543 834
439 671
100 711
497 251
57 463
269 276
752 395
480 684
852 194
741 6
794 766
637 527
71 867
888 787
730 503
221 784
167 900
609 803
184 945
392 622
448 473
181 608
945 948
701 199
522 753
346 189
255 855
385 896
725 869
302 91
820 849
386 230
640 734
164 593
925 950
522 712
0 738
875 423
998 829
532 848
757 497
756 107
718 451
423 743
503 147
187 381
137 403
930 101
313 491
44 104
866 538
999 787
111 840
527 451
638 545
627 423
731 736
598 783
149 734
899 329
733 928
266 29
950 204
553 171
216 939
487 928
843 580
681 645
583 447
284 935
277 638
7 712
695 489
822 556
507 874
748 370
872 118
234 131
527 869
372 727
940 718
635 258
665 150
816 489
232 349
788 476
644 240
412 808
72 262
876 594
627 397
900 310
596 684
652 688
296 685
293 908
799 496
582 979
196 361
524 764
947 48
78 653
325 264
783 116
738 782
744 274
764 16
555 846
117 148
147 696
133 239
59 127
443 695
780 566
552 184
154 662
680 189
653 735
299 739
282 787
826 487
664 263
108 374
866 613
553 418
882 713
40 935
981 428
137 658
617 177
441 160
613 875
449 922
733 193
110 812
547 505
228 265
908 88
60 919
121 966
554 497
854 926
327 518
512 322
909 896
143 236
812 8
160 9
545 246
229 702
837 668
861 313
80 937
686 712
602 934
260 477
805 661
835 916
880 346
479 264
346 131
195 492
603 852
917 840
127 616
134 603
972 784
286 680
279 901
810 297
762 217
996 485
542 283
561 882
624 661
381 226
996 481
588 609
685 774
327 946
695 252
447 936
859 300
182 517
934 439
117 554
616 962
468 733
902 130
473 908
815 75
37 614
739 86
439 770
128 561
248 478
294 721
914 964
888 757
966 361
369 185
431 603
462 390
903 707
51 94
170 611
255 873
51 380
62 535
735 49
693 31
49 574
800 21
734 287
520 95
753 917
995 997
42 890
989 269
61 223
909 717
148 438
859 607
573 17
330 847
451 255
808 450
897 207
180 228
691 279
870 950
598 45
335 382
926 803
511 501
659 989
548 842
975 75
337 281
711 732
621 891
973 281
335 801
944 144
391 639
777 992
763 781
174 686
720 579
10 416
537 971
572 0
105 262
559 945
725 183
444 663
616 188
110 888
844 281
970 530
965 148
205 287
492 367
833 863
707 224
748 38
754 424
708 61
532 592
216 33
267 245
898 858
415 735
419 30
759 90
753 547
472 16
795 158
78 293
792 929
267 261
129 562
690 462
647 99
966 671
986 481
594 969
223 437
277 906
965 758
175 714
888 694
181 706
714 800
987 787
633 261
759 653
369 96
831 725
863 816
814 161
403 183
902 281
305 283
240 439
497 426
969 943
557 659
683 934
6 283
978 596
951 851
937 508
534 206
792 763
900 981
243 753
25 271
16 641
511 272
130 415
539 552
655 443
872 317
229 639
635 417
899 120
425 351
686 351
631 812
748 779
748 723
355 168
753 763
530 544
993 325
454 993
988 674
406 790
14 184
973 951
313 467
166 735
476 378
159 965
85 396
942 422
799 503
713 468
386 262
154 208
963 660
68 252
772 708
351 328
777 276
807 859
253 224
186 373
355 786
514 876
110 63
693 282
144 988
60 819
921 853
125 724
862 301
24 394
929 914
974 822
404 538
785 905
22 434
389 440
708 565
859 867
934 143
13 676
190 801
893 540
930 710
515 513
498 977
621 800
827 40
771 861
223 35
394 640
693 672
583 103
293 300
64 835
140 548
229 774
628 706
987 949
22 220
788 287
205 62
685 597
197 748
744 156
117 627
268 433
314 368
479 418
589 538
710 576
279 757
834 99
11 904
548 226
347 290
345 467
86 37
507 657
334 438
634 985
87 643
576 980
418 995
642 685
783 642
348 802
88 549
464 283
539 112
573 45
585 175
294 212
343 172
58 517
637 744
839 611
462 188
490 240
415 35
149 298
534 26
723 661
185 535
649 602
777 928
528 59
37 830
681 526
178 431
419 661
826 953
484 158
741 183
966 80
643 249
676 497
480 947
158 594
166 394
228 120
824 509
398 730
326 987
23 836
448 324
364 213
798 285
629 787
236 336
390 498
621 790
312 700
766 811
561 252
925 268
620 914
4 444
201 487
178 763
665 925
633 575
399 899
544 160
187 796
546 864
659 38
38 814
318 749
986 946
71 923
92 933
79 255
839 160
360 867
721 714
428 880
45 549
939 349
422 222
408 403
764 155
909 433
934 861
855 385
804 191
806 488
107 963
201 988
410 827
272 401
575 204
893 361
430 201
263 748
118 731
530 726
703 198
501 843
10 591
925 898
577 531
419 800
359 977
719 425
602 706
507 274
961 90
643 610
521 255
647 904
112 356
190 836
160 415
524 599
806 135
191 719
469 83
541 690
534 909
273 321
158 283
170 570
217 626
395 437
34 47
904 355
537 561
793 780
552 770
582 448
348 681
606 497
1000 254
382 162
590 11
673 643
907 305
179 573
59 318
182 905
212 683
335 929
998 363
471 735
2 274
467 150
729 995
358 140
127 837
631 367
517 518
11 30
222 5
449 549
339 730
566 453
169 505
220 98
834 909
166 726
325 849
56 538
687 777
828 658
700 995
624 874
862 817
734 313
323 507
523 928
399 397
61 725
554 729
445 128
38 104
950 446
736 990
947 526
555 631
377 321
23 903
387 924
932 980
855 653
911 461
241 993
997 223
213 955
22 504
381 184
853 768
821 351
527 347
103 511
687 18
133 127
183 464
460 647
556 300
859 280
948 134
131 588
580 302
728 292
255 643
169 590
290 383
377 865
248 691
846 6
684 532
858 502
791 447
638 940
781 100
459 39
730 169
476 383
835 890
323 162
675 493
937 746
237 726
945 766
488 26
513 281
341 921
351 32
658 157
474 367
769 239
329 351
186 739
974 884
975 104
545 530
664 107
282 387
233 743
394 782
875 442
690 669
48 550
282 558
820 876
720 61
864 596
688 702
441 232
283 456
511 219
635 364
402 305
954 529
372 853
573 597
610 880
304 629
59 674
618 695
303 771
406 439
781 707
697 178
67 568
699 187
859 320
445 871
741 267
906 420
405 633
135 871
610 832
727 129
550 990
642 477
500 377
474 688
814 191
700 40
918 52
516 585
757 370
782 802
373 88
78 748
577 872
141 348
326 459
938 949
972 219
306 111
315 688
475 725
583 832
745 458
852 324
486 785
915 930
78 664
115 578
652 425
983 883
145 68
361 523
677 215
840 134
457 64
594 86
339 588
467 593
312 39
974 576
136 29
689 925
54 508
546 577
809 939
331 302
553 60
602 532
794 198
903 663
939 649
633 665
526 613
199 360
574 675
244 56
609 336
198 906
283 269
777 939
568 953
964 249
736 116
643 645
131 575
233 43
704 615
670 542
142 285
766 705
20 809
782 459
520 177
377 165
711 937
583 167
183 851
290 358
901 929
453 461
514 609
125 279
442 63
908 802
787 683
117 617
217 609
789 272
215 571
261 471
744 920
978 313
951 235
801 291
725 829
355 900
825 916
605 300
719 429
821 738
287 145
762 884
186 140
123 914
402 776
295 787
763 205
344 220
782 396
583 981
548 868
905 42
702 515
659 629
879 621
642 178
431 994
103 882
835 631
86 26
126 449
337 20
268 676
536 76
90 366
339 259
394 914
940 432
874 388
693 64
946 818
371 446
155 692
547 637
41 803
380 127
186 262
810 29
941 165
997 242
843 324
804 393
766 994
623 472
60 267
550 642
279 453
634 310
915 371
264 190
588 854
329 881
513 897
463 794
680 591
62 491
446 687
308 76
426 359
292 271
144 613
569 626
681 264
99 642
743 355
935 100
648 186
467 912
322 389
902 857
347 731
264 627
258 406
430 193
1000 838
732 300
174 7
506 544
260 47
695 36
125 475
915 587
127 354
50 179
770 511
541 244
102 350
360 455
872 756
699 896
102 227
4 851
52 274
83 197
599 519
805 578
192 61
973 568
329 984
721 736
259 776
765 218
217 48
95 267
944 278
247 766
407 689
407 569
533 264
20 516
135 740
348 878
749 896
111 183
675 394
106 726
529 726
760 977
814 109
563 869
730 137
598 623
451 646
49 715
351 543
392 531
688 329
999 560
506 491
635 21
52 822
722 971
432 297
641 483
647 206
864 383
595 860
925 396
553 802
587 497
539 345
107 634
777 201
486 663
144 600
948 691
979 388
908 249
802 360
98 685
66 571
50 916
966 525
450 300
923 807
747 344
257 103
615 880
518 372
354 389
563 817
290 966
103 38
741 706
955 372
597 191
180 392
806 66
127 477
255 783
884 976
781 197
463 546
986 232
688 923
883 417
434 750
685 954
208 655
871 434
482 735
121 209
979 818
986 73
58 677
890 463
80 244
721 323
700 661
833 417
448 657
336 544
19 219
348 219
312 240
725 634
382 278
325 505
876 381
532 365
294 795
416 485
679 986
434 615
501 195
665 762
812 883
12 157
373 135
405 40
83 746
239 13
762 493
779 79
272 308
45 122
84 533
888 94
71 806
699 53
135 586
390 265
291 667
227 865
529 970
500 717
972 895
722 780
462 813
682 730
38 535
958 672
560 306
928 414
19 21
278 624
682 828
528 629
249 631
548 824
315 994
640 267
57 251
837 7
41 691
64 350
209 540
18 743
505 305
414 541
746 598
457 89
102 858
960 145
726 363
326 25
623 512
656 750
322 232
915 904
786 706
40 946
930 809
451 901
896 931
182 90
610 704
481 691
7 334
166 608
400 917
188 964
775 31
860 49
99 124
151 504
612 18
326 165
268 366
880 643
930 309
867 452
622 778
718 819
770 380
723 328
259 337
753 805
313 504
245 409
726 849
549 11
534 43
442 173
563 541
259 479
629 210
431 313
385 253
484 208
521 583
909 105
841 987
946 537
473 422
234 302
904 869
193 517
827 101
82 378
120 939
698 285
692 901
176 857
276 808
36 218
279 427
613 305
691 850
840 538
217 15
424 356
999 87
270 84
915 159
122 243
998 418
656 829
723 211
785 483
888 857
741 543
408 166
774 922
217 499
44 207
71 355
15 513
862 234
12 659
929 64
281 902
53 30
867 42
586 108
24 534
833 980
645 277
650 526
160 136
37 873
885 580
2 376
184 945
671 458
661 149
376 142
10 715
391 117
134 971
267 333
572 851
193 629
639 18
995 620
331 427
179 330
130 673
993 441
248 65
116 273
883 141
306 713
43 973
543 376
907 603
535 796
818 195
338 713
753 151
175 541
238 865
666 160
347 999
769 157
738 943
560 326
106 667
588 961
642 382
786 35
666 191
617 35
527 333
501 441
957 240
470 318
771 906
43 469
596 921
907 387
888 316
372 93
538 532
34 731
126 746
800 147
1000 907
168 782
524 890
946 486
40 687
816 791
838 623
200 301
875 270
849 951
926 155
506 614
480 700
34 520
875 676
626 198
738 503
773 930
540 520
868 781
9 967
670 841
12 398
534 326
146 874
243 921
977 891
149 817
354 102
314 487
15 232
777 662
396 853
454 354
459 409
702 909
489 514
225 854
550 24
378 101
402 878
24 286
734 199
635 447
89 802
912 797
736 769
233 405
687 389
209 47
63 904
568 270
167 435
947 108
325 630
743 431
635 774
898 146
494 175
223 354
265 190
760 760
956 307
89 820
466 89
711 249
516 966
858 32
253 66
84 948
147 395
988 260
765 431
658 585
586 600
841 152
864 179
41 67
633 389
134 934
162 394
386 635
37 37
859 410
928 513
20 532
785 930
688 599
565 971
596 713
78 411
987 497
621 344
764 862
822 749
201 8
316 747
856 374
401 727
940 198
987 617
831 148
682 606
748 33
441 20
404 511
663 264
994 304
168 826
760 232
81 448
311 7
591 65
175 104
586 238
960 623
268 31
568 365
322 628
612 605
284 431
397 835
109 732
710 228
68 340
575 257
460 826
349 105
377 192
611 651
434 305
646 511
489 872
460 591
251 11
18 650
659 32
596 841
637 139
48 63
646 120
832 12
28 30
190 885
271 672
453 774
354 248
716 163
287 821
116 848
289 65
247 311
144 476
911 81
191 875
823 175
544 74
791 680
352 200
40 617
672 276
501 29
245 203
162 614
297 740
707 693
220 951
271 672
766 820
808 768
409 321
248 737
624 532
772 670
356 887
178 981
264 55
617 742
186 491
952 370
829 968
437 56
654 650
208 712
719 261
659 114
519 411
233 338
205 813
106 833
550 770
918 281
851 931
249 602
561 851
549 886
421 480
232 260
118 180
821 204
553 65
381 682
63 468
801 523
511 550
525 631
363 210
734 852
325 855
168 357
343 426
998 865
212 839
178 89
737 214
283 10
830 582
48 620
585 916
146 407
162 905
288 833
103 565
495 133
127 866
637 51
387 328
701 170
341 540
222 873
755 782
920 120
762 336
566 896
469 46
688 981
987 376
982 993
471 36
234 142
196 217
128 761
107 211
878 434
596 106
424 460
903 271
856 49
742 999
888 935
748 339
716 202
156 850
215 644
229 467
115 703
832 835
847 167
332 922
334 368
495 192
511 336
54 690
571 510
808 686
922 337
774 72
907 111
981 807
814 838
301 216
556 456
75 842
414 888
180 528
731 873
996 463
76 123
755 925
451 712
323 130
489 226
231 30
226 665
53 279
551 991
699 24
547 377
271 977
272 946
555 877
594 673
16 59
931 54
905 860
306 448
935 426
479 551
510 625
386 700
414 307
713 954
96 987
276 469
742 798
654 1000
794 476
681 193
958 66
45 105
874 844
759 942
897 719
60 330
89 358
204 816
782 425
575 107
385 754
361 989
369 291
645 764
895 488
852 135
585 805
349 303
335 775
948 481
837 834
255 216
763 568
865 903
58 608
534 582
950 472
59 396
567 126
637 8
789 605
894 763
116 778
40 979
140 412
534 140
79 282
764 264
529 995
883 956
173 80
914 250
225 395
524 692
894 353
842 165
407 499
48 796
844 843
979 820
389 986
71 24
636 753
619 876
922 568
597 362
621 413
784 534
353 201
729 670
301 590
164 9
444 420
384 91
301 113
66 623
241 861
899 61
940 721
50 981
363 170
57 400
511 52
480 377
199 892
919 879
161 735
302 990
248 196
406 772
844 438
464 471
859 302
802 981
136 965
841 137
252 58
399 214
850 2
872 858
290 749
268 964
306 688
308 288
472 120
930 930
927 868
616 926
982 949
623 677
591 24
54 425
853 977
107 807
16 442
861 987
523 86
614 628
996 307
991 785
974 48
514 906
963 35
192 99
649 836
68 16
661 330
371 313
646 271
487 534
31 922
867 214
689 485
156 186
702 112
204 883
958 499
469 958
956 172
126 302
539 394
525 471
987 675
64 770
172 829
792 992
964 841
753 274
361 192
81 10
719 418
916 218
786 100
15 442
497 686
470 390
429 532
61 124
323 397
471 376
989 345
824 694
698 707
385 975
93 48
185 510
35 262
26 262
709 672
617 423
538 863
484 882
964 329
364 424
192 708
320 130
268 309
406 205
408 539
193 187
245 516
101 778
510 489
540 784
291 986
120 683
59 904
944 834
666 438
615 578
65 422
691 109
257 449
266 146
200 516
175 788
648 502
590 923
362 800
304 605
746 860
522 32
40 193
290 920
858 47
312 313
10 778
289 650
157 621
183 631
664 348
234 787
76 645
49 483
933 807
195 62
690 884
632 115
773 216
12 442
623 439
105 815
743 169
607 160
790 618
255 394
372 464
816 107
38 201
71 571
401 712
321 142
921 996
180 30
825 452
120 946
148 220
269 965
443 227
92 998
98 698
493 668
354 333
208 132
378 244
703 611
526 730
822 255
696 939
482 764
841 993
544 492
647 753
478 596
2 395
237 396
496 321
313 362
762 800
438 974
170 690
783 167
328 614
375 443
224 572
761 706
505 812
35 907
884 490
458 127
969 638
86 381
69 620
703 243
925 225
915 626
666 289
931 363
75 698
76 827
467 197
157 473
753 601
292 501
401 195
139 986
931 924
106 776
103 477
459 763
830 148
587 557
934 460
586 401
436 109
642 256
837 188
289 268
937 928
488 547
706 396
863 743
893 97
276 451
670 446
125 866
388 925
667 899
758 49
918 156
537 865
581 302
94 777
270 355
440 727
863 112
746 264
187 962
644 671
214 926
938 295
32 143
594 988
256 434
211 563
262 374
222 247
584 938
627 951
727 969
360 732
723 241
251 423
810 236
272 520
424 605
411 22
316 468
158 764
320 154
634 881
987 32
910 654
331 137
787 210
570 247
561 45
366 554
450 210
725 746
903 214
992 556
761 827
927 608
724 386
501 909
441 222
724 485
612 183
115 173
255 25
569 787
77 148
989 461
707 627
6 816
993 578
471 228
779 397
225 709
449 636
426 37
807 27
176 981
935 684
514 497
647 120
920 535
491 10
364 427
936 234
576 686
372 938
654 518
729 684
10 42
81 508
53 82
738 443
241 209
640 276
212 112
928 850
185 567
787 838
453 673
240 228
138 199
746 138
203 569
203 406
830 145
226 223
186 540
179 344
41 718
303 674
400 806
410 343
462 963
288 627
285 857
634 715
441 126
790 482
347 642
772 685
169 546
11 886
141 309
30 414
161 966
743 265
615 440
876 470
902 455
843 567
838 755
786 672
33 318
117 766
944 315
890 636
875 635
718 667
615 395
979 224
87 23
546 706
775 976
730 961
903 29
998 973
340 899
959 544
954 64
805 478
192 203
380 669
195 156
863 503
688 814
579 996
342 178
734 257
807 867
751 320
308 393
806 504
433 344
428 136
796 289
395 729
570 786
280 328
237 208
117 842
536 448
266 625
827 628
168 707
720 48
756 153
584 217
322 567
216 319
47 140
360 388
929 524
378 962
691 964
836 999
948 201
45 785
332 801
362 647
287 149
70 836
830 58
443 903
467 215
996 600
330 702
434 477
830 344
260 622
560 889
71 690
372 996
243 278
309 29
609 512
872 777
590 333
626 19
275 514
383 637
571 155
801 961
118 918
747 471
897 981
13 359
909 110
127 811
337 257
551 368
107 641
684 993
118 434
110 562
785 505
376 175
988 94
946 446
432 161
717 272
853 744
950 238
680 790
893 431
678 153
779 424
149 346
755 312
712 798
836 350
134 543
596 358
645 890
23 43
208 589
938 406
360 133
27 500
42 775
375 780
564 158
502 80
292 119
121 782
748 707
298 637
944 169
775 648
675 274
860 980
818 650
652 239
88 385
744 662
441 847
298 323
249 171
295 775
191 191
837 434
715 226
622 408
695 431
664 527
674 824
986 65
206 953
91 472
84 185
226 715
97 894
849 754
958 31
173 458
354 138
120 369
910 268
642 806
198 583
692 325
811 132
464 464
710 189
756 692
146 336
889 9
450 478
396 28
592 521
349 105
482 171
523 142
628 896
843 153
914 427
677 839
36 151
472 259
517 515
546 224
591 313
501 368
729 448
67 500
417 971
829 259
274 513
545 157
219 472
220 472
746 894
485 238
491 551
511 691
387 288
286 294
456 968
586 977
329 920
231 468
373 983
37 489
580 189
829 352
816 53
961 144
795 382
544 932
988 92
751 944
683 863
218 536
963 678
590 864
522 942
736 840
999 740
699 347
421 864
609 508
69 203
874 25
38 890
675 728
414 465
144 537
404 246
729 962
46 352
429 389
836 318
548 517
259 389
169 806
634 185
920 180
163 608
76 949
204 474
126 14
926 298
847 728
30 501
744 923
530 29
765 59
63 149
765 180
318 439
878 139
168 346
938 885
545 83
555 856
980 447
385 941
857 120
710 79
868 479
658 992
400 519
31 156
147 185
265 393
551 293
356 815
727 185
1 699
214 226
208 34
840 443
720 978
333 189
201 194
941 917
276 263
213 949
17 256
704 628
153 347
181 304
791 214
632 431
530 731
503 724
509 658
426 678
467 160
401 130
678 283
584 393
132 201
671 80
191 786
476 876
880 161
696 990
1000 869
842 783
24 934
841 623
159 528
648 691
44 588
777 798
241 466
446 935
330 492
384 207
342 731
364 717
532 730
333 947
727 277
352 825
591 809
171 883
973 906
527 185
491 479
208 958
683 265
87 311
283 213
682 98
493 921
439 116
987 336
558 211
742 172
478 115
328 994
626 974
519 945
622 455
171 649
127 569
339 713
610 904
639 942
48 102
722 57
148 541
562 489
453 473
880 417
534 202
642 517
341 649
376 944
859 566
563 72
729 342
933 728
818 932
411 679
103 225
39 40
219 846
555 23
974 741
797 440
802 10
203 265
342 179
680 838
697 371
634 744
893 784
641 678
773 105
420 761
707 546
577 718
767 55
227 600
290 757
143 345
53 187
898 606
2 917
396 378
859 526
290 61
729 796
154 899
604 632
114 770
821 193
240 927
330 403
39 194
710 429
759 133
583 351
384 370
30 287
132 669
760 384
107 293
995 31
902 427
426 957
596 549
735 785
843 317
482 102
149 539
29 143
443 490
139 581
473 616
988 365
372 831
662 1
816 361
62 65
940 87
528 553
25 760
879 59
189 862
889 118
673 52
824 841
322 958
790 747
641 965
685 611
178 355
355 761
911 39
303 912
469 555
717 494
842 770
433 515
495 962
679 797
575 967
952 422
623 380
250 230
236 393
22 571
690 25
232 525
308 212
176 113
48 446
911 4
561 18
94 82
275 529
505 535
686 920
536 608
671 64
406 886
557 201
527 116
366 849
399 405
628 244
119 33
659 862
853 511
793 226
499 885
904 73
607 921
118 496
234 687
516 265
326 767
11 378
492 84
990 88
695 700
23 172
835 471
225 814
884 319
177 255
376 793
222 994
46 720
465 632
75 261
684 54
412 504
288 135
404 803
810 179
262 716
754 820
268 955
244 43
335 707
94 254
925 256
574 513
314 394
516 594
841 412
158 591
572 771
364 856
11 931
75 619
55 687
899 67
470 911
197 774
286 919
622 955
317 202
679 124
830 358
579 239
58 114
432 154
820 222
259 854
553 313
857 704
301 904
166 664
104 17
735 636
477 235
724 939
974 77
248 456
36 916
91 290
83 750
531 182
445 660
384 430
448 270
188 856
89 570
322 311
239 865
372 828
265 752
432 718
40 481
95 144
863 356
796 416
681 326
433 650
841 635
834 150
105 280
642 776
741 316
78 349
552 830
552 12
577 816
195 634
450 738
209 678
330 471
948 997
333 930
385 73
68 459
540 640
25 358
339 292
959 84
687 691
517 136
110 715
206 968
643 165
47 915
633 815
921 215
126 771
65 371
390 52
256 24
591 966
222 797
739 527
181 899
139 890
650 942
309 932
466 734
352 170
616 730
937 77
123 498
570 641
128 243
296 199
862 559
833 326
797 466
753 941
604 288
184 551
958 931
5 841
94 959
753 48
181 714
466 583
713 83
397 870
18 946
535 11
619 157
924 411
910 672
250 672
809 933
619 128
819 677
44 85
72 34
878 493
323 763
507 346
671 0
552 596
648 781
396 732
737 544
530 246
459 662
167 822
343 271
486 766
18 808
796 1
382 548
149 366
900 725
138 5
322 33
262 834
103 99
876 337
131 49
529 210
447 576
64 539
435 976
801 425
873 653
685 0
323 924
925 769
196 406
283 277
839 137
327 97
694 65
889 626
178 438
562 293
810 181
352 942
462 32
979 271
966 418
161 937
953 784
23 629
277 540
702 837
380 569
951 362
97 616
642 349
926 954
242 168
465 362
829 477
95 172
544 27
840 928
539 552
713 303
541 462
694 353
888 199
653 310
253 372
509 923
453 207
744 672
600 40
650 544
904 255
191 772
360 102
148 194
895 759
82 868
423 680
822 33
67 6
802 842
971 939
693 976
590 151
567 122
374 520
806 225
398 873
144 949
471 176
450 713
880 787
885 455
443 453
920 370
50 694
482 495
770 29
659 318
433 749
695 285
209 435
474 487
929 435
955 898
793 518
1000 667
339 675
550 648
74 273
282 249
743 213
462 442
378 16
933 309
299 169
783 719
886 905
124 823
190 225
93 411
855 568
431 263
929 478
624 792
635 552
809 538
770 805
660 739
754 664
763 100
0 570
141 98
654 119
473 75
768 619
703 560
948 578
254 461
56 839
183 33
643 451
211 58
673 553
494 968
186 34
131 633
415 635
399 72
688 312
265 545
581 718
914 542
447 101
542 683
478 237
679 786
930 991
759 81
531 883
493 346
76 588
277 770
519 360
742 640
441 169
864 125
851 284
63 3
634 758
780 158
273 880
460 997
22 423
495 827
849 918
373 170
184 243
716 862
205 697
830 8
19 748
541 299
284 69
944 449
111 334
874 540
172 399
529 562
983 583
504 251
261 48
425 118
689 64
617 129
106 913
262 92
490 297
352 853
677 973
540 676
228 65
660 36
963 936
257 694
357 456
579 263
481 960
831 52
802 374
693 768
672 149
106 227
548 577
95 38
224 804
140 753
57 722
986 461
475 79
233 745
72 288
444 392
975 271
451 934
898 937
437 872
642 740
500 722
912 936
712 852
371 407
590 344
237 983
113 786
423 217
467 122
467 898
90 259
136 733
838 522
699 153
226 729
62 115
743 363
208 68
740 745
265 300
108 51
199 230
337 429
737 126
340 306
179 310
182 206
141 497
941 364
412 992
260 786
814 156
283 507
276 659
732 362
803 324
11 247
339 99
709 202
960 161
454 865
49 145
964 660
418 502
386 490
839 119
279 521
179 721
633 164
839 216
433 342
792 92
136 851
214 781
375 797
508 406
701 481
492 365
166 992
399 164
15 675
632 789
152 355
74 350
218 353
53 486
81 646
367 370
745 967
661 712
59 83
9 944
743 716
464 727
75 90
526 146
312 826
35 55
611 611
865 148
929 287
985 105
527 417
145 497
194 957
995 384
192 501
693 990
812 320
878 963
904 943
866 219
656 836
773 420
208 868
170 187
747 891
437 597
288 247
438 473
469 884
89 698
394 614
232 689
976 895
982 720
844 361
283 636
573 499
138 167
677 286
586 419
322 423
946 995
343 426
552 109
235 642
957 744
331 851
54 650
46 758
456 643
800 520
486 637
589 625
755 205
426 907
850 666
495 783
457 15
174 916
192 85
941 232
86 910
689 40
493 513
684 345
528 886
413 806
574 702
765 632
986 925
170 990
380 859
213 281
955 100
675 209
537 550
85 420
226 480
279 456
642 638
295 957
39 153
551 951
131 696
704 977
650 154
858 651
182 444
960 876
610 417
548 52
889 408
106 478
894 131
296 4
193 30
540 825
90 360
109 635
748 113
868 481
606 317
388 961
472 322
821 937
337 1
297 199
309 270
151 812
906 163
267 820
174 693
893 206
122 940
666 580
150 209
361 457
657 421
468 327
740 27
822 986
858 222
11 469
553 764
217 952
29 155
393 387
822 988
131 944
608 256
696 66
753 691
885 209
504 804
881 166
873 629
411 57
958 45
888 899
717 950
816 455
724 809
412 738
498 160
698 869
437 198
300 344
857 3
747 107
520 257
290 734
860 610
835 648
809 193
303 640
457 650
230 374
247 439
727 269
322 712
901 616
155 275
263 765
167 962
860 90
996 342
372 663
702 526
508 214
783 223
736 235
123 785
509 924
359 945
422 6
141 892
828 406
150 336
542 532
8 589
673 459
585 966
868 266
145 194
314 953
561 243
866 960
139 843
323 618
522 622
528 593
636 65
610 368
968 501
216 203
672 251
133 563
792 643
939 131
326 607
766 787
474 196
717 127
899 803
397 501
990 528
791 682
584 220
287 631
502 638
923 495
162 816
186 997
164 642
614 732
705 885
150 936
507 423
695 911
798 347
499 169
260 531
199 778
752 127
53 977
994 33
655 117
815 126
720 735
466 974
418 750
181 251
361 117
905 371
995 392
101 954
370 888
221 174
997 672
134 66
201 364
133 929
131 169
554 505
259 476
289 178
251 887
534 256
502 532
201 44
493 31
371 467
648 710
44 575
94 807
788 53
918 46
336 713
205 501
150 964
572 371
71 895
922 887
897 719
431 558
362 450
289 878
550 579
652 40
658 456
780 278
571 530
948 298
54 69
488 138
968 390
932 939
698 55
351 731
878 624
251 248
401 701
780 298
58 1000
330 628
559 143
778 36
421 771
147 324
625 916
663 746
301 900
779 966
797 182
566 800
168 83
590 693
658 864
974 328
14 506
544 128
360 155
35 967
320 244
122 423
847 865
951 524
82 192
44 399
839 950
712 582
834 973
930 837
146 643
772 226
759 492
207 454
342 89
567 112
15 780
32 787
40 121
810 158
570 723
986 863
720 577
369 197
372 699
495 30
510 146
945 766
607 232
91 65
122 247
923 928
484 539
681 334
396 398
308 211
107 736
620 974
891 884
63 231
656 260
434 595
47 459
896 271
70 703
188 283
971 929
121 698
569 993
466 3
88 133
238 652
859 976
805 640
73 71
589 78
300 648
805 803
917 541
935 420
724 99
721 760
298 48
458 238
144 162
88 371
469 508
344 333
332 547
548 239
30 666
219 202
720 374
508 846
370 55
56 407
909 679
72 995
684 516
0 201
32 23
702 405
148 93
563 676
192 585
608 865
949 362
167 971
203 735
514 149
92 192
661 161
404 515
325 305
70 185
491 52
686 577
211 446
541 666
497 32
482 300
706 324
506 223
292 415
618 261
435 182
383 320
682 637
99 193
882 528
219 99
440 986
666 106
862 204
534 459
380 27
582 432
503 154
102 543
362 720
692 855
802 122
245 61
273 655
783 34
375 185
854 18
241 123
446 185
163 325
984 998
892 156
318 237
118 388
919 745
420 917
5 417
538 355
99 354
718 479
199 927
708 961
855 984
955 653
239 112
934 123
243 80
759 403
84 527
523 695
360 86
99 804
618 54
891 496
151 643
85 639
169 217
947 533
576 486
198 271
146 230
553 180
29 353
481 427
625 853
506 309
865 496
723 809
704 625
605 990
1000 353
481 888
833 759
363 661
726 19
595 366
178 550
255 939
476 597
209 938
361 165
736 559
14 102
579 705
930 566
214 732
583 323
816 383
856 19
23 696
29 885
54 85
304 43
776 470
651 705
529 258
638 691
55 803
874 90
962 256
399 75
396 541
743 809
177 963
336 30
449 987
608 383
106 532
487 425
302 220
195 608
7 304
765 548
874 17
699 363
591 315
433 639
419 193
790 80
575 370
348 479
161 167
580 849
908 218
676 730
689 172
79 130
451 297
190 345
444 524
210 374
884 872
553 829
913 677
97 590
651 168
623 375
673 995
225 248
330 17
161 606
774 913
469 870
767 701
477 709
611 298
732 433
695 445
855 724
733 436
824 34
206 240
281 27
507 857
987 125
538 532
279 728
638 741
137 925
552 74
417 88
227 128
329 921
987 471
313 178
733 832
322 876
398 233
373 707
961 590
790 236
623 129
368 433
295 434
535 892
406 206
384 449
126 364
314 569
872 827
45 113
499 301
879 844
81 334
729 248
856 730
577 362
756 505
584 209
425 561
65 697
615 343
745 555
648 772
22 59
631 196
333 44
58 329
112 422
548 246
918 682
64 634
988 270
581 495
253 93
325 146
419 871
908 1
836 118
125 835
577 306
312 789
721 742
216 959
183 507
310 864
944 428
262 828
500 825
594 855
429 265
289 468
260 646
987 141
562 966
171 143
791 741
659 96
351 543
540 15
5 443
360 378
301 323
380 895
545 357
64 357
752 552
700 356
623 252
448 530
971 347
942 937
822 34
639 949
784 15
856 678
186 991
976 390
249 496
425 216
455 675
43 75
504 745
401 342
873 275
303 459
408 811
906 627
188 183
355 745
250 748
779 725
174 216
800 859
681 864
792 419
901 325
270 244
605 939
657 52
32 247
594 309
336 461
109 834
459 209
261 389
72 423
289 959
718 984
124 503
8 850
568 659
964 886
615 210
616 296
338 315
915 300
861 438
136 48
522 69
925 946
553 591
796 725
318 558
348 945
636 706
391 23
340 738
52 668
978 231
229 405
997 564
222 679
960 843
937 858
574 20
940 638
227 488
490 556
409 965
899 743
810 352
998 570
453 655
691 604
121 54
384 409
98 331
776 653
790 564
938 412
608 798
186 873
355 894
928 913
94 977
582 6
3 989
324 982
962 237
930 745
970 218
193 646
382 843
708 766
8 770
646 198
549 997
230 579
38 216
235 380
465 419
629 738
166 516
334 163
497 498
562 787
392 534
191 321
339 395
47 78
589 351
475 631
569 47
146 424
97 51
451 887
217 899
153 907
324 569
559 826
952 523
917 481
339 225
652 73
977 475
238 447
165 439
335 47
199 355
199 371
979 665
1000 165
434 725
500 760
142 4
838 701
85 471
737 526
861 700
833 584
428 951
703 252
212 765
314 549
368 358
849 699
576 756
704 935
385 471
160 889
277 5
339 376
451 193
337 145
402 855
768 827
142 854
655 449
994 604
144 739
449 756
274 655
845 731
484 101
367 551
410 240
542 114
180 792
366 420
530 980
195 479
582 868
575 515
653 323
961 384
81 218
934 306
76 834
591 479
834 907
521 247
160 981
335 297
81 865
918 678
800 359
330 555
582 953
535 14
176 744
808 8
227 752
2 666
992 429
776 798
151 105
517 650
765 428
519 956
529 11
326 815
546 919
237 18
441 319
338 201
161 733
559 85
379 747
152 196
339 643
956 746
35 974
735 113
587 831
757 495
72 689
677 407
637 890
775 264
481 416
115 198
250 90
760 1
975 584
74 130
700 798
883 689
998 859
560 197
199 506
18 536
213 137
211 863
62 943
799 367
190 453
650 788
416 490
81 638
281 955
427 747
330 45
721 500
3 890
932 593
260 371
133 28
805 792
581 110
345 285
767 634
979 801
526 704
42 221
222 317
913 684
583 437
85 55
899 0
692 710
695 324
536 225
241 52
423 568
847 295
985 218
509 525
531 559
646 697
648 122
887 634
495 245
889 678
771 618
895 935
273 391
488 751
435 574
240 319
341 958
648 441
899 133
182 181
888 976
873 386
179 591
796 505
517 926
475 770
902 346
765 486
476 465
82 430
82 387
541 985
722 670
644 999
248 169
726 56
318 449
175 145
313 352
46 937
853 773
981 546
584 678
875 832
762 807
995 208
765 498
585 752
55 447
192 490
99 731
893 139
84 638
524 458
11 86
542 241
653 502
66 951
504 181
73 7
767 256
824 825
970 507
899 383
140 627
493 221
213 333
117 258
651 521
189 821
41 346
509 757
920 791
229 120
203 130
534 651
837 553
959 785
777 546
627 12
508 40
843 665
572 50
498 762
152 401
323 739
739 178
809 56
817 325
734 650
660 190
119 693
590 231
708 981
589 201
174 1
919 386
337 136
238 999
93 719
112 851
375 392
430 468
37 198
267 569
553 193
459 18
619 946
578 114
849 566
812 345
908 29
879 317
561 272
301 67
629 160
991 898
492 959
572 460
525 454
161 456
512 597
333 96
662 513
297 378
535 743
117 267
138 175
836 997
34 48
447 334
726 153
139 804
404 508
875 508
599 460
224 151
233 57
662 56
495 579
56 956
610 715
640 778
330 866
296 657
354 167
22 172
679 975
1000 193
998 128
433 892
328 816
974 9
145 600
899 502
153 388
837 178
508 267
534 1000
979 700
950 899
352 241
338 266
609 402
490 760
629 631
441 678
315 319
768 418
736 870
907 2
278 147
222 781
793 767
900 467
802 774
620 844
377 225
690 680
120 532
649 30
94 936
751 714
939 609
870 74
32 921
652 604
989 633
226 773
284 245
201 172
967 589
397 464
609 951
534 579
704 227
690 926
449 462
233 995
394 914
264 817
149 370
575 439
220 931
956 871
978 225
304 897
529 836
148 527
289 742
946 22
547 449
633 492
819 360
55 192
26 352
934 387
660 186
161 393
787 172
585 54
230 651
447 262
468 884
411 657
563 488
0 662
850 983
751 233
320 872
522 257
713 734
712 542
426 322
939 177
443 161
633 375
800 292
114 801
450 621
418 147
427 408
550 668
284 290
348 245
211 321
234 59
339 541
73 961
412 924
261 317
996 921
370 479
624 127
664 5
904 698
24 57
79 917
922 979
24 355
60 576
25 107
268 448
858 707
773 475
386 974
221 317
550 284
349 577
383 791
808 782
854 591
932 751
88 420
729 312
92 423
953 443
499 861
125 670
463 269
498 214
68 265
427 754
409 278
713 999
34 706
818 159
643 85
482 504
58 305
445 240
338 529
140 920
287 878
273 868
789 132
191 156
509 973
974 372
103 103
542 47
994 753
775 920
186 959
502 755
836 233
357 889
473 951
669 639
450 475
147 11
363 163
262 537
758 61
256 438
66 547
93 945
580 847
939 872
281 578
431 974
611 24
158 597
331 753
930 91
168 550
667 285
836 349
750 236
868 983
383 164
154 39
272 138
403 783
279 899
134 811
343 544
329 963
202 545
65 752
590 89
535 473
983 4
147 881
218 682
281 912
872 877
208 893
491 429
852 247
308 505
274 43
707 211
111 767
3 185
612 189
503 858
287 975
851 150
925 752
244 717
530 562
661 112
853 806
118 604
569 767
593 164
804 886
95 182
283 756
196 100
398 672
535 380
912 101
127 300
948 852
189 663
256 829
31 955
786 1000
838 206
846 43
151 791
619 107
737 177
428 208
805 960
42 846
771 380
161 151
984 168
313 883
625 979
954 447
975 93
885 914
689 335
369 287
343 10
110 16
631 719
747 557
105 558
684 966
649 572
382 837
616 838
374 641
738 592
49 256
302 733
7 473
581 756
719 203
883 668
420 990
189 992
284 527
992 459
394 715
165 526
280 114
915 582
314 300
764 832
322 942
47 33
344 530
982 606
469 458
597 934
834 85
990 587
648 160
100 369
105 105
193 541
388 156
138 271
980 395
74 25
240 793
984 321
149 486
485 115
964 736
661 26
747 75
65 144
366 126
896 416
208 991
935 96
48 303
226 91
789 669
764 866
926 184
816 812
455 362
46 934
349 793
561 301
422 809
256 233
535 929
456 299
465 238
365 186
744 465
758 410
447 426
710 79
120 14
13 536
820 235
714 185
789 525
279 724
130 350
221 235
435 729
606 732
359 210
143 250
348 196
277 797
438 521
248 236
842 28
308 294
527 11
582 863
367 863
587 103
514 523
726 513
714 124
709 674
535 486
896 72
696 729
738 420
659 160
546 745
499 792
168 315
205 567
124 925
156 721
940 963
256 986
722 405
427 694
566 371
179 912
562 854
601 551
648 796
281 842
499 922
789 77
466 379
295 538
223 218
496 237
143 251
956 931
243 657
865 140
587 487
816 500
46 375
438 291
255 203
443 789
390 444
529 296
350 347
220 42
519 650
577 463
912 324
106 92
569 792
354 577
101 703
632 664
718 573
600 198
345 383
259 122
52 142
914 490
824 466
655 104
788 930
449 889
963 288
891 325
525 221
142 413
851 101
749 927
824 291
219 742
916 504
725 475
674 536
717 257
626 810
422 953
14 340
620 547
298 235
396 812
792 652
209 442
650 332
264 807
221 654
528 296
721 689
821 439
413 658
29 468
353 214
627 398
274 273
738 495
754 754
505 122
514 957
694 759
495 1
59 118
285 945
28 941
546 152
255 199
645 328
316 478
745 855
336 854
643 354
736 986
754 558
376 901
193 393
988 760
793 131
792 23
183 984
429 756
153 847
673 732
872 322
121 245
53 775
589 886
847 955
239 913
696 352
751 961
55 694
748 515
83 825
452 738
540 440
353 935
237 744
422 120
664 167
693 384
523 175
121 640
402 56
36 190
427 383
472 425
932 848
469 526
605 661
373 983
791 895
694 17
648 530
323 326
506 573
982 828
121 466
208 705
976 166
741 232
526 798
521 62
831 46
686 914
45 958
709 963
458 786
52 759
478 661
939 453
1000 906
309 562
917 314
513 608
120 524
292 830
561 719
490 570
849 126
20 531
496 136
836 31
150 997
736 891
544 505
957 424
61 886
947 319
858 289
730 812
289 543
161 292
958 570
114 740
414 849
587 980
626 943
574 592
403 844
652 983
728 370
928 923
71 274
744 109
303 54
518 487
401 638
745 911
246 906
453 556
661 544
937 715
567 85
130 237
766 928
368 845
429 569
474 220
342 146
174 702
423 401
646 64
905 384
262 233
879 852
213 160
621 272
434 518
515 259
286 786
627 642
312 211
590 40
830 15
169 169
247 516
724 573
452 811
694 943
126 172
443 502
733 354
482 457
603 905
380 654
721 896
819 324
547 217
886 119
347 982
947 184
272 472
413 455
787 615
891 386
37 721
561 504
323 242
823 41
25 335
199 530
588 411
523 583
929 833
203 470
288 402
339 725
517 360
929 835
62 376
690 419
104 221
410 563
317 238
960 265
621 321
275 108
616 39
541 797
784 946
511 390
635 491
219 81
976 727
66 26
453 222
156 943
884 661
799 299
595 267
820 975
882 318
464 752
826 646
345 442
629 702
440 848
130 541
142 429
222 868
743 321
296 436
357 588
147 857
228 919
585 891
209 799
53 398
625 26
256 762
298 48
646 645
728 157
434 605
525 284
463 672
340 147
644 458
94 269
35 308
806 67
412 148
10 702
677 348
347 349
889 573
92 989
41 342
772 281
986 650
390 74
882 644
474 154
635 411
894 123
117 283
177 542
54 370
730 670
280 170
561 118
149 796
527 777
832 940
985 975
929 443
388 260
546 61
156 127
759 562
381 182
236 157
304 709
509 492
559 90
35 251
887 25
16 145
572 220
122 435
905 831
476 462
650 954
537 154
803 266
847 780
483 480
201 598
561 170
83 5
107 356
702 2
561 187
84 696
808 605
225 45
71 774
809 770
330 970
289 62
461 958
140 879
316 675
560 841
205 234
602 407
767 178
46 65
567 339
868 117
730 107
746 724
231 589
422 570
553 821
732 305
372 629
313 316
815 773
20 860
7 654
802 920
346 851
45 645
67 38
680 699
666 683
36 114
218 744
893 459
471 363
409 778
742 718
185 38
651 256
651 142
344 275
181 486
708 569
445 826
732 504
228 127
705 232
352 653
692 448
505 893
674 874
804 356
137 29
609 576
808 453
830 647
988 989
38 295
637 815
409 310
447 78
132 607
349 976
18 321
337 754
109 338
382 788
287 234
544 551
373 59
975 27
697 326
820 519
229 606
753 712
666 68
522 346
831 183
62 350
267 275
983 986
654 835
482 495
389 75
265 673
920 707
515 886
143 656
351 224
947 955
42 742
833 282
104 235
758 841
410 187
81 641
55 726
909 387
404 840
268 976
533 678
987 691
785 616
799 188
590 839
311 748
345 355
852 461
920 369
560 573
669 11
97 545
699 53
797 246
475 923
364 108
422 258
186 573
905 419
707 460
966 265
73 197
63 523
511 291
694 819
610 410
981 3
662 10
193 619
317 128
428 274
95 310
796 99
18 944
135 428
56 804
875 1000
393 960
963 322
482 850
1 363
875 767
362 853
252 79
508 871
458 165
360 344
319 539
237 450
556 917
886 194
277 580
320 435
53 504
4 988
639 841
447 129
918 528
461 268
467 381
429 371
847 892
394 805
530 297
978 391
217 244
322 701
681 202
539 246
972 462
444 137
702 298
111 975
964 305
814 548
637 96
658 484
650 206
569 367
665 394
10 972
869 636
493 558
966 844
668 77
918 66
797 331
199 664
545 619
41 113
840 700
577 160
491 543
472 573
41 266
831 124
645 624
356 277
528 805
112 898
568 955
417 842
467 114
193 552
123 38
833 982
851 214
271 778
304 512
61 915
412 872
415 825
325 214
55 635
100 53
751 300
339 493
311 223
321 172
396 172
884 366
915 741
117 362
520 471
539 475
824 41
444 896
344 106
25 808
30 627
126 504
450 370
746 899
663 458
468 834
241 643
107 690
524 811
297 552
487 417
284 931
251 627
93 606
405 513
736 513
606 161
580 362
565 49
781 478
436 303
312 502
135 355
972 303
73 988
642 151
28 94
885 593
878 117
444 658
711 816
226 831
920 615
85 232
922 946
268 402
647 763
526 359
606 248
537 548
970 28
4 754
670 869
523 772
300 677
527 34
434 351
911 11
584 355
142 716
618 138
885 690
977 142
10 603
585 203
70 759
826 984
996 307
164 181
86 670
223 734
836 135
205 338
881 568
512 177
25 717
384 734
799 360
897 505
166 276
535 682
418 169
798 433
461 219
321 842
260 366
511 697
261 155
779 593
371 231
561 999
450 700
72 102
168 189
18 363
169 804
333 956
927 578
350 383
1000 385
869 489
636 642
949 73
150 851
724 786
131 557
647 92
722 524
682 724
288 272
297 807
453 714
744 582
483 806
101 866
385 737
93 79
227 605
446 305
533 526
73 571
187 534
248 235
6 113
418 808
587 116
606 982
203 271
334 488
222 215
501 818
454 568
885 780
899 141
278 427
149 459
183 644
382 459
982 785
872 669
267 80
356 23
487 912
629 60
618 945
55 129
227 311
907 255
977 619
191 722
349 874
987 368
411 349
822 831
462 335
955 884
464 886
340 14
220 434
294 606
825 114
650 602
760 362
517 423
322 144
869 215
504 299
896 645
146 174
301 706
32 480
178 291
995 880
912 341
813 697
503 620
409 919
702 262
262 707
372 699
16 583
126 486
619 252
571 592
811 226
511 353
297 794
725 83
554 375
482 784
176 883
892 17
792 426
971 666
105 608
16 42
313 773
984 822
837 581
17 717
368 178
827 531
838 752
121 206
736 793
611 630
301 771
683 733
371 646
954 580
992 58
75 922
823 367
791 35
564 718
943 887
133 898
877 22
978 84
517 274
13 541
47 769
945 218
298 446
933 922
530 275
742 778
154 303
563 577
114 326
879 572
888 410
444 937
968 430
939 289
559 815
780 517
138 919
941 296
241 802
177 868
764 600
724 301
407 598
246 266
60 779
2 529
243 575
40 279
406 515
157 443
523 460
418 916
265 538
741 128
639 677
231 954
884 916
497 896
885 617
673 389
517 741
379 769
340 279
356 383
160 993
158 857
137 829
868 185
502 983
339 475
326 765
701 457
84 310
657 53
84 724
927 1000
727 652
43 360
406 197
204 148
761 505
481 303
967 441
542 609
522 270
341 771
446 370
523 320
299 477
897 472
675 408
30 495
134 559
913 722
397 470
978 629
84 550
529 413
365 578
957 605
792 555
271 120
214 894
607 657
686 319
833 687
509 697
466 610
806 464
214 748
81 906
721 409
670 71
444 470
975 419
442 434
315 105
136 293
598 748
318 67
158 9
921 836
229 82
92 913
746 648
79 358
528 137
181 10
91 748
143 818
15 683
354 145
32 230
828 409
340 313
980 709
171 118
103 305
379 492
874 325
174 905
136 262
725 254
810 594
392 329
885 183
816 270
402 913
930 994
546 626
233 915
263 872
446 695
256 288
757 369
444 180
1 153
6 793
801 769
697 377
270 591
39 177
826 915
672 617
670 139
675 861
428 909
416 747
54 170
924 550
969 685
231 527
738 762
603 331
874 590
878 948
56 797
58 692
682 557
470 60
472 597
297 728
938 639
261 278
563 660
473 657
497 351
834 875
101 266
547 986
122 865
861 39
907 38
220 158
420 613
162 407
755 144
45 805
542 862
482 769
416 987
830 305
411 58
644 284
526 421
457 779
312 386
284 343
478 535
187 121
711 834
855 81
351 24
912 80
402 419
256 628
185 477
971 237
175 683
169 476
146 725
483 444
620 444
363 919
155 452
531 385
20 711
282 321
720 131
755 188
884 341
530 240
187 299
832 991
488 514
558 332
237 34
762 729
352 985
103 588
59 872
479 965
775 792
795 653
17 49
233 529
844 281
336 188
492 325
421 958
352 452
624 962
717 915
9 552
934 326
762 430
164 309
271 770
680 61
282 161
167 900
15 510
490 277
83 462
158 970
945 970
816 935
807 237
276 371
975 941
810 477
326 75
881 134
784 781
651 245
29 650
492 915
376 39
654 396
770 535
699 142
758 45
43 543
655 299
886 701
118 778
751 433
324 490
497 897
600 698
21 110
284 314
131 495
910 905
906 490
397 516
245 53
333 672
839 753
964 836
668 18
588 794
425 894
567 717
682 54
906 906
109 110
840 380
875 923
771 311
350 95
441 846
550 209
877 298
384 264
17 871
116 360
181 400
432 208
115 228
978 237
377 534
305 317
505 232
643 149
589 429
574 51
19 600
94 580
21 742
0 480
305 141
826 987
638 171
336 768
530 906
796 487
923 92
114 726
587 478
75 252
381 153
864 255
793 685
216 812
409 521
671 777
935 913
961 928
358 150
31 374
955 581
719 10
552 943
282 504
666 89
681 354
886 874
172 100
807 726
751 245
540 266
457 898
191 846
0 996
239 248
852 51
417 505
335 756
653 622
840 523
896 216
664 786
268 486
575 124
63 264
994 702
197 175
219 188
106 828
639 817
743 478
657 646
10 819
410 60
53 200
558 36
276 374
607 454
338 897
199 950
712 88
675 473
187 140
386 355
522 508
238 391
712 310
547 266
910 267
666 637
732 229
519 950
334 815
104 135
87 600
667 242
829 283
815 615
829 52
302 838
506 653
89 87
629 381
7 314
190 445
957 754
511 872
271 871
434 618
101 550
933 514
380 694
421 396
40 443
973 823
640 1
99 762
262 161
502 574
595 820
68 922
861 834
310 142
700 694
590 937
581 938
238 830
425 206
526 395
110 384
952 202
859 405
67 721
648 542
746 342
990 163
914 855
104 231
534 267
65 481
255 981
929 516
580 242
585 853
719 6
471 642
985 58
616 80
874 980
551 711
856 692
880 823
370 95
822 674
335 653
248 680
694 699
106 682
467 968
949 955
954 737
844 868
363 40
767 393
487 57
380 436
957 444
41 442
400 572
958 767
231 344
573 312
315 482
853 39
766 444
84 554
211 337
551 335
327 741
45 946
347 975
373 844
808 680
240 879
207 995
581 648
181 156
402 370
667 12
607 240
843 944
824 956
549 580
992 97
154 692
21 192
0 379
930 1000
946 655
806 225
612 794
737 927
436 456
531 974
966 150
261 575
112 650
497 975
967 519
682 438
327 232
932 474
555 359
738 217
603 111
76 428
205 231
345 284
157 777
520 678
687 130
247 114
145 253
416 436
71 286
320 608
293 335
438 478
539 941
470 440
919 186
156 579
471 710
182 915
230 699
329 867
516 615
329 814
883 435
61 810
310 913
669 587
795 307
458 759
15 461
863 532
846 516
906 618
206 864
336 659
433 958
294 874
672 787
418 191
447 365
539 508
151 293
511 315
652 392
525 165
741 418
192 433
253 137
446 310
328 853
672 969
47 288
392 894
535 100
520 346
443 66
955 73
256 268
166 366
118 217
502 795
675 216
360 794
21 764
921 479
489 738
387 489
873 708
135 497
446 487
474 158
622 398
245 380
804 365
619 447
467 929
296 975
919 403
602 103
425 261
163 527
342 408
543 31
519 975
364 609
36 23
672 40
50 992
171 851
115 565
436 69
735 684
657 178
709 22
847 937
905 638
624 424
556 552
595 775
124 108
904 2
811 882
840 175
825 760
265 126
385 929
672 981
227 118
61 391
236 273
139 204
564 480
774 665
18 966
726 754
840 333
266 448
110 648
83 740
911 521
384 824
988 466
866 53
628 608
870 880
512 327
95 57
231 140
912 543
788 428
561 225
860 274
102 419
333 298
127 706
949 574
482 240
71 657
571 63
668 568
252 938
91 384
368 266
438 397
669 537
493 264
734 522
915 608
3 362
903 875
981 653
153 367
157 943
984 597
551 848
618 129
104 794
964 663
912 14
527 518
114 808
839 637
602 842
310 794
283 98
165 287
624 911
899 329
366 686
812 561
991 638
55 670
832 453
590 243
138 233
188 595
842 375
276 649
997 861
87 58
435 827
201 519
629 194
814 440
464 704
455 118
118 758
602 336
316 560
208 678
905 495
384 490
506 563
557 751
455 987
335 245
332 460
986 644
722 205
565 271
483 412
142 408
98 235
666 704
746 90
235 927
690 793
774 72
653 301
65 964
100 234
487 317
778 177
855 760
323 305
127 312
825 104
1000 900
263 283
779 734
644 386
955 62
279 634
348 873
252 863
908 576
661 588
52 113
684 970
44 98
464 135
234 733
138 342
216 442
809 444
778 852
281 535
456 922
619 987
336 474
926 547
244 720
192 48
762 580
101 414
644 875
754 15
618 275
133 167
548 846
557 296
51 621
819 322
681 85
888 734
499 81
615 699
839 910
444 186
281 555
773 68
340 99
1 203
70 359
276 610
280 347
499 656
336 951
241 691
771 188
349 583
591 294
515 44
951 667
944 878
949 834
577 951
505 123
392 581
245 472
988 982
804 985
781 373
648 129
484 811
650 226
667 384
672 928
963 287
378 382
601 235
825 13
554 861
273 455
2 971
314 469
100 466
135 834
728 494
457 478
965 306
537 713
989 857
136 434
587 108
140 401
131 899
571 60
622 55
12 932
90 286
368 493
459 887
667 649
865 355
474 749
524 457
125 680
815 540
62 122
537 773
587 396
13 96
731 223
710 795
802 949
13 839
518 263
364 924
752 604
65 735
646 583
502 425
163 201
189 622
207 843
766 41
456 59
841 264
377 442
760 858
198 664
99 221
223 673
54 573
684 667
376 669
178 242
294 604
465 892
843 333
459 348
730 705
999 804
819 288
534 498
337 619
383 795
506 535
797 391
706 579
313 191
263 244
745 426
20 912
235 66
760 233
921 58
103 605
110 306
567 207
229 446
817 330
559 119
329 966
982 413
411 434
372 284
601 563
410 650
493 625
486 193
190 163
624 901
594 953
585 777
276 629
947 535
587 219
85 763
386 565
682 267
600 384
127 17
655 727
633 754
629 273
125 681
297 147
853 821
124 867
960 621
14 331
553 532
726 77
881 295
412 437
515 849
770 534
83 592
783 425
519 764
614 654
283 930
533 132
401 349
771 545
616 280
66 241
203 146
744 242
667 23
223 475
934 992
642 988
416 954
135 679
10 751
720 225
833 842
847 461
925 710
441 50
889 568
650 817
910 487
126 677
320 743
916 596
200 660
242 45
164 610
692 777
756 427
989 370
251 551
545 485
254 981
707 51
975 41
627 576
489 877
957 308
546 484
727 645
422 31
881 697
665 112
499 819
103 619
480 572
760 723
197 877
561 529
65 128
515 841
519 7
355 167
657 563
14 29
573 209
898 770
256 226
140 231
909 963
956 143
486 112
257 68
672 630
570 293
209 868
454 976
67 235
35 53
110 168
64 219
983 524
308 218
695 462
801 212
152 536
61 371
371 945
679 393
800 787
35 726
235 610
699 791
164 933
168 57
871 225
575 172
470 385
558 463
884 634
245 969
787 934
510 667
852 522
895 95
754 334
901 449
741 413
529 449
984 335
222 72
549 630
409 728
310 799
694 900
909 591
398 634
629 417
22 174
673 684
565 409
585 96
791 772
595 246
640 283
904 58
866 615
267 292
790 349
447 763
899 699
992 644
363 172
109 399
624 869
695 379
359 544
302 754
787 531
251 131
142 18
330 212
481 381
710 177
974 302
100 315
981 686
653 67
794 504
814 577
565 53
399 564
749 793
85 481
713 128
61 583
522 878
1000 567
416 23
949 828
469 957
277 171
132 517
232 180
419 394
167 310
995 800
438 932
693 233
921 539
648 838
78 550
144 385
406 657
173 178
680 773
815 985
918 314
699 768
26 570
707 822
208 142
938 542
225 806
483 893
717 975
337 136
357 597
133 122
496 781
878 200
220 661
831 964
228 921
358 442
866 686
73 654
650 953
167 851
9 999
900 54
241 240
165 150
693 766
468 798
353 810
618 930
672 174
181 578
799 55
786 590
188 988
963 64
347 163
279 336
721 739
612 42
750 166
700 676
167 660
524 612
231 294
398 79
132 57
420 172
608 792
867 856
445 761
726 174
104 279
576 610
239 674
467 746
427 878
154 376
269 420
749 139
432 217
148 188
132 620
969 659
6 249
533 200
273 398
666 642
329 483
844 317
565 146
52 892
688 907
142 760
789 262
891 26
818 16
510 851
495 858
840 345
384 571
87 840
724 520
210 279
155 302
599 836
950 87
964 780
356 185
500 853
650 191
517 183
352 416
706 575
891 895
657 867
663 925
447 29
466 371
609 285
358 260
857 385
926 199
243 288
951 561
696 128
133 625
850 837
542 589
382 922
461 831
942 364
169 486
148 762
586 344
886 8
3 207
607 271
556 293
85 466
397 717
588 495
280 387
598 545
792 759
160 382
74 406
860 820
509 55
802 470
477 872
805 525
197 702
603 453
859 887
342 743
936 196
174 858
961 341
996 628
569 570
80 71
295 289
179 334
266 239
289 719
405 626
681 442
757 41
237 944
870 736
55 2
386 325
697 223
942 60
399 149
482 155
324 399
950 3
995 912
363 759
161 541
976 11
30 75
279 966
357 21
370 762
284 912
663 364
262 430
893 300
93 850
233 81
91 703
771 424
425 367
221 737
626 155
335 5
349 256
305 536
657 143
658 245
809 720
796 264
725 866
425 890
350 927
478 465
785 794
507 11
890 499
818 421
977 844
186 512
826 165
774 11
741 763
318 66
763 679
917 823
170 424
111 896
862 562
306 192
44 363
115 189
940 410
194 415
290 734
768 878
799 80
523 902
533 479
701 636
635 892
6 876
44 264
874 225
31 89
125 771
72 94
723 754
601 366
281 752
499 539
922 853
818 923
81 61
888 294
26 572
207 338
793 728
282 424
924 185
512 602
981 105
693 396
720 545
408 249
662 741
444 356
14 309
210 313
127 563
604 538
269 11
652 420
167 827
977 77
448 929
673 334
203 556
371 390
978 912
986 133
579 142
369 486
778 892
353 7
504 566
197 795
73 739
258 464
996 489
548 270
88 306
589 322
72 144
178 990
647 678
119 923
952 953
885 652
380 441
104 43
983 748
370 431
644 694
175 523
737 379
500 152
722 765
535 546
205 397
697 62
949 668
933 603
760 132
38 972
400 515
117 411
623 556
812 383
794 258
266 821
271 366
7 401
833 398
946 663
665 697
353 38
599 128
263 673
175 451
863 405
779 641
780 808
686 371
121 175
530 838
833 37
118 828
909 754
879 34
628 780
37 395
873 524
834 862
533 895
66 758
303 947
288 818
900 517
804 428
625 725
540 301
48 681
941 521
176 951
198 569
1000 56
151 705
508 602
32 496
469 468
600 744
876 891
982 878
655 566
602 448
808 328
294 245
500 40
506 240
220 591
545 497
287 899
875 996
709 60
436 981
519 111
141 61
91 897
9 619
295 198
966 383
320 865
786 130
414 566
192 65
332 890
302 427
733 383
210 117
85 621
376 25
705 970
318 978
220 307
686 983
609 28
691 96
916 156
734 697
977 435
990 288
562 920
938 696
37 925
448 617
815 124
438 216
81 878
752 393
340 659
179 556
464 227
640 256
139 371
294 999
372 281
906 292
1000 306
667 276
27 499
27 651
649 390
396 420
85 759
34 914
925 512
473 764
223 602
589 170
897 723
529 296
354 471
805 566
156 30
147 596
309 823
676 677
384 3
758 704
392 122
845 995
501 701
365 553
586 785
612 20
16 344
618 177
314 527
131 627
738 60
222 355
258 471
505 3
607 154
323 265
140 612
168 831
573 715
202 983
215 592
94 218
851 859
130 604
770 864
327 889
318 168
582 706
594 569
908 217
453 534
426 418
540 637
477 779
893 824
752 557
65 641
625 374
268 117
271 34
191 948
161 859
527 31
996 734
397 59
962 908
302 988
306 165
491 848
808 846
668 908
651 861
820 858
437 823
89 432
928 560
631 658
793 822
954 643
785 303
82 833
213 370
109 4
516 554
896 286
845 741
370 151
386 515
104 296
49 290
327 506
944 902
260 608
627 934
338 441
609 824
217 57
883 45
896 887
139 514
701 126
687 275
908 293
45 803
868 728
64 335
507 221
765 830
478 9
290 810
442 0
897 320
163 749
160 246
245 919
949 327
972 552
804 777
906 939
514 174
436 78
392 626
122 695
810 88
785 38
536 141
211 382
426 879
942 626
152 663
851 359
354 181
505 103
946 380
377 20
928 783
464 735
614 917
600 709
357 535
523 121
69 157
666 267
784 875
857 778
329 672
288 280
932 546
640 10
139 963
953 489
905 297
550 531
631 110
928 569
51 604
223 699
703 849
950 971
420 634
548 429
484 750
593 159
438 838
801 94
645 968
466 717
60 777
288 976
268 257
424 921
427 578
687 396
634 499
861 50
38 377
241 702
776 162
363 515
504 844
616 482
939 354
506 155
356 322
57 636
682 688
744 590
619 782
665 598
357 542
605 930
756 238
170 229
910 265
959 412
795 149
549 554
318 887
84 97
581 454
33 284
368 306
570 652
254 127
249 294
734 619
848 49
548 527
205 759
988 173
494 476
644 804
221 434
622 245
721 939
431 876
443 452
633 357
874 707
286 955
732 748
808 496
502 400
555 514
156 285
123 582
123 916
957 276
597 877
65 193
710 434
134 47
332 743
575 235
686 564
712 939
361 578
167 653
23 58
41 520
473 281
599 2
460 381
399 445
36 155
311 40
258 820
402 83
255 690
740 618
488 199
469 500
213 543
779 915
327 141
129 821
437 758
227 145
89 254
872 649
681 113
305 409
973 430
381 539
741 308
239 544
116 181
774 973
908 622
846 947
229 226
450 631
429 537
398 362
11 381
148 135
88 722
794 390
275 884
276 683
560 696
888 1
254 508
702 543
787 609
974 960
851 988
42 155
100 328
378 237
913 446
870 702
620 359
213 635
818 329
114 989
16 54
638 39
367 234
530 473
768 104
709 260
765 458
750 97
534 570
340 581
521 962
767 399
447 10
746 182
551 193
923 35
425 957
985 986
650 595
60 568
566 869
746 672
420 72
160 862
391 139
837 487
830 128
410 285
522 587
456 444
285 492
418 261
835 740
342 887
592 12
329 252
707 181
89 766
975 242
871 441
866 452
721 486
918 662
118 173
77 89
589 149
962 397
137 735
338 412
17 685
341 593
677 235
433 909
470 891
471 146
689 551
845 417
339 73
559 355
357 302
10 648
741 505
379 454
745 812
241 258
288 794
226 912
573 491
458 442
495 410
404 191
670 715
615 28
475 691
713 58
413 538
560 272
788 918
403 294
910 193
433 931
688 802
194 518
779 813
268 988
216 689
135 296
272 226
407 286
595 921
4 507
221 164
306 780
877 858
472 584
827 917
550 484
323 682
347 376
412 995
80 737
750 222
312 0
956 453
874 892
666 287
52 196
333 268
48 638
808 722
611 361
826 154
410 702
891 940
364 76
118 88
83 179
57 698
594 994
811 604
298 437
107 311
583 337
933 428
966 24
788 926
699 479
902 747
831 744
487 770
29 106
41 673
576 497
194 583
764 721
699 872
245 580
182 279
634 747
837 125
377 522
582 573
983 287
468 154
958 799
848 112
7 108
252 218
941 254
984 460
388 372
270 351
500 724
657 581
481 70
651 437
56 415
948 805
773 720
282 537
169 947
615 326
704 217
352 250
830 953
529 927
186 58
210 448
360 739
457 800
22 243
445 339
388 361
897 108
356 772
326 658
735 400
931 335
554 454
872 825
587 499
999 123
469 311
379 186
476 804
476 350
132 606
612 45
910 287
888 657
937 233
462 200
303 44
776 766
338 858
709 110
271 929
498 966
660 409
602 372
683 54
428 727
24 200
840 734
586 759
150 623
470 131
594 667
101 670
150 945
150 930
88 774
386 549
326 888
833 257
367 737
333 258
872 713
105 935
415 269
315 801
918 386
786 968
678 778
168 264
974 705
693 788
238 812
397 677
9 374
113 990
924 623
675 309
646 801
74 306
503 594
83 499
234 905
557 550
742 948
464 171
483 592
182 858
833 611
60 478
79 95
43 384
810 57
209 130
631 199
174 792
882 406
795 845
514 801
868 31
874 179
387 274
998 300
30 41
937 407
636 171
76 608
981 910
222 595
491 732
381 162
742 640
780 93
874 176
879 19
611 364
502 407
483 332
410 13
232 471
288 75
118 126
488 826
547 271
801 156
833 823
984 718
364 590
222 557
883 96
868 146
36 667
101 97
451 515
541 220
747 776
64 398
585 607
822 325
336 748
998 381
561 62
282 548
227 364
842 280
788 117
910 97
680 264
302 215
659 262
744 991
329 319
62 124
452 850
730 86
717 68
175 483
50 799
287 45
687 306
897 737
41 792
258 190
410 484
736 185
407 757
193 611
193 970
947 531
165 471
340 735
137 60
978 177
486 15
963 393
636 394
490 778
669 662
223 599
966 736
675 70
795 397
584 461
383 884
222 820
388 108
780 489
570 989
148 845
688 955
468 381
945 728
596 135
674 680
352 623
39 951
753 301
0 100
635 94
415 284
544 886
466 637
101 815
915 899
432 0
187 51
853 877
922 733
439 6
325 813
612 863
88 25
221 114
107 596
434 435
475 978
180 801
359 537
524 743
462 688
385 347
458 992
310 302
775 418
426 155
293 183
328 787
469 542
983 555
910 339
591 334
676 97
703 56
97 169
385 888
562 452
895 449
795 808
616 629
286 140
928 239
820 334
974 984
172 203
984 562
446 333
680 642
347 362
55 868
733 376
763 553
986 856
670 448
370 314
33 422
275 378
834 218
795 812
933 339
235 443
187 250
918 53
570 557
65 874
379 891
524 364
608 119
172 295
187 852
543 536
967 687
988 770
209 109
828 747
847 880
602 303
9 213
6 70
769 577
749 660
981 69
398 59
760 665
142 142
503 303
503 194
98 124
322 928
62 376
766 389
758 915
200 132
967 408
497 404
279 721
770 422
819 630
474 993
188 338
516 581
189 709
419 265
292 326
720 276
451 82
689 238
861 887
788 963
298 511
741 534
646 856
773 981
961 685
755 759
712 982
893 231
138 445
436 59
504 75
934 908
917 540
514 330
135 977
609 853
433 398
664 49
22 510
497 296
453 188
213 294
760 487
123 456
114 679
99 129
895 242
218 653
916 245
178 631
182 122
14 806
67 102
186 612
137 17
610 884
194 741
74 415
106 314
72 950
272 180
539 183
619 582
305 145
631 143
523 851
429 265
121 202
535 459
962 769
865 713
415 45
614 305
970 128
1 699
435 98
267 349
97 369
353 374
129 794
798 229
966 366
267 273
942 545
149 465
356 225
568 259
452 793
57 575
562 7
999 205
674 777
462 770
623 169
492 875
94 418
518 931
343 216
643 580
418 285
284 480
85 873
561 412
166 886
104 227
700 810
471 864
477 389
2 388
642 402
935 589
823 522
425 164
475 966
737 85
419 314
186 337
119 324
466 390
172 26
562 729
923 889
958 76
754 194
494 985
656 250
712 340
728 478
835 278
936 48
663 991
656 168
194 680
684 812
803 902
646 306
124 753
277 950
970 470
390 332
814 437
376 852
476 82
468 702
782 930
565 608
319 892
452 374
733 290
782 220
432 919
125 555
51 533
583 610
875 112
926 21
936 646
250 572
826 555
86 498
619 443
528 847
816 656
511 778
623 136
847 677
982 377
356 7
888 102
388 911
602 603
18 26
835 601
950 753
686 486
191 522
382 52
481 244
787 994
780 602
623 864
367 320
354 506
606 624
806 558
673 827
9 132
214 853
797 110
987 289
772 19
854 728
768 275
639 120
340 306
608 863
995 593
546 927
769 358
316 634
902 164
489 644
835 818
465 706
866 752
645 241
85 149
860 611
735 854
658 527
392 363
705 394
434 708
268 788
864 542
943 852
300 783
125 729
455 404
524 560
103 595
432 388
998 791
778 513
835 693
165 434
626 245
133 856
992 104
897 904
818 824
226 844
339 843
867 529
301 960
760 119
945 549
386 959
65 951
921 18
630 217
710 66
59 680
286 519
693 515
671 128
477 49
923 926
310 154
758 548
640 702
440 965
108 193
685 823
19 721
714 562
569 697
683 434
134 321
385 929
629 25
331 643
718 616
741 754
390 326
224 192
694 470
243 376
168 371
335 565
15 128
766 54
102 37
376 220
966 149
483 91
386 186
517 3
517 384
612 833
192 239
437 948
878 207
911 659
327 93
821 123
360 291
174 573
373 14
46 441
524 226
646 239
221 681
53 456
798 653
328 63
618 985
550 460
161 431
538 271
903 669
643 95
225 996
387 777
815 992
988 198
784 165
35 313
617 995
188 104
906 38
413 259
374 198
753 154
596 401
659 800
364 207
623 563
940 843
12 311
382 965
241 455
501 287
31 348
237 107
553 650
522 664
912 660
746 493
540 507
607 926
728 126
842 346
331 318
383 162
408 642
836 394
245 764
166 997
290 636
504 519
979 621
579 189
452 821
513 814
303 510
98 230
92 953
773 359
747 427
208 63
616 978
940 242
323 24
592 408
449 510
696 211
480 410
442 503
94 366
186 861
691 332
299 824
483 907
347 556
487 396
779 354
491 546
769 748
66 806
992 896
125 826
436 588
536 794
692 706
82 122
731 872
617 442
473 114
848 944
206 203
320 298
435 225
906 699
74 268
546 816
573 740
291 748
136 345
407 2
629 694
492 392
396 265
325 889
142 415
686 371
252 475
668 846
482 494
962 796
36 235
437 789
962 282
355 333
580 774
427 911
675 244
858 620
222 687
466 345
56 397
645 822
103 964
489 997
484 68
911 917
445 809
652 467
284 502
146 671
187 73
500 214
400 44
899 697
738 278
354 90
739 61
29 444
382 704
507 875
855 115
193 755
328 253
955 37
257 61
807 394
822 264
494 437
685 559
459 385
235 869
165 823
372 38
736 995
201 975
506 59
430 493
164 429
182 81
918 561
959 785
152 579
61 719
440 0
471 88
152 644
533 965
844 751
299 597
860 433
377 709
867 867
196 276
670 866
853 581
112 712
342 268
165 405
284 526
31 303
961 196
934 252
223 840
725 284
279 664
353 628
358 593
354 295
660 801
536 151
458 225
342 335
154 830
139 227
904 147
882 760
503 342
203 773
321 363
554 66
633 301
17 417
817 688
645 415
406 227
469 798
216 607
843 730
647 392
810 744
524 36
474 245
268 919
737 969
257 27
697 485
166 594
272 834
615 305
767 164
186 18
529 749
766 298
917 233
457 228
946 517
584 482
578 408
463 525
822 628
839 779
725 549
50 112
237 316
648 162
274 184
254 999
956 928
274 719
892 314
759 804
336 999
111 654
953 39
454 655
876 368
346 948
310 357
103 927
36 266
707 861
336 899
863 235
619 126
289 991
927 955
534 456
639 74
730 553
267 840
792 910
957 43
584 844
154 622
1 829
114 820
56 562
529 858
969 496
377 819
604 152
328 884
312 439
200 558
78 37
302 852
585 32
86 116
150 143
589 7
271 221
176 572
831 990
77 537
897 31
493 372
615 22
151 135
731 248
451 44
226 786
433 380
102 989
242 813
37 44
257 457
555 477
333 330
670 450
282 702
946 763
384 352
196 646
143 927
620 98
902 570
495 532
131 974
778 287
580 657
324 563
620 617
814 264
817 540
731 471
824 979
36 797
47 978
595 703
612 483
143 491
311 861
108 936
301 129
615 958
356 562
148 758
720 337
553 51
556 57
925 555
62 160
63 103
510 649
467 855
676 360
100 171
894 166
122 225
968 132
372 683
417 506
840 805
959 389
85 914
360 963
585 323
600 893
689 915
120 245
815 691
174 1
442 922
714 690
179 911
824 852
839 702
359 264
757 6
114 304
419 178
573 342
820 650
793 470
865 972
102 735
288 742
383 335
871 146
668 485
687 805
987 810
227 133
623 507
607 405
632 346
194 867
826 949
123 107
176 333
936 238
298 750
497 147
340 154
271 952
726 757
144 515
569 443
482 322
278 727
706 476
722 936
7 32
374 551
974 732
199 746
613 993
253 169
389 739
993 557
232 355
460 948
316 66
600 297
582 971
951 956
776 99
823 289
342 529
927 757
449 586
200 331
840 480
776 251
577 591
322 274
733 698
45 188
372 455
550 754
445 657
463 22
455 829
443 117
878 813
638 103
335 750
662 163
607 440
694 675
696 105
607 560
227 731
656 756
737 13
490 875
758 356
990 454
331 672
122 818
982 465
682 254
989 924
740 200
28 948
698 979
426 244
672 352
420 552
763 864
420 919
36 362
923 671
226 299
654 153
112 715
381 112
245 315
924 687
257 827
878 590
834 743
417 911
487 660
654 286
129 590
763 571
243 994
162 144
731 496
903 155
679 222
869 870
500 806
507 881
574 185
854 665
64 674
62 326
515 999
196 182
302 96
358 786
661 593
542 111
80 355
146 389
652 127
750 20
52 976
881 48
322 568
862 225
662 399
540 417
175 328
150 394
707 405
33 603
950 669
51 811
717 512
82 171
349 283
102 881
649 480
289 298
930 82
467 884
891 972
443 445
819 453
887 943
462 947
728 982
89 680
86 913
662 441
585 20
812 882
520 409
939 493
983 451
916 504
931 346
32 986
385 619
651 842
22 120
353 634
742 127
883 800
363 866
439 367
604 923
319 1
912 851
81 367
180 444
666 807
842 347
687 695
910 885
621 609
137 20
642 416
944 978
375 206
504 626
359 732
59 406
812 674
807 933
480 48
866 409
501 252
594 961
903 662
372 953
920 574
433 661
566 793
745 10
510 818
685 943
642 164
794 454
279 869
437 136
564 897
286 198
15 176
656 455
301 401
973 513
400 33
855 119
48 733
448 657
541 256
616 73
223 662
541 157
288 731
433 509
680 592
134 123
288 126
21 355
243 400
313 218
812 608
594 944
407 208
988 855
608 79
220 908
548 64
659 587
516 972
20 307
101 382
606 805
136 87
745 34
751 359
560 395
992 702
391 822
126 248
167 925
902 469
740 261
721 237
862 230
853 102
170 138
789 353
343 336
914 419
793 496
564 488
954 945
835 833
449 507
790 120
978 129
132 863
772 879
958 935
445 718
985 8
677 126
909 194
526 238
473 131
804 165
181 328
443 773
839 86
186 530
655 27
328 194
387 504
746 710
20 151
797 188
184 440
460 656
476 56
44 769
459 614
364 90
276 320
10 249
364 17
23 387
158 585
961 501
906 139
877 353
583 741
228 635
156 591
886 126
61 431
198 986
432 747
608 962
93 773
820 557
919 594
542 242
763 463
53 393
551 285
208 731
583 713
267 581
133 665
425 6
829 272
388 170
696 513
203 151
390 239
464 730
703 556
372 754
74 535
80 70
712 378
449 614
846 467
858 298
443 846
137 881
52 127
240 139
439 773
257 622
307 928
770 461
202 122
887 154
476 319
517 190
527 939
747 23
238 195
11 486
797 215
517 560
513 897
896 566
965 850
179 113
598 896
352 759
816 769
28 76
374 382
263 831
926 324
225 516
387 756
361 857
820 258
841 793
833 433
45 195
958 171
502 797
975 938
19 682
579 248
578 775
881 31
304 227
979 320
35 536
278 882
227 112
958 1000
488 522
962 820
86 312
985 850
930 983
1000 651
74 934
906 949
64 470
912 62
376 91
494 384
601 606
93 887
939 65
657 473
761 100
214 93
710 915
828 753
12 509
190 310
4 142
683 946
747 516
471 319
65 73
998 205
872 289
740 211
464 561
372 150
612 582
311 133
263 41
703 685
632 243
244 276
935 702
729 416
120 180
474 957
362 723
948 770
775 245
749 912
321 873
282 498
998 579
289 129
800 101
44 761
614 491
605 933
655 177
40 707
747 988
85 717
994 650
316 261
72 392
265 954
225 721
24 284
113 706
844 846
325 172
922 174
705 301
913 697
681 198
448 824
237 639
995 881
90 770
596 453
576 347
644 913
887 590
389 629
784 68
541 689
559 53
363 96
794 29
118 401
243 705
166 754
339 552
993 198
527 784
887 768
926 150
907 301
385 749
904 961
964 772
224 300
830 213
844 873
976 386
54 658
403 62
912 850
567 300
311 648
235 232
892 857
553 172
36 741
700 910
19 840
409 212
412 364
537 721
933 607
165 891
371 304
947 232
570 68
179 308
252 877
501 592
819 823
444 601
317 718
31 811
709 886
144 249
580 289
387 125
95 581
116 244
389 403
782 158
249 117
286 241
598 942
429 111
598 535
759 330
813 967
581 11
921 499
965 122
505 467
331 395
159 748
720 617
46 332
244 575
86 601
675 399
82 705
186 388
25 920
248 64
890 978
59 148
837 586
830 923
529 671
497 993
393 463
980 404
220 998
13 953
520 414
318 524
112 28
303 276
300 220
519 767
363 425
667 389
559 803
275 540
862 264
929 674
374 474
51 208
130 651
273 455
386 168
875 122
511 471
667 718
388 909
335 411
885 803
545 828
175 879
287 335
796 466
85 820
171 386
564 35
488 85
499 730
972 867
518 723
793 582
554 976
240 680
464 199
735 639
921 950
197 423
1 487
441 809
685 464
945 182
785 3
436 546
644 79
853 490
972 446
512 340
33 462
779 555
19 389
149 760
906 640
710 980
361 955
394 559
423 1000
812 913
77 819
673 224
477 567
150 456
506 580
875 427
740 840
872 794
665 281
434 468
337 935
122 845
462 21
865 515
590 452
160 512
657 557
121 634
163 616
204 865
110 971
724 623
388 185
184 710
887 595
604 676
37 135
205 402
723 869
781 545
101 277
378 298
444 913
749 192
847 845
206 353
459 306
930 428
668 489
593 604
439 686
642 691
175 129
728 639
957 929
32 764
454 665
24 729
190 820
289 14
773 55
387 287
335 690
808 791
501 385
875 265
51 176
686 185
108 634
14 93
984 154
613 43
817 921
96 770
289 128
371 902
770 332
529 854
867 20
742 161
339 135
154 657
5 193
833 292
346 820
617 938
565 40
756 218
241 23
489 21
845 832
807 71
407 1000
864 542
251 238
127 782
20 757
423 604
464 422
392 423
13 206
74 54
679 30
865 934
172 44
643 619
880 468
965 859
671 163
295 780
868 536
53 4
878 863
758 35
390 639
928 388
459 480
640 921
665 957
914 191
947 107
239 424
573 870
877 303
539 70
929 12
636 56
698 889
577 504
289 473
259 814
500 918
36 969
1000 909
677 322
357 75
965 326
495 437
428 767
645 276
216 503
160 834
898 222
80 882
531 926
682 537
726 689
991 535
585 704
936 892
945 57
404 129
427 352
555 226
189 956
263 124
637 900
916 477
319 970
97 766
961 765
280 307
787 360
496 638
580 137
691 256
135 285
382 748
229 133
56 617
217 410
439 362
84 783
589 962
53 209
367 520
134 159
871 168
742 139
536 69
541 443
889 616
562 589
287 17
377 564
234 452
997 386
79 932
193 123
535 746
272 178
969 455
85 894
324 967
166 565
303 311
457 810
132 732
244 352
982 720
172 135
994 729
478 369
543 925
513 941
396 322
240 198
594 83
526 685
63 63
473 325
622 571
370 421
287 136
257 257
864 902
860 607
127 674
7 402
667 509
583 844
625 980
386 991
231 910
610 946
794 85
845 527
13 193
414 538
604 446
912 392
121 158
215 781
694 934
512 805
694 332
569 86
42 634
576 17
188 382
585 168
581 212
911 105
959 113
301 569
743 369
595 194
233 567
258 670
916 180
909 228
436 106
955 523
818 60
674 86
755 688
618 37
91 415
654 275
707 563
13 833
469 967
72 393
63 966
541 338
129 664
402 742
633 780
206 701
569 821
555 600
187 794
952 830
655 453
404 996
759 18
816 976
420 429
297 10
401 698
525 733
837 321
139 633
325 435
851 657
297 269
6 72
973 603
780 365
704 665
635 223
723 385
423 513
311 668
232 636
725 389
405 399
190 996
206 713
338 426
851 286
304 300
842 532
236 711
568 151
602 884
320 744
496 807
230 666
338 657
384 752
481 412
917 720
447 261
830 835
503 597
430 636
506 490
692 665
894 309
730 642
256 18
398 537
828 632
650 284
39 965
390 324
604 84
384 449
422 423
568 784
465 876
271 665
330 862
189 914
382 629
493 569
797 97
280 608
757 507
873 426
694 324
951 712
44 891
101 328
774 574
554 420
196 374
1 786
432 222
594 551
117 903
151 230
280 688
141 516
931 508
920 655
620 481
510 339
363 952
111 731
446 350
143 180
353 392
155 84
212 652
729 217
377 672
977 126
331 680
187 655
145 683
615 411
26 18
363 68
937 145
307 650
167 121
114 476
399 157
737 383
727 238
50 98
481 288
427 648
348 332
732 161
847 924
961 965
120 207
354 285
352 343
774 445
859 700
178 733
811 274
271 23
27 918
773 805
500 406
955 843
404 61
125 646
7 550
576 190
805 237
587 896
926 483
738 909
219 357
497 733
436 278
598 493
911 640
575 403
22 868
96 218
122 681
871 533
629 742
351 824
69 628
302 87
558 249
31 121
824 215
18 591
691 498
206 902
417 617
903 653
998 464
463 588
145 510
281 635
10 434
784 873
53 916
858 295
882 744
913 506
405 250
253 763
476 382
493 925
5 162
594 578
986 916
403 646
400 856
584 1
850 566
112 951
862 583
756 404
761 859
518 989
10 114
625 412
50 418
308 431
787 19
204 924
641 538
221 886
68 342
39 693
618 380
15 598
684 438
878 910
263 170
221 747
849 341
781 76
815 465
47 790
782 267
64 856
854 406
123 122
583 96
594 644
308 365
467 635
384 993
906 817
382 576
976 392
584 619
458 198
458 868
220 162
291 31
338 539
395 326
95 695
559 328
521 429
49 715
820 198
810 231
669 936
291 767
766 510
138 82
311 369
163 628
579 3
369 712
815 971
81 625
559 29
150 479
906 912
853 817
896 335
486 306
393 660
85 599
744 204
263 1000
5 939
777 227
271 489
672 190
538 448
139 481
290 909
125 631
829 104
535 120
878 750
614 951
651 6
254 111
293 934
580 456
896 321
932 561
488 310
501 1
532 202
29 743
388 345
917 936
822 943
732 144
593 937
249 710
305 22
45 353
951 351
533 867
186 830
640 575
489 958
281 907
679 192
391 898
903 674
808 430
772 341
366 852
667 633
902 596
392 668
841 164
141 382
383 103
792 585
852 614
58 850
686 522
910 837
113 725
404 867
444 783
360 43
786 399
471 711
502 534
741 663
324 382
753 478
447 649
270 143
483 891
726 443
170 261
563 443
988 840
333 447
811 747
336 268
529 420
522 365
93 940
281 605
681 911
546 862
83 394
196 193
652 91
936 538
938 751
368 162
602 856
381 419
277 712
121 285
805 693
195 590
986 637
944 608
884 870
451 994
828 447
638 777
30 789
347 135
524 764
252 486
906 939
362 26
435 206
899 803
856 172
278 474
883 405
300 957
56 386
46 841
462 176
789 820
85 487
344 374
45 305
609 931
241 279
283 720
990 444
152 805
406 605
630 461
471 326
922 673
552 828
901 507
72 758
686 603
927 197
82 51
311 122
873 369
397 884
921 578
42 51
938 316
602 3
773 362
82 585
216 313
778 657
595 543
884 738
693 935
316 862
933 674
738 43
164 666
337 761
786 382
522 515
441 399
784 804
395 916
229 489
374 793
45 35
593 699
260 869
230 7
924 481
304 101
180 867
26 176
352 44
252 53
707 565
479 265
5 254
177 135
328 550
546 724
492 326
944 93
843 425
67 135
294 240
942 459
594 648
481 610
25 210
543 390
89 882
519 274
428 899
725 605
939 592
1000 390
273 457
283 346
844 573
389 53
552 125
576 945
159 952
748 69
51 931
87 361
740 116
436 874
698 890
877 647
316 687
415 630
325 254
959 787
200 57
668 551
878 820
578 754
557 302
990 936
658 883
557 43
650 254
853 645
816 860
572 471
668 334
837 401
891 705
617 653
388 209
580 473
316 440
308 229
346 703
675 724
698 319
201 541
566 0
214 28
281 7
621 767
426 232
606 521
326 505
808 51
211 216
816 800
408 45
985 713
603 371
47 407
718 282
142 558
496 910
334 737
787 177
79 468
628 123
217 627
336 565
283 926
472 959
858 772
468 209
188 86
476 958
472 556
733 323
900 947
511 718
82 150
165 981
388 479
957 275
213 656
819 181
5 456
441 69
51 906
28 979
833 27
772 989
149 56
960 770
767 188
384 716
552 813
985 131
911 743
501 682
248 463
6 779
720 768
640 548
870 617
643 562
47 269
95 225
934 569
880 464
760 829
61 960
561 387
573 442
479 21
266 924
605 696
287 156
790 820
921 555
804 898
403 849
199 604
620 351
530 504
468 273
241 813
5 421
672 960
676 455
229 444
309 264
553 212
638 147
417 911
610 953
315 369
584 846
579 708
753 498
912 131
17 847
651 617
278 631
17 560
274 806
741 141
913 675
328 232
568 399
601 584
739 681
988 18
778 285
867 418
875 873
524 62
21 432
686 381
999 12
908 340
81 731
659 192
408 732
281 601
630 200
613 864
136 940
397 844
12 78
526 635
502 637
735 7
451 544
117 914
393 803
876 41
932 788
810 959
71 53
321 663
208 735
918 161
331 980
785 396
758 319
409 423
905 953
895 226
766 777
480 439
61 58
206 982
992 658
300 804
845 657
658 881
41 923
614 857
983 548
840 422
814 116
483 565
238 864
821 582
626 435
696 938
378 911
452 381
302 132
772 656
344 465
713 292
848 444
591 548
769 102
593 283
636 937
440 502
160 145
872 750
979 634
816 371
990 835
439 709
264 426
802 269
115 551
981 761
188 897
848 404
183 71
518 539
378 417
439 741
337 244
461 725
250 496
128 874
190 126
597 655
395 159
404 773
617 531
965 962
982 431
44 575
597 700
726 515
361 422
915 99
383 559
544 373
493 977
264 438
126 602
893 878
628 283
741 660
847 253
746 121
109 627
227 900
84 599
515 280
818 266
977 815
563 255
10 477
321 221
787 874
653 393
533 540
196 742
956 180
387 254
174 327
941 571
331 439
619 360
739 276
947 982
865 228
159 640
306 558
610 94
481 746
164 8
273 890
469 902
456 485
60 222
832 894
684 802
843 467
399 379
131 770
876 292
461 182
820 139
683 666
525 44
550 93
834 568
827 68
1 680
974 813
954 776
119 635
831 5
850 986
16 105
937 393
642 829
803 613
456 860
598 918
161 335
670 144
774 36
342 965
646 113
963 65
491 989
244 288
758 24
889 606
328 377
877 618
485 505
406 997
752 371
723 216
967 124
358 941
991 154
30 699
187 675
487 565
138 546
578 634
928 78
850 346
204 990
11 390
225 456
570 299
336 77
546 302
844 750
653 56
398 231
349 510
718 75
314 796
138 433
901 745
314 698
702 132
38 570
78 711
153 690
293 773
435 4
792 419
213 636
409 429
520 461
508 524
117 326
620 288
921 789
588 130
289 733
639 378
52 15
962 411
831 656
223 675
269 658
788 726
555 31
703 432
633 252
452 610
47 535
651 1
153 36
246 990
340 622
365 146
144 957
749 453
995 180
725 189
964 801
151 614
850 102
413 164
347 771
7 370
27 42
80 196
170 578
772 219
261 880
186 497
313 787
231 465
615 517
856 349
379 17
146 343
804 275
443 613
681 359
11 933
619 846
36 287
321 216
692 708
264 515
186 241
469 562
516 119
911 928
303 762
406 151
589 894
994 53
478 452
253 512
708 469
476 113
58 853
969 372
84 883
814 224
560 24
104 182
985 992
403 479
467 146
609 180
947 117
108 268
403 124
809 16
27 939
98 48
10 290
88 996
822 761
416 473
61 321
740 549
230 902
992 526
262 653
311 15
363 636
118 76
233 236
6 904
579 427
847 421
634 782
167 303
977 559
973 302
366 390
95 269
961 519
534 425
93 797
673 201
612 383
468 526
898 350
952 787
727 1000
806 428
599 311
92 571
974 289
632 964
677 930
918 61
907 835
401 635
985 75
660 848
557 49
944 689
875 24
354 532
34 21
461 430
673 154
487 34
288 887
768 598
299 416
354 936
746 905
668 357
469 546
32 43
173 336
722 614
71 533
261 800
850 838
469 866
357 529
527 264
265 425
555 877
815 6
591 478
536 695
120 751
645 949
104 414
811 267
114 113
67 189
33 444
719 678
14 245
453 164
198 562
661 244
793 337
568 678
217 328
105 287
569 466
452 371
529 513
758 38
463 464
457 723
17 123
544 12
10 84
880 700
8 89
205 644
908 997
663 569
342 131
843 987
603 40
145 800
12 599
83 518
978 196
184 175
503 128
48 407
176 872
729 777
356 288
858 944
684 371
500 177
493 941
489 340
442 980
323 593
209 285
733 132
182 668
41 201
638 95
53 38
598 910
912 6
545 622
485 531
220 567
507 40
163 424
903 19
286 799
28 418
526 336
115 104
763 974
77 233
897 125
144 16
109 437
496 721
580 784
886 578
62 71
736 527
402 427
983 68
19 163
694 851
222 186
628 24
19 908
495 192
477 495
579 277
665 441
365 862
590 402
467 365
89 489
419 13
597 631
1000 211
539 676
900 545
691 501
819 120
284 75
732 639
902 51
697 289
705 902
401 950
992 285
521 66
1 514
754 207
903 639
441 73
634 460
763 972
436 111
173 406
394 466
442 635
239 972
208 925
595 193
880 648
444 790
626 396
311 872
830 532
760 383
371 129
885 907
321 248
579 140
752 400
205 579
380 45
279 376
879 259
43 14
439 384
407 486
82 532
382 785
160 562
828 751
627 617
164 516
406 715
809 277
808 789
910 242
42 983
661 479
454 158
717 658
236 218
778 266
792 249
326 432
147 823
539 723
962 262
58 295
983 950
570 747
81 269
689 766
674 800
873 465
950 46
682 937
620 448
325 976
464 518
211 276
38 207
39 194
917 674
629 147
368 224
284 831
723 613
84 234
230 218
27 708
372 622
75 584
229 210
503 258
93 460
717 87
11 840
437 409
373 890
998 761
244 371
575 417
230 53
632 241
691 561
336 534
823 594
256 483
565 139
732 787
602 560
216 28
514 7
979 939
164 269
685 309
968 995
981 588
423 38
629 714
35 136
991 318
185 200
640 710
513 615
960 655
657 147
24 579
664 41
723 854
303 815
520 334
788 623
250 560
924 547
621 838
123 965
120 479
444 413
80 293
344 828
484 611
142 189
857 210
474 260
743 667
568 270
404 220
358 691
366 224
323 739
125 509
776 14
111 249
984 597
897 816
187 901
96 504
927 750
270 645
501 942
167 859
609 918
742 48
435 186
827 982
630 287
498 905
75 735
78 940
300 784
300 487
625 680
149 27
566 224
801 67
577 153
864 317
611 384
12 413
78 517
530 502
200 925
418 962
738 800
14 699
361 677
494 341
716 622
565 401
87 129
863 826
408 173
201 900
887 715
645 585
193 384
238 647
238 450
416 460
296 828
825 670
443 175
124 720
344 779
499 543
909 406
437 57
223 304
785 389
112 55
391 324
743 232
639 490
906 373
771 677
507 759
95 549
634 596
304 82
693 367
639 775
504 697
10 245
607 919
802 933
13 661
742 638
59 305
462 335
130 839
671 539
214 600
845 767
264 152
790 896
883 875
412 703
632 168
947 761
474 81
737 843
963 777
551 776
679 911
930 340
28 360
915 633
748 387
74 709
632 587
454 826
713 500
654 130
841 709
252 828
91 235
957 357
265 550
605 439
102 168
713 914
185 431
426 238
996 459
383 5
448 526
454 497
716 137
678 181
806 936
568 569
737 806
438 882
649 732
701 223
148 538
203 334
510 728
386 173
243 613
257 849
641 102
374 138
634 38
10 892
916 458
366 735
332 3
161 748
2 562
398 197
116 428
449 619
648 621
854 28
718 198
805 112
794 503
621 608
931 413
725 142
644 384
265 233
479 950
25 339
367 235
246 374
808 101
744 356
475 504
128 356
786 911
196 841
46 397
18 728
151 716
935 387
985 928
504 510
796 120
634 812
188 435
70 28
289 367
92 66
175 647
489 860
807 147
824 588
764 270
538 2
714 141
478 727
815 910
641 156
123 265
7 40
518 898
875 243
388 548
99 383
848 712
454 154
87 607
571 589
655 235
529 561
324 832
308 674
801 470
863 365
576 225
33 430
914 609
629 338
341 739
739 782
3 820
789 727
33 783
512 34
222 927
917 791
605 89
770 65
682 243
622 975
830 3
374 522
426 553
849 234
504 55
892 978
885 18
198 122
184 209
127 700
440 763
416 895
234 187
791 209
882 381
631 320
570 843
717 362
535 345
127 802
57 680
893 282
453 324
50 334
803 335
587 650
495 665
232 415
402 410
32 11
752 89
344 759
38 600
299 129
800 586
529 582
445 211
538 596
852 650
31 661
537 93
545 960
929 13
78 670
376 862
390 891
543 511
460 641
623 172
530 120
147 727
703 638
639 412
224 629
1000 285
840 293
549 321
831 302
673 186
850 241
110 243
840 186
479 559
306 504
259 319
919 563
226 485
35 942
703 573
545 229
992 12
280 689
708 995
459 986
869 169
811 754
331 463
36 159
477 314
275 660
401 966
306 929
318 166
295 873
13 300
235 600
182 521
625 674
855 486
494 754
752 981
617 107
924 53
749 761
196 490
739 382
149 166
775 828
172 797
130 664
351 882
325 479
639 107
764 997
86 66
3 99
920 887
349 682
282 711
706 341
139 772
745 681
611 286
904 807
446 193
890 407
135 601
979 192
975 837
343 793
765 867
818 928
793 394
244 996
731 40
868 490
903 987
759 868
200 75
853 391
468 912
792 691
967 846
525 973
757 252
590 711
650 153
407 433
220 233
958 902
488 8
892 127
639 903
389 713
987 694
198 973
778 177
367 974
425 779
614 231
117 118
222 303
929 528
160 637
678 204
440 338
703 166
107 829
159 617
196 919
636 561
755 243
57 553
389 325
957 442
285 2
370 789
200 76
951 62
660 79
312 361
822 466
893 751
342 880
911 389
327 327
234 23
633 326
725 207
491 232
613 260
902 438
150 137
35 417
392 797
0 988
537 18
667 689
763 282
886 563
121 642
318 879
277 339
107 194
451 343
865 587
147 146
79 703
810 996
44 617
903 268
819 119
208 566
263 7
766 376
777 754
703 641
22 577
285 488
330 306
563 89
314 753
927 613
673 626
17 515
209 473
316 121
268 691
337 214
921 515
854 252
786 117
852 52
425 53
666 597
584 506
280 170
958 815
194 275
398 628
630 799
974 868
791 706
686 608
623 338
714 89
540 662
702 982
461 41
115 19
465 731
604 54
213 761
531 526
761 882
810 662
562 335
167 893
95 37
885 996
211 739
57 565
252 423
429 594
863 257
878 918
148 809
934 758
107 916
493 102
877 387
238 539
863 371
936 797
852 237
473 93
937 867
756 417
77 197
858 57
652 828
293 764
89 731
550 186
185 936
152 729
692 516
414 6
778 506
896 227
544 309
82 777
393 794
749 256
190 507
132 315
683 28
551 80
247 248
41 457
459 451
735 140
879 672
696 287
627 383
684 189
504 792
20 150
244 46
610 645
19 234
967 218
609 508
944 131
491 37
565 643
489 20
358 215
502 701
737 700
145 959
520 53
671 315
218 22
864 324
246 699
731 748
414 826
105 468
553 844
508 412
578 411
449 647
778 937
988 289
432 584
997 409
343 444
623 695
939 986
103 204
655 978
389 616
465 516
664 182
988 869
725 501
410 271
106 849
956 648
714 749
717 681
685 326
209 981
346 352
32 602
21 149
481 435
261 970
616 411
71 788
485 936
239 256
217 549
162 194
341 864
432 437
451 103
700 581
280 673
377 623
101 720
23 553
99 127
915 595
698 179
492 83
893 999
558 929
446 245
312 252
996 135
477 278
1 618
111 706
958 686
483 742
469 895
62 613
26 251
64 45
907 502
517 78
246 81
498 288
611 483
868 695
920 930
265 155
138 614
623 209
221 357
580 63
444 761
324 582
464 786
115 625
484 649
216 495
81 182
723 503
556 573
880 248
10 446
935 433
710 683
790 939
889 425
393 847
611 868
307 96
31 977
578 880
227 655
693 367
44 134
481 978
547 362
874 451
750 66
276 260
420 395
576 543
333 296
179 192
490 291
895 961
590 462
306 861
322 670
1 803
523 213
145 811
812 987
560 456
550 189
940 986
10 478
293 739
160 360
397 412
816 743
261 896
750 102
479 734
821 599
404 848
63 842
301 414
6 997
435 326
846 211
613 336
105 198
815 346
877 568
896 56
880 459
986 828
893 731
385 347
107 755
829 314
32 572
402 919
245 26
354 971
283 304
54 266
99 813
951 238
314 140
886 46
20 466
681 233
481 945
170 577
730 441
609 82
671 476
936 122
529 656
791 6
470 134
469 713
169 918
67 329
427 526
772 288
93 485
277 456
40 722
760 227
445 434
62 185
53 572
291 411
63 908
889 971
575 379
902 173
660 822
692 459
217 419
929 808
31 984
845 559
759 578
600 362
816 294
938 568
687 881
111 772
158 229
626 194
582 874
825 331
431 819
519 787
849 477
251 908
245 542
823 94
71 327
845 251
747 622
790 759
501 66
51 168
533 337
596 762
898 779
509 291
221 326
950 302
534 759
674 215
60 545
832 245
711 289
307 552
714 291
208 989
712 256
257 498
764 152
826 220
411 467
756 664
41 299
284 254
428 810
536 973
283 825
349 487
915 779
363 720
736 353
923 986
390 191
644 862
500 572
307 113
568 569
100 973
432 111
538 928
130 711
460 604
702 577
483 851
706 598
793 385
129 229
79 453
474 85
294 824
214 669
146 388
330 81
171 342
266 645
167 717
352 711
371 720
963 525
778 795
948 126
892 999
198 512
750 573
721 446
587 715
695 5
574 309
796 975
297 377
918 116
689 929
908 437
569 166
389 541
596 768
954 63
471 271
640 832
694 936
545 102
506 363
413 147
843 971
666 984
29 348
409 904
876 840
147 26
633 897
358 46
793 202
157 518
304 271
814 977
479 698
453 697
515 723
397 179
330 386
496 445
783 611
950 530
450 327
803 796
54 279
95 898
873 577
964 803
890 931
259 285
506 192
640 338
436 781
59 932
932 735
395 893
352 922
253 998
656 150
749 815
360 380
920 670
78 954
330 596
896 230
582 108
366 58
805 730
205 752
927 980
765 47
18 513
7 294
82 709
585 472
751 782
754 549
456 434
368 485
472 259
521 260
191 353
724 586
77 622
861 805
279 426
663 955
468 663
793 50
784 146
296 307
75 602
931 408
943 96
665 290
875 361
284 268
608 534
635 934
630 375
770 269
812 896
75 41
803 154
901 319
486 650
122 499
77 5
991 568
61 731
46 759
790 300
246 82
450 994
574 826
564 348
645 601
327 803
648 844
284 992
2 333
408 92
706 673
370 879
633 420
872 117
770 329
941 789
212 942
79 560
137 81
524 238
776 150
362 999
251 397
195 786
202 823
156 854
787 697
263 944
990 639
187 638
874 736
861 877
773 151
987 170
409 91
284 777
158 489
636 485
969 824
149 216
829 709
945 658
192 877
651 935
657 840
448 589
53 631
941 878
679 416
402 59
698 137
714 958
385 107
946 928
343 721
94 600
266 886
627 314
379 217
347 81
191 252
266 300
78 568
348 810
215 66
535 484
911 734
81 606
39 864
628 703
25 557
776 447
17 197
862 446
228 895
935 656
334 217
168 744
889 128
934 753
876 977
133 912
788 713
788 493
338 517
851 742
350 79
65 524
678 905
656 288
226 22
992 892
364 402
918 48
701 647
350 754
396 843
226 734
872 879
429 305
217 336
399 55
228 923
40 489
189 545
266 458
923 774
409 332
49 310
471 253
904 601
872 673
968 651
945 67
954 31
26 575
144 585
230 746
868 910
925 706
679 397
264 100
151 15
111 825
352 479
492 648
59 270
289 21
811 872
852 124
185 317
343 854
295 328
217 144
325 368
412 58
496 76
48 299
886 536
555 79
373 618
269 792
276 309
968 296
400 38
330 914
62 557
465 128
800 493
254 789
928 115
714 587
955 479
595 954
687 377
191 89
592 902
959 672
248 893
319 169
866 583
94 575
563 197
299 225
90 821
458 567
126 562
58 855
470 393
916 975
262 419
380 244
529 108
505 42
479 500
559 227
416 511
820 634
114 761
526 0
659 265
879 527
277 806
678 968
115 446
136 894
528 875
880 937
393 582
832 607
718 124
205 498
252 168
292 997
343 222
609 816
901 704
6 604
870 711
514 357
901 580
250 716
323 59
929 49
120 108
416 607
881 832
395 846
614 38
978 836
937 405
73 820
348 796
47 193
261 982
556 265
145 583
245 591
574 272
974 155
374 342
361 652
163 583
256 611
36 540
303 56
117 294
430 732
294 467
712 62
543 563
209 264
481 753
941 371
611 909
226 679
33 223
652 502
755 409
176 232
216 453
780 729
52 590
435 912
653 82
517 969
458 165
79 699
474 649
879 496
779 31
973 827
667 762
200 97
839 189
929 115
504 334
804 197
571 212
264 347
693 408
665 916
251 120
489 928
845 729
180 998
335 695
263 194
251 986
890 374
671 880
669 378
802 829
612 43
881 775
948 987
88 389
777 306
105 789
621 961
458 96
696 496
78 223
698 924
25 893
746 377
291 813
102 29
377 961
458 471
939 188
416 790
584 476
313 856
341 900
651 850
232 580
210 790
531 850
486 571
813 230
225 840
355 626
682 417
196 717
700 113
291 886
547 993
603 694
842 482
608 546
717 942
45 737
786 460
5 732
665 820
14 759
16 662
745 658
946 436
997 660
782 982
683 857
769 615
384 795
282 64
956 332
82 278
17 446
413 143
96 207
802 763
762 173
562 182
619 155
277 757
886 219
84 231
618 722
262 169
817 575
293 843
806 349
178 639
109 460
223 660
774 883
943 239
289 822
421 746
257 756
673 952
6 165
129 190
381 986
593 541
186 432
679 269
658 263
646 496
98 166
124 942
339 208
907 318
101 713
951 73
938 971
560 733
183 133
791 779
400 436
201 26
256 739
941 433
726 947
17 688
202 498
299 321
872 234
254 118
603 710
186 616
593 674
771 513
179 112
739 92
7 847
246 809
652 461
612 658
98 503
281 786
383 285
833 682
129 640
77 520
385 591
543 127
805 52
890 983
282 293
28 263
656 349
243 296
940 392
126 689
636 341
545 558
962 439
947 53
710 485
91 961
624 854
915 699
624 322
992 571
917 146
216 112
69 644
66 862
280 643
718 519
665 127
729 103
468 155
863 197
391 558
2 409
734 508
199 103
746 450
227 503
750 350
905 845
239 963
821 758
722 333
629 259
728 197
153 437
627 985
529 183
912 407
163 855
946 397
825 907
462 489
93 174
652 472
507 816
622 549
444 102
635 933
310 727
779 990
161 625
331 672
556 38
803 418
825 484
19 122
592 617
320 594
469 739
514 601
381 784
888 585
996 536
865 88
198 832
484 663
871 41
477 209
953 743
775 356
59 293
480 553
506 647
462 199
87 810
174 193
632 915
959 148
756 688
24 280
750 655
199 938
28 446
925 323
244 419
357 41
50 553
477 147
241 956
287 231
936 317
672 425
532 262
656 609
298 240
134 294
916 715
939 821
421 305
233 9
720 952
734 522
13 955
772 549
718 95
293 113
717 28
492 18
410 327
818 685
288 464
584 848
241 885
271 24
619 15
400 535
319 81
439 13
422 563
909 984
920 252
978 191
78 220
952 938
952 446
770 184
536 331
643 595
323 60
39 852
401 409
142 934
538 557
757 657
997 27
762 603
323 777
635 923
243 367
114 148
125 878
753 310
299 736
822 393
814 69
556 826
400 368
362 579
101 368
410 523
910 585
468 253
768 180
846 477
555 453
472 423
535 367
404 755
145 414
345 264
221 580
468 811
849 231
133 891
595 200
879 867
418 344
539 478
362 345
60 41
972 455
527 51
331 899
221 226
377 212
493 543
550 34
723 659
296 87
863 542
241 690
882 949
749 938
265 394
139 738
666 718
192 470
861 987
785 437
426 385
800 257
58 672
295 317
926 389
321 248
558 491
575 798
622 429
833 360
628 883
811 366
504 345
223 314
111 376
640 857
311 173
296 956
103 336
767 420
246 639
386 9
893 208
620 699
680 623
951 804
364 931
545 470
866 936
460 31
133 826
124 651
824 652
802 128
145 559
53 123
478 166
911 958
139 100
92 633
218 267
342 769
819 895
405 494
505 38
217 399
632 344
41 791
113 80
859 885
963 502
751 659
381 860
528 212
258 23
59 878
832 103
205 944
975 793
238 319
229 29
961 560
642 725
888 886
927 466
433 256
68 742
737 477
589 486
631 150
724 573
488 796
83 114
426 356
893 116
486 473
103 465
20 477
526 397
241 355
88 903
77 688
999 470
691 18
65 532
740 867
875 194
303 963
588 880
69 315
627 937
427 355
269 490
21 921
678 761
731 32
175 18
947 830
261 299
331 841
576 62
798 670
406 840
970 456
957 655
551 28
427 54
684 303
1 474
593 954
720 252
903 967
975 208
495 478
350 727
225 867
722 206
228 174
890 136
877 408
379 770
709 227
380 41
312 361
744 377
609 217
227 252
401 780
103 208
681 424
222 618
857 297
623 45
414 824
480 519
289 372
391 648
929 254
606 145
462 275
538 157
861 392
451 32
602 30
314 981
524 928
582 440
153 137
122 657
795 272
525 233
755 91
237 698
267 488
167 745
123 162
998 312
733 800
695 685
558 264
778 976
803 629
7 243
554 189
32 360
530 313
746 604
325 295
569 506
427 797
342 955
696 984
301 128
23 161
117 765
161 785
106 402
158 879
507 154
948 322
239 554
144 382
495 91
21 693
412 107
635 626
387 16
256 755
401 52
649 529
609 184
492 726
799 719
764 576
451 739
919 206
267 965
654 507
675 683
851 553
740 467
981 330
410 345
836 199
345 255
130 445
90 852
239 781
748 825
556 523
768 15
974 162
731 873
489 952
238 562
559 376
252 555
210 402
295 880
314 854
654 108
676 738
794 573
396 821
916 838
898 767
698 464
670 806
921 201
114 994
836 539
677 497
429 824
440 364
145 560
18 539
426 396
948 354
876 586
127 535
518 206
915 483
459 576
506 384
493 198
5 360
988 950
421 653
773 975
680 234
407 138
467 61
21 8
207 333
60 362
735 462
654 647
79 687
614 50
595 679
971 486
149 634
389 940
358 107
698 915
510 270
39 593
997 858
513 791
494 112
624 249
109 583
948 359
111 306
486 154
818 750
29 904
559 967
297 70
582 803
22 327
84 762
856 604
989 505
678 45
375 16
762 637
956 939
513 766
653 250
735 837
384 481
270 233
556 172
705 772
569 527
412 240
424 275
457 320
656 388
770 526
197 340
550 75
27 469
910 319
478 810
571 556
715 422
875 822
506 457
757 265
308 706
419 903
204 718
669 49
208 292
437 101
71 23
253 664
882 103
844 117
733 887
820 722
923 673
693 578
871 717
75 25
343 812
85 753
471 775
281 68
857 251
442 629
744 701
395 543
893 672
851 608
887 555
23 26
379 534
38 947
784 518
333 86
497 292
859 241
625 176
105 665
240 43
884 160
180 45
403 807
905 952
157 351
819 891
943 12
191 688
539 960
619 923
971 942
975 995
590 972
804 683
103 896
587 686
346 397
762 324
679 83
953 533
209 894
27 823
951 169
44 663
450 403
983 249
271 988
103 643
407 729
864 475
105 721
658 880
249 500
698 146
299 942
966 519
170 757
128 680
78 5
136 856
979 233
9 350
250 520
891 375
397 696
785 314
182 899
150 642
245 368
770 58
177 752
322 266
491 885
849 681
248 376
917 693
967 248
400 914
556 88
332 415
282 300
659 702
314 923
934 74
534 727
654 493
501 488
701 222
637 590
514 883
381 494
356 484
520 87
360 80
358 647
202 281
440 198
655 212
766 51
603 519
471 327
947 121
262 368
267 870
963 792
283 486
468 310
961 925
386 417
528 610
432 852
780 856
225 36
599 513
531 670
593 275
70 47
442 217
994 739
882 770
293 615
680 892
311 550
844 284
440 823
882 647
631 899
167 201
9 936
794 969
816 182
924 206
700 717
559 736
76 541
826 718
499 34
408 680
62 190
783 851
734 906
164 129
185 489
220 93
16 849
46 706
7 857
136 569
475 839
799 732
856 199
290 303
886 816
929 462
445 643
632 846
971 436
524 734
385 936
849 474
285 5
150 948
189 646
402 630
319 750
956 567
886 147
336 977
524 106
954 714
327 234
453 978
231 539
517 374
945 528
126 697
39 286
921 42
320 455
990 954
416 861
635 412
571 298
920 882
922 878
365 111
79 651
665 91
638 842
791 863
881 191
691 889
599 359
152 319
892 461
110 959
520 965
597 566
373 580
808 721
779 891
590 714
386 751
363 904
555 895
369 338
713 348
701 773
674 20
328 337
619 165
654 801
190 781
335 170
609 689
237 820
549 96
375 649
809 892
607 247
804 4
342 126
25 925
498 477
14 557
307 925
417 638
319 388
698 183
171 15
163 454
297 687
23 713
855 605
893 849
283 86
700 89
434 3
778 410
908 107
460 803
677 191
98 232
833 712
927 716
711 829
436 45
757 548
316 994
478 919
868 718
814 433
107 186
71 753
673 487
234 523
769 268
352 471
211 568
442 501
923 785
832 752
248 863
699 677
371 930
759 379
180 147
353 579
941 467
202 624
437 802
123 30
48 779
718 159
503 216
883 787
266 753
871 950
248 213
992 972
31 53
296 877
205 547
206 796
845 660
161 130
942 43
509 608
95 739
705 746
26 655
631 105
525 580
180 719
73 602
306 38
461 380
338 783
963 463
210 143
95 663
331 651
666 588
445 280
160 266
60 68
214 939
13 876
906 521
684 962
799 950
511 619
390 256
575 682
733 314
313 811
403 94
924 210
579 418
31 571
473 992
393 187
137 775
983 712
737 891
365 282
903 676
181 456
734 9
55 22
679 721
291 884
466 238
871 892
261 803
184 114
85 760
785 353
516 987
265 352
187 618
375 743
961 579
978 868
326 24
44 151
106 18
363 125
169 877
888 176
479 200
870 789
849 811
193 501
210 489
392 240
422 960
153 161
545 853
159 242
832 889
9 850
957 61
588 631
929 328
110 891
245 841
49 146
388 202
266 280
185 846
394 646
912 514
159 406
283 937
441 214
121 961
632 139
540 453
924 178
333 280
330 61
50 432
100 105
78 919
844 353
931 83
337 216
769 856
773 700
165 90
73 743
754 657
470 758
651 866
550 406
298 249
731 268
79 243
884 188
995 535
108 737
903 741
169 798
758 891
706 952
657 705
994 270
47 685
164 154
278 957
61 294
449 754
367 400
695 690
720 201
292 354
570 711
705 742
300 24
359 146
582 585
45 210
15 596
891 487
590 46
644 167
392 153
363 629
533 78
79 972
975 227
741 271
653 679
865 385
774 959
748 972
656 672
446 385
314 461
153 918
337 562
155 473
175 957
336 731
90 197
559 867
796 262
396 73
828 348
670 301
232 73
751 0
459 469
68 762
262 725
898 439
224 822
624 561
59 748
332 332
607 352
124 275
971 955
260 979
57 468
329 235
123 281
293 4
786 973
822 919
476 15
782 26
320 674
155 88
575 829
964 845
414 540
162 214
858 781
486 922
534 610
139 462
397 164
583 774
727 714
408 234
368 850
805 650
428 825
682 192
9 234
873 532
556 243
517 776
72 913
404 535
386 862
512 22
137 153
279 695
174 710
127 567
384 944
200 949
462 547
192 746
411 332
254 621
423 522
346 353
951 462
615 358
84 313
41 50
868 26
648 214
633 77
189 454
263 740
23 441
505 908
1 810
36 665
89 857
469 66
594 929
884 61
162 259
96 159
892 302
547 984
888 355
818 784
422 406
320 537
93 514
419 537
289 838
552 682
314 787
221 24
386 214
279 461
828 186
861 500
624 736
244 329
60 746
970 218
651 101
468 791
399 513
340 98
183 560
783 38
252 362
702 207
299 79
777 144
334 164
598 926
284 320
384 97
382 245
414 122
138 754
11 124
569 990
565 467
362 903
237 433
5 155
202 825
505 991
682 716
802 355
30 598
941 471
962 752
758 98
338 609
158 299
763 193
189 334
851 661
283 794
871 530
127 172
601 226
352 310
777 371
621 153
240 111
569 419
331 918
547 902
809 879
144 323
672 632
596 601
392 629
405 250
290 961
269 895
532 344
443 781
897 872
341 246
871 164
912 963
1000 616
111 702
364 880
7 796
667 829
51 589
274 403
156 98
19 712
902 660
928 323
33 284
219 306
890 140
547 519
964 857
304 302
267 882
611 516
665 577
765 757
380 372
410 752
843 831
370 364
865 961
717 411
162 751
576 791
305 467
603 338
763 980
361 641
297 128
186 763
165 801
608 963
726 785
308 449
396 495
480 216
125 821
92 247
577 276
527 134
87 624
99 614
278 866
124 210
614 712
888 321
723 304
514 140
676 743
744 241
278 482
966 24
197 468
877 652
145 447
372 724
901 666
792 340
32 646
882 236
11 378
969 428
698 866
16 794
588 806
280 594
578 103
477 539
469 155
196 36
129 898
531 825
223 97
136 688
609 288
632 654
949 263
901 644
284 917
693 749
226 572
862 267
385 271
797 29
94 566
701 583
928 518
776 945
217 817
906 298
867 243
265 203
415 445
602 596
813 679
674 545
300 942
663 282
447 788
747 813
5 326
451 186
924 603
722 651
564 725
31 829
788 614
73 638
832 210
349 586
192 932
964 215
290 666
682 748
453 904
265 550
363 280
720 596
438 748
905 279
638 487
712 289
543 770
656 301
202 678
944 274
156 201
204 124
794 47
176 598
617 679
826 47
274 563
991 876
57 518
576 392
795 470
531 536
792 345
171 101
842 364
505 481
972 651
906 309
813 706
95 583
357 117
11 828
694 122
924 798
465 37
399 164
634 602
548 205
479 529
160 612
246 650
963 652
272 416
347 296
148 94
683 58
204 455
19 274
747 888
275 944
325 457
187 86
508 369
498 478
767 598
907 790
634 974
357 794
233 273
788 515
256 34
900 333
936 769
477 205
504 844
370 400
497 618
140 95
332 767
384 500
768 267
194 178
319 986
588 208
82 923
914 338
316 15
562 860
140 576
482 111
957 976
566 415
270 271
165 453
28 259
526 582
704 224
150 418
98 263
752 905
108 161
910 469
458 477
50 209
923 670
848 294
722 809
261 633
448 968
2 982
897 913
341 621
365 940
779 812
375 132
848 399
418 952
809 185
539 966
76 788
362 839
695 630
117 221
85 179
202 5
658 675
636 201
363 186
653 185
148 468
716 375
913 321
600 245
846 639
570 801
863 953
428 373
788 495
460 75
485 632
100 614
613 73
701 301
467 134
496 747
500 83
59 864
543 27
165 765
922 265
642 934
940 967
283 79
78 18
993 478
854 300
66 467
799 42
851 117
114 817
373 759
832 451
197 534
52 481
430 299
251 309
644 694
540 974
934 766
849 780
724 780
651 356
712 130
280 856
128 581
83 245
868 706
446 661
728 228
317 38
593 693
771 535
445 157
950 817
510 353
178 342
996 564
486 463
463 602
896 988
405 146
19 950
802 315
346 501
285 896
115 395
714 981
475 776
986 658
941 840
371 253
805 425
644 326
428 198
39 153
914 89
731 218
182 715
945 172
196 63
405 114
59 59
120 811
697 5
76 497
103 94
515 267
371 713
891 462
491 804
578 173
994 429
883 891
118 27
645 998
771 384
726 603
924 823
174 176
773 87
641 295
64 367
194 834
114 221
665 248
612 467
644 222
458 838
732 662
513 282
380 309
493 385
301 475
191 824
856 799
793 549
702 100
137 811
610 308
979 928
154 481
702 17
51 972
670 635
730 8
438 601
863 80
978 100
919 980
320 270
699 177
956 575
930 171
206 271
661 682
338 863
380 842
1000 225
70 613
649 19
947 911
921 432
28 402
52 23
115 234
774 477
464 789
380 592
600 19
822 279
450 60
747 731
490 625
897 813
598 960
731 172
787 583
321 453
898 209
91 221
70 762
455 316
182 965
146 384
573 804
221 879
210 87
2 485
383 942
780 984
259 772
502 502
19 46
640 152
177 578
593 625
487 527
639 595
39 384
391 670
791 372
588 209
300 763
541 110
287 307
685 848
859 900
50 634
179 689
444 176
329 465
946 995
436 474
116 419
575 948
821 769
928 23
974 140
337 653
555 252
710 911
677 7
206 501
292 913
173 852
187 763
234 309
433 717
581 303
44 83
32 296
923 747
592 688
0 669
573 847
351 426
246 629
353 78
374 895
851 267
593 508
394 279
810 124
415 958
609 622
476 451
750 554
645 990
74 588
987 501
500 117
232 301
884 36
270 359
286 981
900 487
112 851
12 462
175 847
148 967
423 86
990 328
147 595
305 554
301 54
175 453
823 364
792 463
499 151
416 496
921 189
380 293
937 177
720 68
638 558
416 840
974 144
551 280
449 169
122 35
84 108
892 63
412 476
75 599
732 754
237 971
508 266
618 509
913 367
182 610
974 764
383 497
618 171
577 301
341 299
108 736
757 518
745 171
942 320
662 279
149 613
959 522
328 765
937 580
203 387
715 314
359 974
798 393
537 388
391 609
44 163
38 268
379 95
29 214
333 534
138 128
830 972
701 350
568 924
419 263
442 976
550 195
257 539
111 162
575 543
509 731
463 498
901 880
151 578
267 313
339 893
346 578
943 65
966 447
6 478
863 893
22 882
76 522
394 656
195 984
997 485
36 193
385 883
704 464
335 760
712 294
619 283
666 487
165 888
792 912
655 553
712 93
912 328
301 935
668 691
430 410
823 238
732 321
737 324
390 170
395 542
474 729
373 338
203 297
997 939
277 251
644 101
175 539
671 810
967 255
481 872
665 715
287 133
935 191
489 982
850 155
219 477
24 362
590 510
848 6
32 722
31 944
3 161
607 643
93 175
626 452
414 32
890 901
9 332
7 250
190 690
568 938
171 74
824 944
740 657
841 33
446 577
265 912
413 830
851 689
909 891
545 59
270 55
990 886
295 51
685 290
229 123
699 919
500 804
86 900
455 796
374 835
686 577
192 919
655 145
728 35
573 1000
418 926
752 715
465 756
283 535
82 336
960 761
928 142
833 941
29 461
394 455
968 885
897 151
30 1000
189 321
733 283
260 478
285 874
152 464
129 992
840 913
563 373
899 981
101 696
484 39
308 946
652 633
691 519
280 407
942 606
639 15
363 345
354 974
179 184
209 508
631 283
288 179
611 928
714 357
486 66
162 252
21 604
254 164
150 488
873 861
885 556
856 630
763 38
410 371
965 469
952 233
211 563
458 930
343 662
170 819
226 240
465 423
911 181
949 520
802 969
479 448
973 535
726 24
922 86
897 885
18 999
799 956
544 818
462 663
541 232
736 78
384 408
764 883
987 283
258 604
318 159
536 903
478 53
112 548
763 639
661 402
969 480
906 663
163 213
392 874
801 538
154 511
619 515
6 141
11 288
146 71
401 67
233 907
350 105
898 923
923 267
257 851
462 873
364 9
94 410
371 56
229 97
229 408
340 871
684 197
560 41
245 635
748 629
356 467
702 120
357 14
989 745
67 787
427 751
674 879
131 962
848 148
664 742
157 536
542 232
863 931
501 823
377 185
123 524
587 519
173 930
573 645
242 316
43 37
91 842
192 401
985 311
488 776
234 369
230 365
954 404
350 462
119 845
726 279
554 689
889 74
763 529
56 499
940 336
406 755
207 945
111 849
483 715
283 740
742 785
354 77
170 128
216 224
561 641
73 953
791 458
109 659
8 209
844 216
559 589
869 311
932 971
490 160
426 463
9 845
944 493
15 568
938 917
328 862
357 805
93 732
975 390
790 668
326 301
638 59
8 73
253 311
683 968
555 888
407 190
41 631
988 188
671 362
761 220
435 158
939 116
267 731
611 611
700 578
61 500
63 42
344 222
683 505
489 398
180 567
666 424
793 880
156 960
979 10
805 544
691 393
168 909
755 174
201 952
391 896
742 630
56 76
319 828
597 473
622 495
160 825
935 535
560 57
922 708
299 553
599 220
340 27
108 87
967 706
68 903
610 33
486 14
615 428
717 603
795 739
66 300
269 130
346 527
127 657
145 174
164 661
508 955
149 815
256 20
737 950
414 744
978 448
972 583
364 891
45 757
81 444
64 798
446 695
493 207
536 963
494 296
316 252
831 611
559 829
889 73
80 87
765 390
689 317
79 603
296 916
653 115
293 801
223 419
550 513
949 450
56 803
